video_frame,carla_frame,time_seconds,source_sun_altitude_deg,night_strength,sensor_noise_strength,grading_seed,ego_speed_mps,ego_yaw,forward_motorcycle_visible,forward_motorcycle_x1,forward_motorcycle_y1,forward_motorcycle_x2,forward_motorcycle_y2,forward_motorcycle_u,forward_motorcycle_v,forward_motorcycle_depth_m,forward_motorcycle_bbox_width_px,forward_motorcycle_bbox_height_px,forward_motorcycle_bbox_area_px2,forward_motorcycle_bbox_inside_fraction,forward_motorcycle_edge_touching,forward_motorcycle_label_eligible,forward_motorcycle_ignore_for_detection,forward_motorcycle_label_reason,forward_motorcycle_encounter,forward_motorcycle_speed_mps,forward_motorcycle_yaw,forward_car_visible,forward_car_x1,forward_car_y1,forward_car_x2,forward_car_y2,forward_car_u,forward_car_v,forward_car_depth_m,forward_car_bbox_width_px,forward_car_bbox_height_px,forward_car_bbox_area_px2,forward_car_bbox_inside_fraction,forward_car_edge_touching,forward_car_label_eligible,forward_car_ignore_for_detection,forward_car_label_reason,forward_car_encounter,forward_car_speed_mps,forward_car_yaw,oncoming_bus_visible,oncoming_bus_x1,oncoming_bus_y1,oncoming_bus_x2,oncoming_bus_y2,oncoming_bus_u,oncoming_bus_v,oncoming_bus_depth_m,oncoming_bus_bbox_width_px,oncoming_bus_bbox_height_px,oncoming_bus_bbox_area_px2,oncoming_bus_bbox_inside_fraction,oncoming_bus_edge_touching,oncoming_bus_label_eligible,oncoming_bus_ignore_for_detection,oncoming_bus_label_reason,oncoming_bus_encounter,oncoming_bus_speed_mps,oncoming_bus_yaw,oncoming_truck_visible,oncoming_truck_x1,oncoming_truck_y1,oncoming_truck_x2,oncoming_truck_y2,oncoming_truck_u,oncoming_truck_v,oncoming_truck_depth_m,oncoming_truck_bbox_width_px,oncoming_truck_bbox_height_px,oncoming_truck_bbox_area_px2,oncoming_truck_bbox_inside_fraction,oncoming_truck_edge_touching,oncoming_truck_label_eligible,oncoming_truck_ignore_for_detection,oncoming_truck_label_reason,oncoming_truck_encounter,oncoming_truck_speed_mps,oncoming_truck_yaw,person_1_visible,person_1_x1,person_1_y1,person_1_x2,person_1_y2,person_1_u,person_1_v,person_1_depth_m,person_1_bbox_width_px,person_1_bbox_height_px,person_1_bbox_area_px2,person_1_bbox_inside_fraction,person_1_edge_touching,person_1_label_eligible,person_1_ignore_for_detection,person_1_label_reason,person_1_encounter,person_1_speed_mps,person_1_yaw,person_2_visible,person_2_x1,person_2_y1,person_2_x2,person_2_y2,person_2_u,person_2_v,person_2_depth_m,person_2_bbox_width_px,person_2_bbox_height_px,person_2_bbox_area_px2,person_2_bbox_inside_fraction,person_2_edge_touching,person_2_label_eligible,person_2_ignore_for_detection,person_2_label_reason,person_2_encounter,person_2_speed_mps,person_2_yaw,controlled_visible_count,controlled_label_eligible_count,controlled_ignored_count,source_luma_mean,source_luma_p01,source_luma_p50,source_luma_p99,source_shadow_fraction,source_highlight_fraction,source_sharpness_laplacian,night_luma_mean,night_luma_p01,night_luma_p50,night_luma_p99,night_shadow_fraction,night_highlight_fraction,night_sharpness_laplacian
1,70743,0.0,38.0,1.0,0.35,9007,4.566374195868681,0.07702645659446716,1,312.00329683134794,183.50185114863078,327.94562147284057,214.36152271391492,319.97445915209425,198.93168693127285,17.01889170049353,15.942324641492633,30.859671565284145,491.97490242359896,1.0,0,1,0,eligible,1,0.0019804196530428027,0.07327783852815628,1,304.7683165124903,183.41530485975434,330.84485357153545,198.0122677942695,317.8065850420129,190.71378632701192,33.52161348359295,26.076537059045165,14.596962934515147,380.6382449113929,1.0,0,1,0,eligible,1,1.7794047004178382,-10.926254272460938,1,287.8581909151824,165.1137164606226,312.8981989142379,190.64353076362394,300.37819491471015,177.87862361212328,58.4569051457773,25.040007999055547,25.52981430300133,639.2667543615561,1.0,0,0,1,depth_outside_policy,0,0.1423600159918765,-179.92672729492188,1,298.91498169378855,176.992171523294,311.0386938148688,187.788955130376,304.9768377543287,182.39056332683498,75.73477178294341,12.123712121080246,10.796783607082006,130.8970962858606,1.0,0,0,1,depth_outside_policy,0,1.1181260761854452,-179.96180725097656,1,142.18792068447786,175.39306793603532,151.02149221830794,203.9671931889794,146.6047064513929,189.68013056250737,21.01862485085803,8.833571533830082,28.57412525294407,252.41157943850203,1.0,0,1,0,eligible,1,0.0,-89.92671966552734,1,379.7510194338571,182.25148708445835,383.2450063815161,192.45635588420177,381.4980129076866,187.35392148433004,41.01945577896185,3.493986947658982,10.204868799743423,35.6556783888759,1.0,0,0,1,bbox_too_narrow|bbox_area_too_small,0,0.0,90.0732650756836,6,3,3,101.52240451388889,12.0,97.0,201.0,0.02328125,9.98263888888889e-05,11677.0224609375,35.91200954861111,2.0,33.0,82.0,0.12956597222222221,6.076388888888889e-05,2060.05029296875
2,70745,0.10000000149011612,38.0,1.0,0.35,9007,4.693142388120952,0.07701477408409119,1,311.88512669882397,183.4970774642293,328.06287614788386,214.81745529396298,319.9740014233539,199.15726637909614,16.78600910661741,16.17774944905989,31.320377829733673,506.6932251793215,1.0,0,1,0,eligible,1,0.0014382080202706043,0.07327783852815628,1,303.79200036086286,183.38060227380524,330.84020581224166,198.06582973247995,317.3161030865523,190.7232160031426,33.36697935868979,27.048205451378806,14.685227458674717,397.2090494024632,1.0,0,1,0,eligible,1,2.0627953408509816,-12.377888679504395,1,287.71472620711205,165.0407427849274,312.8724825535085,190.68513237824547,300.2936043803103,177.86293758158644,58.223837732815156,25.157756346396468,25.644389593318067,645.1553050407612,1.0,0,0,1,depth_outside_policy,0,0.12632910366232142,-179.92672729492188,1,298.832539781464,176.95708037442816,311.00146787285973,187.79693495436914,304.91700382716186,182.37700766439866,75.44419293008424,12.168928091395742,10.839854579940976,131.90941090448854,1.0,0,0,1,depth_outside_policy,0,1.2015942588364636,-179.97706604003906,1,140.17814366283307,175.29002518164248,149.1439233985715,204.18716055826005,144.6610335307023,189.73859286995128,20.785701933734508,8.965779735738437,28.89713537661757,259.0853507805681,1.0,0,1,0,eligible,1,0.0,-89.92671966552734,1,380.0907571850822,182.21700635285052,383.60767357269947,192.4804666414198,381.84921537889085,187.34873649713518,40.78657065433556,3.5169163876172433,10.263460288569291,36.09573168252814,1.0,0,0,1,bbox_too_narrow|bbox_area_too_small,0,0.0,90.0732650756836,6,3,3,101.54917534722222,12.0,97.0,201.0,0.02324652777777778,0.00010850694444444444,11530.384765625,35.91688368055556,2.0,33.0,82.0,0.12735243055555556,6.076388888888889e-05,2037.1866455078125
3,70747,0.20000000298023224,38.0,1.0,0.35,9007,4.440732201762355,0.0770239606499672,1,311.5146855688151,183.3295799860944,328.430498160949,216.09309844335388,319.972591864882,199.71133921472415,16.09758478412206,16.915812592133932,32.763518457259494,554.2215380819226,1.0,0,1,0,eligible,1,6.147398236892454e-05,0.07327783852815628,1,300.39337474444864,183.1256421814341,330.5424155904307,198.04202503587013,315.4678951674397,190.58383360865213,32.957647689251715,30.149040845982086,14.916382854436023,449.71463595269853,1.0,0,1,0,eligible,1,2.855197939070169,-17.277690887451172,1,287.2864186146891,164.63612721922883,312.7945626417924,190.62061813481262,300.0404906282408,177.6283726770207,57.5342585903904,25.5081440271033,25.98449091558379,662.8161367456686,1.0,0,0,1,depth_outside_policy,0,0.05173032491361173,-179.92672729492188,1,298.57460474325626,176.68340067661427,310.88651437930497,187.65820372113387,304.73055956128064,182.17080219887407,74.55071955112713,12.31190963604871,10.974803044519604,135.12078335755763,1.0,0,0,1,depth_outside_policy,0,1.5244965517443823,179.9818878173828,1,133.96458043416231,174.82152775050398,143.33618651252024,204.71752661230803,138.65038347334126,189.769527181406,20.09699147868079,9.371606078357928,29.89599886180406,280.1735246518646,1.0,0,1,0,eligible,1,0.0,-89.92671966552734,1,381.1183695949287,181.96479357952146,384.7039007785992,192.4053138124,382.91113518676394,187.18505369596073,40.09811961937075,3.5855311836704686,10.440520232878555,37.43481086872852,1.0,0,0,1,bbox_too_narrow|bbox_area_too_small,0,0.0,90.0732650756836,6,3,3,100.6866015625,12.0,97.0,200.0,0.02470920138888889,8.680555555555556e-05,11812.9033203125,35.57580729166666,2.0,33.0,81.0,0.12975260416666667,6.076388888888889e-05,2074.80419921875
4,70749,0.30000000447034836,38.0,1.0,0.35,9007,4.364924084342929,0.07702937722206116,1,311.38924471511194,183.29630554733603,328.55505541939647,216.54901668776878,319.97215006725423,199.92266111755242,15.877864492171835,17.165810704284524,33.25271114043275,570.8097448409218,1.0,0,1,0,eligible,1,7.546442405876209e-05,0.07327783852815628,1,299.02694232614704,183.06021569758616,330.27563938282714,198.03718744989274,314.6512908544871,190.54870157373944,32.8550624351168,31.2486970566801,14.976971752306582,468.0108531142837,1.0,0,1,0,eligible,1,3.0781489405091067,-19.1619873046875,1,287.14866625687995,164.51069288472658,312.76912245133974,190.60420796275574,299.9588943541098,177.55745042374116,57.31424592861955,25.62045619445979,26.093515078029156,668.5277600161221,1.0,0,0,1,depth_outside_policy,0,0.02704095396578586,-179.92672729492188,1,298.48593429846426,176.6040486359215,310.8481010234193,187.62505414796297,304.6670176609418,182.11455139194223,74.24975856636627,12.362166724955046,11.021005512041484,136.24350761650538,1.0,0,0,1,depth_outside_policy,0,1.7030070271503652,179.97152709960938,1,131.88972899683017,174.68794991414532,141.39917925663883,204.91747864847795,136.6444541267345,189.80271428131164,19.877197461434648,9.50945025980866,30.229528734332632,287.4661998765928,1.0,0,1,0,eligible,1,0.0,-89.92671966552734,1,381.4537372112284,181.90276613917158,385.06184181786193,192.40110990915957,383.25778951454515,187.1519380241656,39.87838986642853,3.6081046066335603,10.498343769987997,37.87912251851643,1.0,0,0,1,bbox_too_narrow|bbox_area_too_small,0,0.0,90.0732650756836,6,3,3,100.77215711805556,12.0,97.0,200.0,0.024318576388888888,9.114583333333334e-05,12066.962890625,35.613567708333335,2.0,33.0,82.0,0.12970052083333333,6.076388888888889e-05,2113.79248046875
5,70751,0.4000000059604645,38.0,1.0,0.35,9007,4.298497747485496,0.07703515887260437,1,310.99827232545744,183.33877118057327,328.9431107646408,218.11800603785323,319.97069154504914,200.72838860921325,15.232777647479415,17.944838439183343,34.77923485727996,624.1077505523026,1.0,0,1,0,eligible,1,4.565264325316858e-05,0.07327783852815628,1,294.49267695745027,182.99447145922602,328.7390745383949,198.10637001884584,311.6158757479226,190.55042073903593,32.61790160157629,34.24639758094463,15.111898559619817,517.5280862756448,1.0,0,1,0,eligible,1,3.8043821619914544,-24.74955177307129,1,286.74061845040524,164.23302961643247,312.69292876610984,190.64914983975075,299.71677360825754,177.4410897280916,56.66881271478708,25.952310315704608,26.416120223318273,685.559349372516,1.0,0,0,1,depth_outside_policy,0,0.02428666598364355,-179.92672729492188,1,298.19648093520453,176.46501162842205,310.7413150750591,187.63207641971553,304.4688980051318,182.0485440240688,73.3089181049942,12.544834139854572,11.167064791293484,140.08897563578648,1.0,0,0,1,depth_outside_policy,0,2.2333631739543773,179.99395751953125,1,125.51917902052496,174.42062717581302,135.46331743063502,205.67401486865424,130.49124822558,190.04732102223363,19.23202611462329,9.944138410110057,31.253387692841216,310.7880130024433,1.0,0,1,0,eligible,1,0.0,-89.92671966552734,1,382.4595308401838,181.85046705894544,386.1364157514696,192.52246696139957,384.2979732958267,187.18646701017252,39.23329151914113,3.6768849112858106,10.671999902454132,39.23971541457724,1.0,0,0,1,bbox_too_narrow|bbox_area_too_small,0,0.0,90.0732650756836,6,3,3,100.70529513888889,12.0,97.0,200.0,0.025013020833333333,8.680555555555556e-05,12003.2802734375,35.6093359375,2.0,33.0,82.0,0.13201388888888888,6.076388888888889e-05,2103.811279296875
6,70753,0.5000000074505806,38.0,1.0,0.35,9007,4.34591543076273,0.07703325897455215,1,310.8591519476298,183.3923200301207,329.0813274135052,218.71579080444042,319.9702396805675,201.05405541728055,15.016490317130087,18.22217546587541,35.32347077431973,643.670482513376,1.0,0,1,0,eligible,1,3.26252009793864e-05,0.07327783852815628,1,292.79820706077106,183.0066704827319,327.9867779345288,198.15200698627402,310.3924924976499,190.57933873450295,32.55885862169066,35.188570873757726,15.145336503542126,532.9427469618021,1.0,0,1,0,eligible,1,4.239296188300625,-26.668315887451172,1,286.60212189115845,164.16652258332562,312.66700030018546,190.69213530087484,299.634561095672,177.42932894210023,56.4525630886126,26.064878409027017,26.525612717549222,691.3868702078612,1.0,0,0,1,depth_outside_policy,0,0.03224382206434232,-179.92672729492188,1,298.0922839190864,176.44679849360483,310.7038647107165,187.6664659415143,304.39807431490146,182.05663221755958,72.97773990770693,12.611580791630104,11.219667447909472,141.49774247453266,1.0,0,0,1,depth_outside_policy,0,2.3520731748797106,-179.9951934814453,1,123.2849469428271,174.36494511966455,133.38521310979402,205.97736590744327,128.33508002631055,190.1711555135539,19.015747837264563,10.100266166966918,31.612420787778717,319.29386413872305,1.0,0,1,0,eligible,1,0.0,-89.92671966552734,1,382.80410842929984,181.8688139834504,386.5048329108778,192.60036572219096,384.6544706700888,187.23458985282068,39.01700569446793,3.700724481577936,10.731551738740563,39.714516244877466,1.0,0,0,1,bbox_too_narrow|bbox_area_too_small,0,0.0,90.0732650756836,6,3,3,100.78088975694445,12.0,98.0,200.0,0.025611979166666667,0.00010850694444444444,12107.8154296875,35.681328125,2.0,33.0,82.0,0.13220052083333333,6.076388888888889e-05,2128.1201171875
7,70755,0.6000000089406967,38.0,1.0,0.35,9007,4.398480373800978,0.07493537664413452,1,310.42218445576566,183.55381083939403,329.54492954804715,220.64544731960584,319.98355700190643,202.09962907949995,14.35745166558823,19.12274509228149,37.091636480211804,709.2939094666594,1.0,0,1,0,eligible,1,0.0,0.07327783852815628,1,287.31704298446,183.03374249420378,324.9023543674674,198.24319133118325,306.1096986759637,190.6384669126935,32.422548408237375,37.58531138300742,15.209448836979476,571.6518705017937,1.0,0,1,0,eligible,1,4.904816091777001,-32.06461715698242,1,286.18491179166847,163.94559371611678,312.5991928232181,190.81100770165247,299.3920523074433,177.37830070888464,55.79370784239186,26.41428103154965,26.865413985535696,709.6305950428642,1.0,0,0,1,depth_outside_policy,0,0.033240093213801114,-179.92672729492188,1,297.7737573462205,176.38511502639247,310.59050826021917,187.77351380598546,304.1821328032198,182.07931441618896,71.93610405486686,12.816750913998646,11.38839877959299,145.96227046732952,1.0,0,0,1,depth_outside_policy,0,2.722900132197578,-179.98045349121094,1,116.16796145615676,174.1766809168661,126.77204861795109,206.9350281392103,121.47000503705392,190.5558545280382,18.357141987476922,10.604087161794325,32.758347222344185,347.37236922206074,1.0,0,1,0,eligible,1,0.0,-89.92671966552734,1,383.89109904000753,181.91637637059887,387.6664523789871,192.83362601629003,385.7787757094973,187.37500119344446,38.357681175616946,3.775353338979585,10.917249645691157,41.2164749023338,1.0,0,0,1,bbox_too_narrow|bbox_area_too_small,0,0.0,90.0732650756836,6,3,3,100.98035590277777,12.0,98.0,200.0,0.02568576388888889,0.0001171875,12040.427734375,35.73961371527778,2.0,33.0,82.0,0.13305989583333333,6.076388888888889e-05,2117.064208984375
8,70757,0.7000000104308128,38.0,1.0,0.35,9007,4.373375344548533,0.07495556771755219,1,310.26178482563694,183.594337466187,329.70411110883316,221.31365610928978,319.9829479672351,202.4539967877384,14.138235349498027,19.442326283196223,37.71931864310278,733.3513002390505,1.0,0,1,0,eligible,1,5.245362585038858e-07,0.07327783852815628,1,285.3377124136606,183.0270990429766,323.580575630173,198.244996594263,304.4591440219168,190.6360478186198,32.393292614800984,38.242863216512376,15.217897551286399,581.9759744967444,1.0,0,1,0,eligible,1,5.182571510040374,-33.72877502441406,1,286.0378067705448,163.8556906136625,312.57300947172473,190.8384745427814,299.30540812113475,177.34708257822194,55.57444916208001,26.535202701179912,26.98278392911891,715.99364100131,1.0,0,0,1,depth_outside_policy,0,0.028453702016284926,-179.92672729492188,1,297.65688304581107,176.35179528054826,310.5467621767343,187.79963353522004,304.1018226112727,182.07571440788416,71.57679725091117,12.889879130923248,11.44783825467178,147.5612514130786,1.0,0,0,1,depth_outside_policy,0,2.8481249536418476,-179.97279357910156,1,113.6785503768989,174.09471872920787,124.45989560767288,207.25311881987554,119.06922299228589,190.6739187745417,18.13791145095641,10.78134523077398,33.15840009066767,357.49215867761535,1.0,0,1,0,eligible,1,0.0,-89.92671966552734,1,384.25638771025854,181.91713911870892,388.0570880233355,192.89754845152666,386.156737866797,187.4073437851178,38.1384660191863,3.800700313076959,10.980409332817743,41.73324518895356,1.0,0,0,1,bbox_too_narrow|bbox_area_too_small,0,0.0,90.0732650756836,6,3,3,101.6416189236111,10.0,99.0,201.0,0.025638020833333334,0.00015190972222222222,12080.20703125,35.987530381944445,2.0,34.0,83.0,0.13066840277777778,6.076388888888889e-05,2117.716064453125
9,70759,0.800000011920929,38.0,1.0,0.35,9007,4.3340443513930405,0.07496213167905807,1,309.7522377975715,183.73313915279633,330.21025877618604,223.4489240367251,319.9812482868788,203.5910315947607,13.487024121105662,20.458020978614513,39.71578488392876,812.5063603375557,1.0,0,1,0,eligible,1,9.831518412878591e-07,0.07327783852815628,1,279.4470042200697,183.03038099627332,319.4019459705465,198.23358860886117,299.4244750953081,190.63198480256725,32.299363197507276,39.95494175047679,15.203207612587846,607.4432745813527,1.0,0,1,0,eligible,1,4.41565017315189,-38.39575958251953,1,285.592935723409,163.60437345745086,312.4941081931361,190.9426317778425,299.04352195827255,177.27350261764667,54.9231565663941,26.9011724697271,27.338258320391645,735.4312020988076,1.0,0,0,1,depth_outside_policy,0,0.009696928194626232,-179.92672729492188,1,297.2911211980435,176.26970792249128,310.40461576036444,187.90451306788182,303.84786847920395,182.08711049518655,70.46686138734239,13.11349456232091,11.634805145390544,152.57295400774223,1.0,0,0,1,depth_outside_policy,0,3.235103338524198,-179.96572875976562,1,105.91103134103204,173.85031704082903,117.25412820234725,208.25691833494963,111.58257977168964,191.05361768788933,17.486676792408865,11.343096861315203,34.406601294120605,390.27741114786306,1.0,0,1,0,eligible,1,0.0,-89.92671966552734,1,385.36676622058786,181.92906081815633,389.2449846578379,193.10148411501382,387.30587543921285,187.5152724665851,37.48725136177868,3.878218437250041,11.172423296857488,43.329098018634596,1.0,0,0,1,bbox_too_narrow|bbox_area_too_small,0,0.0,90.0732650756836,6,3,3,102.13803385416666,12.0,99.0,201.0,0.02375434027777778,8.680555555555556e-05,11859.595703125,36.179127604166666,2.0,34.0,82.0,0.12871961805555557,6.076388888888889e-05,2094.266845703125
10,70761,0.9000000134110451,38.0,1.0,0.35,9007,4.350641159873233,0.07496152073144913,1,309.57013756008575,183.79421920763184,330.3908910466288,224.22376010260484,319.98051430335727,204.00898965511834,13.269859737029403,20.820753486543026,40.429540894973,841.773504548343,1.0,0,1,0,eligible,1,6.413975223149824e-07,0.07327783852815628,1,277.671055879768,183.04764117500113,318.1533453465902,198.2526494305111,297.9122006131791,190.65014530275613,32.24097844870517,40.48228946682218,15.205008255509966,615.5335455449754,1.0,0,1,0,eligible,1,4.3157911126278705,-39.80830001831055,1,285.4419987620326,163.5344529713205,312.46696138775974,190.9927563381101,298.9544800748962,177.2636046547153,54.70600885826616,27.02496262572714,27.458303366789607,742.0596222533669,1.0,0,0,1,depth_outside_policy,0,0.003987889350351307,-179.92672729492188,1,297.16140309550326,176.25485824413954,310.3552446185833,187.95586247950712,303.75832385704325,182.10536036182333,70.08358009592922,13.193841523080039,11.701004235367577,154.38119554232813,1.0,0,0,1,depth_outside_policy,0,3.3726535267959097,-179.96054077148438,1,103.18919317770614,173.77642760260832,114.73164922514262,208.62045229915103,108.96042120142438,191.19843995087967,17.269516621784785,11.542456047436474,34.844024696542704,402.1856235756352,1.0,0,1,0,eligible,1,0.0,-89.92671966552734,1,385.7456217598913,181.94433659542173,389.6503579253434,193.1823064654989,387.6979898426174,187.5633215304603,37.270087546501856,3.904736165452107,11.237969870077166,43.88130737795142,1.0,0,0,1,bbox_too_narrow|bbox_area_too_small,0,0.0,90.0732650756836,6,3,3,102.59515625,12.0,99.0,202.0,0.024401041666666668,6.944444444444444e-05,12017.0576171875,36.34762586805556,2.0,34.0,83.0,0.12883680555555554,6.076388888888889e-05,2118.65234375
11,70763,1.0000000149011612,38.0,1.0,0.35,9007,4.374510568831496,0.07274474203586578,1,308.9958030044616,183.9877189018664,330.99378255859216,226.7356409852422,319.9947927815269,205.3616799435543,12.61439688536414,21.997979554130552,42.74792208337581,940.367915971667,1.0,0,1,0,eligible,1,1.8454650919478696e-07,0.07327783852815628,1,272.4906977921899,183.07781923128775,313.9455023284874,198.36827178764665,293.21810006033866,190.7230455094672,32.04138570949781,41.4548045362975,15.2904525563589,633.8627219953887,1.0,0,1,0,eligible,1,4.292160536945154,-42.44392013549805,1,284.99218885378855,163.32501457044435,312.39647705371874,191.1510233352965,298.69433295375364,177.23801895287042,54.05071938118573,27.404288199930193,27.826008764852133,762.5519636457915,1.0,0,0,1,depth_outside_policy,0,0.0,-179.92672729492188,1,296.76310357010055,176.20967031406823,310.2087234571833,188.1211411811542,303.4859135136419,182.1654057476112,68.89062812103009,13.445619887082728,11.911470867085967,160.15710957489762,1.0,0,0,1,depth_outside_policy,0,3.7538158151035246,-179.95411682128906,1,94.55838938483572,173.53935338678505,106.74405724179998,209.77280428510468,100.65122331331784,191.65607883594487,16.61450458285617,12.185667856964258,36.23345089831963,441.52879795854625,1.0,0,1,0,eligible,1,0.0,-89.92671966552734,1,386.9304355685154,181.98943122613252,390.91758474217744,193.43008182635867,388.9240101553464,187.7097565262456,36.614320115959664,3.987149173662033,11.44065060022615,45.615580586847734,1.0,0,0,1,bbox_too_narrow|bbox_area_too_small,0,0.0,90.0732650756836,6,3,3,102.99027777777778,12.0,100.0,201.0,0.02474826388888889,7.8125e-05,11819.37890625,36.48904947916667,2.0,34.0,83.0,0.12644965277777778,6.076388888888889e-05,2089.90283203125
12,70765,1.1000000163912773,38.0,1.0,0.35,9007,4.36779567110409,0.0728626549243927,1,308.78418782089557,184.04998458247,331.20485780158765,227.6308762854854,319.9945228112416,205.8404304339777,12.395852968742604,22.420669980692082,43.580891703015425,977.1127903375906,1.0,0,1,0,eligible,1,4.913401311742431e-08,0.07327783852815628,1,270.7380810198318,183.08031933942237,312.46209897290737,198.40603940801407,291.60008999636955,190.74317937371822,31.97236939464802,41.72401795307559,15.325720068591693,639.4506192857306,1.0,0,1,0,eligible,1,4.321951094489481,-43.176734924316406,1,284.83462512993316,163.2501243317273,312.3674911653362,191.2006793042505,298.6010581476347,177.2254018179889,53.832160496751435,27.53286603540306,27.950554972523207,769.5588856736504,1.0,0,0,1,depth_outside_policy,0,0.003450426188135779,-179.92672729492188,1,296.6180700177832,176.18839303126958,310.15233608412836,188.17418299033125,303.3852030509558,182.18128801080042,68.48061790606815,13.53426606634514,11.985789959061663,162.21887032126855,1.0,0,0,1,depth_outside_policy,0,3.8725044154779384,-179.95193481445312,1,91.51805420999578,173.449478993061,103.93298011409811,210.1715350639547,97.72551716204694,191.81050702850786,16.395934783785535,12.414925904102333,36.7220560708937,455.9016051664365,1.0,0,1,0,eligible,1,0.0,-89.92671966552734,1,387.32974455886585,181.99886970725194,391.34507822938764,193.5086903920996,389.3374113941268,187.75378004967575,36.3957920964378,4.015333670521784,11.509820684847654,46.21577053753688,1.0,0,0,1,bbox_too_narrow|bbox_area_too_small,0,0.0,90.0732650756836,6,3,3,103.59736979166667,12.0,100.0,202.0,0.024505208333333334,7.378472222222222e-05,11876.8310546875,36.720078125,2.0,34.0,83.0,0.12374565972222222,6.076388888888889e-05,2102.916015625
13,70767,1.2000000178813934,38.0,1.0,0.35,9007,4.350029650743728,0.0728854089975357,1,308.1069820580637,184.27330718544863,331.88309145335614,230.4636090812913,319.9950367557099,207.36845813336998,11.748186273866402,23.77610939529245,46.19030189584268,1098.22567087714,1.0,0,1,0,eligible,1,0.3293116930741091,0.0727655217051506,1,265.2990468326294,183.08233681134,307.58810875697407,198.51947980303896,286.44357779480174,190.8009083071895,31.78216692890727,42.28906192434465,15.437142991698948,652.8222959109198,1.0,0,1,0,eligible,1,4.751085475386894,-44.78196716308594,1,284.3502701310396,163.0048152485604,312.2801259085495,191.33889863226398,298.3151980197946,177.17185694041217,53.17090717717139,27.929855777509886,28.334083383703586,791.3668624947804,1.0,0,0,1,depth_outside_policy,0,0.5605806433417206,-179.92698669433594,1,296.1702339223095,176.13703925734742,309.97798517558033,188.35292282002058,303.0741095489449,182.244981038684,67.23959075393631,13.807751253270851,12.215883562673156,168.67388157231105,1.0,0,0,1,depth_outside_policy,0,3.799993627792628,-179.9497833251953,1,81.92319246968565,173.16639943270508,95.07307013579674,211.4305910688286,88.4981313027412,192.29849525076685,15.742691333761213,13.149877666111095,38.26419163612351,503.16943900765557,1.0,0,1,0,eligible,1,0.0,-89.92671966552734,1,388.5538778117941,182.02764745569826,392.6559188709024,193.74930531028886,390.60489834134825,187.88847638299356,35.74256265046929,4.102041059108274,11.721657854590603,48.08272180034965,1.0,0,0,1,bbox_too_narrow|bbox_area_too_small,0,0.0,90.0732650756836,6,3,3,104.14565538194445,12.0,101.0,202.0,0.02314670138888889,8.680555555555556e-05,11588.7890625,36.92457465277778,2.0,35.0,83.0,0.12360243055555556,6.076388888888889e-05,2062.596435546875
14,70769,1.3000000193715096,38.0,1.0,0.35,9007,4.35589713682736,0.07288531959056854,1,307.9073476498962,184.46498169158795,332.0833774843883,231.1163820706076,319.99536256714225,207.79068188109778,11.575205494769445,24.176029834492056,46.65140037901966,1127.8456473840133,1.0,0,1,0,eligible,1,1.1746139164514813,0.07257714867591858,1,263.3120079052961,183.08794086492807,305.79877036168676,198.5527256821253,284.5553891334914,190.82033327352667,31.72842619527744,42.486762456390636,15.464784817197227,657.0486389674551,1.0,0,1,0,eligible,1,4.958498195905152,-45.385337829589844,1,284.1331623691904,162.8030617771848,312.24289727974576,191.3038238180254,298.1880298244681,177.0534427976051,52.887297131857025,28.109734910555346,28.500762040840584,801.1488657168472,1.0,0,0,1,depth_outside_policy,0,1.928208027521355,-179.92715454101562,1,296.02114463664424,176.13648010083463,309.92093133418837,188.42914864932135,302.9710379854163,182.28281437507798,66.8361591364104,13.89978669754413,12.292668548486716,170.86547076757478,1.0,0,0,1,depth_outside_policy,0,3.6083412414668428,-179.94485473632812,1,78.54473838268355,173.07077348697132,91.95737864711025,211.87799725100754,85.2510585148969,192.47438536898943,15.525031214641665,13.412640264426699,38.80722376403622,520.5073320081289,1.0,0,1,0,eligible,1,0.0,-89.92671966552734,1,388.97177398139576,182.0412823391658,393.10351092482824,193.83527324386876,391.03764245311197,187.9382777915173,35.524901434033424,4.131736943432486,11.793990904702952,48.729667931467915,1.0,0,0,1,bbox_too_narrow|bbox_area_too_small,0,0.0,90.0732650756836,6,3,3,104.579140625,12.0,102.0,203.0,0.022604166666666668,9.98263888888889e-05,11727.6845703125,37.077860243055554,2.0,35.0,83.0,0.12233506944444444,6.076388888888889e-05,2091.744140625
15,70771,1.4000000208616257,38.0,1.0,0.35,9007,4.364691451296662,0.072884701192379,1,307.58476053258494,184.56812449378998,332.4070004922643,232.01652537050876,319.9958805124246,208.29232493214937,11.310559840778193,24.822239959679337,47.44840087671878,1177.7755922649728,1.0,0,1,0,eligible,1,3.7503914058389323,0.07246768474578857,1,257.01925118724637,183.10688098521973,300.01405659103716,198.63641924017065,278.51665388914176,190.8716501126952,31.578459187368342,42.99480540379079,15.529538254950921,667.6894752823397,1.0,0,1,0,eligible,1,5.107260207065114,-47.05600357055664,1,283.20793996098774,161.84048382860894,312.08791573303597,191.03916848899877,297.64792784701183,176.43982615880384,51.72257373818728,28.879975772048226,29.19868466038983,843.2573055677345,1.0,0,0,1,depth_outside_policy,0,4.373385204139335,-179.9272918701172,1,295.5987334295416,176.1982803705472,309.7522430629772,188.70740270322545,302.6754882462594,182.45284153688633,65.71820616090578,14.15350963343559,12.50912233267826,177.04798344138604,1.0,0,0,1,depth_outside_policy,0,2.185554010969067,-179.96142578125,1,67.78436370728406,172.76580891819418,82.04821294093493,213.30255188995122,74.9162883241095,193.03418040407269,14.870662367689665,14.263849233650873,40.536742971757036,578.209990172399,1.0,0,1,0,eligible,1,0.0,-89.92671966552734,1,390.25937689806733,182.08303171249494,394.48298248701946,194.09996068394878,392.37117969254336,188.09149619822188,34.8705293073465,4.223605588952125,12.016928971453837,50.75476836587314,1.0,0,0,1,bbox_too_narrow|bbox_area_too_small,0,0.0,90.0732650756836,6,3,3,105.31524305555556,12.0,102.0,204.0,0.0219140625,0.00010850694444444444,11568.9833984375,37.33750868055556,2.0,35.0,84.0,0.11437065972222223,6.076388888888889e-05,2069.36572265625
16,70773,1.5000000223517418,38.0,1.0,0.35,9007,4.363904669315949,0.072884701192379,1,307.5783090257965,184.51296730321988,332.4141877192296,231.98672184271712,319.99624837251304,208.2498445729685,11.30614544458846,24.835878693433074,47.473754539497236,1179.052408864771,1.0,0,1,0,eligible,1,4.596869817055309,0.07247868925333023,1,254.86810344701675,183.11740217643236,298.0690141392975,198.65808250104485,276.4685587931571,190.8877423387386,31.52384070555823,43.20091069228076,15.540680324612481,671.3715428008685,1.0,0,1,0,eligible,1,5.037325566092554,-47.69303512573242,1,282.85452481372846,161.56544453388545,312.02714095509947,191.03609582653982,297.44083288441396,176.30077018021262,51.28585363076361,29.17261614137101,29.470651292654367,859.7359975968052,1.0,0,0,1,depth_outside_policy,0,4.448649603716519,-179.92782592773438,1,295.474916827519,176.16104422594094,309.70589006940884,188.82203863044552,302.5904034484639,182.49154142819322,65.40723387018619,14.230973241889842,12.660994404504578,180.17827258622165,1.0,0,0,1,depth_outside_policy,0,1.4822430004599005,-179.96559143066406,1,63.979733170851226,172.65665957862848,78.54956090703587,213.80494679104544,71.26464703894355,193.23080318483696,14.65244451795822,14.569827736184642,41.14828721241696,599.5234563239644,1.0,0,1,0,eligible,1,0.0,-89.92671966552734,1,390.69958167702964,182.0960731594489,394.9547241186034,194.18923112404286,392.8271528978165,188.14265214174588,34.652311457615056,4.255142441573753,12.093157964593956,51.4581097077994,1.0,0,0,1,bbox_too_narrow|bbox_area_too_small,0,0.0,90.0732650756836,6,3,3,105.5539453125,12.0,102.0,205.0,0.02177951388888889,7.8125e-05,11590.009765625,37.382113715277775,2.0,35.0,84.0,0.11175347222222222,6.076388888888889e-05,2071.35107421875
17,70775,1.600000023841858,38.0,1.0,0.35,9007,4.355985828218015,0.07288496196269989,1,307.64698595639106,184.4357849320397,332.3535298748676,232.40640913341596,320.00025791562933,208.42109703272783,11.345089127058646,24.70654391847654,47.97062420137627,1185.1883336280364,1.0,0,1,0,eligible,1,3.6800265816038347,0.06823861598968506,1,248.4401237319117,183.14496304810052,292.27457789367486,198.74192218844493,270.3573508127933,190.94344261827274,31.32586663764814,43.83445416176315,15.59695914034441,683.6841905003198,1.0,0,1,0,eligible,1,4.683901925112875,-49.44601058959961,1,281.7869192434462,161.15421091351678,311.8385243161422,191.48080994593002,296.8127217797942,176.3175104297234,49.99070922137844,30.051605072695963,30.32659903241324,911.3629773200863,1.0,0,0,1,depth_outside_policy,0,3.9912983387672565,-179.9272918701172,1,295.165883404324,175.70372120354557,309.5961070472592,189.1558274985769,302.3809952257916,182.42977435106124,64.65611175436375,14.430223642935175,13.452106295031342,194.11690230583838,1.0,0,0,1,depth_outside_policy,0,0.26453331566254495,-179.96389770507812,1,51.86050103830455,172.3065853571604,67.42224814778184,215.40280112293033,59.641374593043196,193.85469324004538,13.998640132494753,15.561747109477295,43.09621576576993,670.65241112238,1.0,0,1,0,eligible,1,0.0,-89.92671966552734,1,392.0519005841983,182.13387837850263,396.4043488019995,194.46132431723484,394.2281246930989,188.29760134786875,33.99850906233617,4.352448217801225,12.327445938732211,53.65457010607596,1.0,0,0,1,bbox_too_narrow|bbox_area_too_small,0,0.0,90.0732650756836,6,3,3,105.91735677083334,12.0,102.0,207.0,0.021684027777777778,0.00013020833333333333,11623.8212890625,37.53072916666667,2.0,35.0,84.0,0.11033420138888889,6.076388888888889e-05,2079.958740234375
18,70777,1.700000025331974,38.0,1.0,0.35,9007,4.358646581559815,0.07288496196269989,1,307.56855560347094,184.24006167234737,332.43084197545755,233.01209680667395,319.9996987894642,208.62607923951066,11.284354504934466,24.862286371986613,48.772035134326586,1212.5843044542203,1.0,0,1,0,eligible,1,3.086850894123923,0.06767410784959793,1,246.35331528885905,183.14809192089905,290.3858664798899,198.7811827885511,268.3695908843745,190.96463735472508,31.25008706145572,44.03255119103085,15.633090867652044,688.3648739039255,1.0,0,1,0,eligible,1,4.617157614710268,-49.930335998535156,1,281.43779536476933,161.12888446927113,311.7750367314387,191.74389324615865,296.60641604810405,176.4363888577149,49.575413444146236,30.33724136666939,30.61500877688752,928.7749107071385,1.0,0,0,1,depth_outside_policy,0,3.7654170135841536,-179.92739868164062,1,295.07142118390993,175.62417369081027,309.555892347806,189.22677367478485,302.31365676585796,182.42547368279756,64.41819939223217,14.484471163896046,13.602599983974585,197.0264672218927,1.0,0,0,1,depth_outside_policy,0,0.41293253039000527,-179.9769744873047,1,47.562870950206765,172.18327048801845,63.482827517370374,215.9702437615452,55.52284923378857,194.0767571247818,13.78076655919153,15.91995656716361,43.78697327352674,697.0867127220995,1.0,0,1,0,eligible,1,0.0,-89.92671966552734,1,392.51411502057135,182.14756400126512,396.8999565969035,194.55511488345272,394.70703580873743,188.35133944235892,33.780635489032946,4.3858415763321545,12.407550882187593,54.417552519555045,1.0,0,0,1,bbox_too_narrow|bbox_area_too_small,0,0.0,90.0732650756836,6,3,3,105.81188368055555,12.0,103.0,208.0,0.02242621527777778,9.114583333333334e-05,11683.6533203125,37.49182291666666,2.0,35.0,84.0,0.11164496527777777,6.076388888888889e-05,2090.8173828125
19,70779,1.8000000268220901,38.0,1.0,0.35,9007,4.361105155794997,0.07288472354412079,1,307.4622467684916,184.53571732928737,332.536327152694,233.12557318077813,319.9992869605928,208.83064525503275,11.19515340163428,25.074080384202432,48.58985585149077,1218.3459514770884,1.0,0,1,0,eligible,1,4.188328387649529,0.07081058621406555,1,239.90656575481626,183.18085533504086,284.737035865717,198.93031368615087,262.3218008102666,191.05558451059585,30.993346057777636,44.83047011090076,15.749458351110007,706.0556218723136,1.0,0,1,0,eligible,1,4.44292946856093,-51.8909797668457,1,280.41316220976296,161.1702563263008,311.5894174765596,192.63224724216025,296.0012898431613,176.9012517842305,48.39372864255082,31.17625526679666,31.461990915859445,980.8670599944717,1.0,0,0,1,depth_outside_policy,0,3.138429482149836,-179.9272918701172,1,294.75726835970136,175.64927342342855,309.4536318926724,189.30093852810876,302.10545012618684,182.47510597576866,63.66983008867169,14.69636353297102,13.651665104680205,200.62983320875517,1.0,0,0,1,depth_outside_policy,0,0.8287740891492178,-179.92222595214844,1,33.79178110084171,171.78929559878637,50.882168443266295,217.78972103652563,42.336974772054006,194.789508317656,13.12669533024803,17.090387342424584,46.00042543773927,786.1650886472851,1.0,0,1,0,eligible,1,0.0,-89.92671966552734,1,393.9381141034663,182.19083212921382,398.4272634548777,194.8452435978393,396.182688779172,188.51803786352656,33.12656324462252,4.489149351411356,12.654411468625483,56.80754303687252,1.0,0,0,1,bbox_too_narrow|bbox_area_too_small,0,0.0,90.0732650756836,6,3,3,105.29859809027778,12.0,103.0,206.0,0.022473958333333332,7.378472222222222e-05,11780.787109375,37.27314236111111,2.0,35.0,83.0,0.11038628472222223,6.076388888888889e-05,2103.248046875
20,70781,1.9000000283122063,38.0,1.0,0.35,9007,4.362034035470823,0.07288472354412079,1,307.4260984768524,184.44989784662545,332.57494951052183,233.42813549696479,320.0005239936871,208.93901667179512,11.162475900932517,25.148851033669416,48.97823765033934,1231.7464025600427,1.0,0,1,0,eligible,1,3.3598091703920994,0.07022400200366974,1,237.67334921572137,183.1877179823782,282.76225089394154,198.98708888419435,260.21780005483146,191.08740343328628,30.906268887742307,45.08890167822017,15.799370901816161,712.3762811697216,1.0,0,1,0,eligible,1,4.634206191993896,-52.50132369995117,1,280.0554377141292,161.16047673203258,311.5312174839523,192.90042260234378,295.7933275990407,177.03044966718818,48.016061107606646,31.475779769823077,31.739945870311203,999.0395461200209,1.0,0,0,1,depth_outside_policy,0,3.0834023901555456,-179.9272918701172,1,294.64654325825234,175.72259150270776,309.4210686689739,189.2899052258225,302.0338059636131,182.50624836426513,63.410222381270444,14.774525410721537,13.56731372311475,200.4506213573899,1.0,0,0,1,depth_outside_policy,0,0.9415722175176928,-179.88877868652344,1,28.885079788394364,171.64851784821113,46.40069788458975,218.4375662637663,37.64288883649206,195.04304205598874,12.908610041246565,17.51561809619539,46.789048415555186,819.5391031312606,1.0,0,1,0,eligible,1,0.0,-89.92671966552734,1,394.42532519830183,182.20526273119944,398.94998395950773,194.94418185684475,396.6876545789048,188.57472229402208,32.90847795562105,4.524658761205899,12.73891912564531,57.639262030144444,1.0,0,0,1,bbox_too_narrow|bbox_area_too_small,0,0.0,90.0732650756836,6,3,3,104.90358506944445,12.0,103.0,204.0,0.021749131944444444,9.114583333333334e-05,11617.146484375,37.11575520833333,2.0,35.0,83.0,0.10807725694444445,6.076388888888889e-05,2083.052734375
21,70783,2.0000000298023224,38.0,1.0,0.35,9007,4.358120629652091,0.07288476824760437,1,307.17275499675867,184.51150138631218,332.8305380423864,234.52318766060728,320.00164651957255,209.5173445234597,10.961535233971105,25.657783045627752,50.0116862742951,1283.188996171863,1.0,0,1,0,eligible,1,3.5764440631738115,0.07205476611852646,1,230.4118638136149,183.21076775396068,276.3012913768573,199.1430853230722,253.3565775952361,191.17692653851645,30.655073828006095,45.88942756324241,15.932317569111518,731.1249330023173,1.0,0,1,0,eligible,1,5.061992257054532,-54.41905975341797,1,278.9597946949133,160.85985461525854,311.34918614252865,193.46027066531346,295.15449041872097,177.16006264028601,46.88362638659466,32.38939144761537,32.60041605005492,1055.9076368003514,1.0,0,1,0,eligible,1,3.2778689083231036,-179.9273223876953,1,294.3072351025378,176.03663310200932,309.3085524785074,189.20567203265782,301.8078937905226,182.62115256733358,62.60443849858105,15.00131737596962,13.169038930648497,197.55293253515768,1.0,0,0,1,depth_outside_policy,0,1.2340153991986211,-179.81275939941406,1,13.109296836973508,171.19499503495544,32.02133089172043,220.51971838769347,22.56531386434697,195.85735671132446,12.2546537730882,18.912034054746925,49.32472335273803,932.8308477879526,1.0,0,1,0,eligible,1,0.0,-89.92671966552734,1,395.92585484640784,182.2488694996234,400.56035968560434,195.24809889255064,398.24310726600606,188.74848419608702,32.25452240413691,4.634504839196495,12.999229392927248,60.24499152734665,1.0,0,0,1,bbox_too_narrow|bbox_area_too_small,0,0.0,90.0732650756836,6,4,2,105.009296875,12.0,103.0,204.0,0.021019965277777778,6.944444444444444e-05,11570.1884765625,37.119769965277776,2.0,35.0,83.0,0.10502170138888889,6.076388888888889e-05,2077.157470703125
22,70785,2.1000000312924385,38.0,1.0,0.35,9007,4.3598868361017695,0.07288476824760437,1,307.1418125557739,184.6562492341046,332.8598127428949,234.45052255078062,320.0008126493344,209.5533858924426,10.941212584941495,25.718000187120992,49.794273316676026,1280.609130475828,1.0,0,1,0,eligible,1,4.093168933792887,0.07186605036258698,1,227.7671485428377,183.2183743986946,273.9562825267808,199.19142428258937,250.86171553480926,191.204899340642,30.57377725592398,46.189133983943094,15.97304988389476,737.7813412194217,1.0,0,1,0,eligible,1,5.280755212760167,-55.17442321777344,1,278.57975577311817,160.66384172755403,311.28480992820124,193.56700288968125,294.9322828506597,177.11542230861764,46.49943189400133,32.705054155083076,32.90316116212722,1076.099667680797,1.0,0,1,0,eligible,1,3.3663328081729658,-179.9272918701172,1,294.1899156696657,175.9550108621294,309.2662727693188,189.17541360133146,301.7280942194923,182.5652122317304,62.326258750126215,15.07635709965308,13.220402739202058,199.31551269744196,1.0,0,0,1,depth_outside_policy,0,1.3365714261208537,-179.79544067382812,1,7.46468955826737,171.03302728168504,26.887235106285416,221.26504132407683,17.17596233227639,196.14903430288092,12.0367000911424,19.422545548018046,50.232014042391796,975.6335807070368,1.0,0,1,0,eligible,1,0.0,-89.92671966552734,1,396.4395426014925,182.26407770757967,401.1118172405789,195.35244486060745,398.7756799210357,188.80826128409356,32.036568722191106,4.672274639086368,13.088367153027775,61.15244591614272,1.0,0,0,1,bbox_too_narrow|bbox_area_too_small,0,0.0,90.0732650756836,6,4,2,104.94493923611111,12.0,103.0,203.0,0.020073784722222224,8.680555555555556e-05,11616.6162109375,37.10680555555555,2.0,35.0,83.0,0.10473090277777777,6.076388888888889e-05,2089.4453125
23,70787,2.2000000327825546,38.0,1.0,0.35,9007,4.359843920758482,0.07288461923599243,1,306.8932586854269,184.3443930888729,333.106848646761,235.9936077800886,320.00005366609395,210.16900043448075,10.758311746322397,26.21358996133415,51.64921469121572,1353.9113357404447,1.0,0,1,0,eligible,1,1.9727489742271846,0.07185501605272293,1,220.17788632853933,183.29107654432238,267.3511241541442,199.2864661041689,243.76450524134177,191.28877132424566,30.280885687765192,47.17323782560487,15.99538955984653,754.5543158198376,1.0,0,1,0,eligible,1,3.388157315966026,-57.44015884399414,1,277.4058926095704,159.95009369043487,311.08506610406545,193.7933404926358,294.2454793568179,176.87171709153534,45.3501441521976,33.679173494495046,33.84324680220092,1139.8125806683395,1.0,0,1,0,eligible,1,3.2611046915690305,-179.9272918701172,1,293.8008806404606,175.68707385436292,309.11095813859566,189.10752011243866,301.45591938952816,182.3972969834008,61.44013547480675,15.310077498135058,13.420446258075742,205.46807227069627,1.0,0,0,1,depth_outside_policy,0,1.8746730300170635,-179.8311767578125,1,0.0,170.50982168143221,10.320050253246102,223.67634735236916,5.160025126623051,197.0930845169007,11.382697818531623,10.320050253246102,53.16652567093695,548.6812167145682,1.0,1,0,1,edge_touching_or_truncated,0,0.0,-89.92671966552734,1,398.02328463682204,182.31157422582706,402.81256466922815,195.67490516456738,400.4179246530251,188.99323969519722,31.382565899483104,4.789280032406111,13.363330938740319,64.00073403134382,1.0,0,0,1,bbox_too_narrow|bbox_area_too_small,0,0.0,90.0732650756836,6,3,3,105.31233506944444,12.0,103.0,202.0,0.019405381944444446,0.0001171875,11793.0126953125,37.244700520833334,2.0,35.0,83.0,0.10349826388888889,6.076388888888889e-05,2116.4443359375
24,70789,2.3000000342726707,38.0,1.0,0.35,9007,4.361229133695855,0.07288461923599243,1,306.73689070618815,184.3993408737384,333.2644151841475,236.6499992636429,320.0006529451678,210.52467006869065,10.642734137867157,26.527524477959332,52.250658389904515,1386.0806194276831,1.0,0,1,0,eligible,1,2.2229305562843007,0.07190651446580887,1,217.97439368977086,183.30618529828618,265.5132253684468,199.36519777481607,241.74380952910883,191.3356915365511,30.149109131749974,47.53883167867593,16.059012476529887,763.426691047511,1.0,0,1,0,eligible,1,3.693142995523451,-58.06672668457031,1,277.005604825845,159.7001790492547,311.01732735369177,193.86446142150734,294.0114660897684,176.782320235381,44.972145694269585,34.01172252784676,34.16428237225264,1161.986092408063,1.0,0,1,0,eligible,1,3.2145558416833944,-179.9272918701172,1,293.6574826866665,175.61011419278057,309.05886081535795,189.10140420385633,301.35817175101226,182.35575919831845,61.126906792073,15.40137812869142,13.491290011075762,207.78445890441526,1.0,0,0,1,depth_outside_policy,0,2.0313806018180154,-179.83074951171875,1,0.0,170.32130704525454,4.372560265857869,224.54386496945745,2.1862801329289345,197.432586007356,11.16466498161756,4.372560265857869,54.2225579242029,237.09140229254635,1.0,1,0,1,bbox_too_narrow|edge_touching_or_truncated,0,0.0,-89.92671966552734,1,398.56596019298075,182.3276447488133,403.39552574682125,195.78522920893715,400.98074296990103,189.05643697887524,31.164533062569042,4.829565553840496,13.457584460123854,64.9942863465133,1.0,0,0,1,bbox_too_narrow|bbox_area_too_small,0,0.0,90.0732650756836,6,3,3,105.54892795138889,13.0,103.0,203.0,0.017703993055555554,8.680555555555556e-05,11875.5322265625,37.31939670138889,3.0,35.0,83.0,0.10118489583333333,6.076388888888889e-05,2136.237548828125
25,70791,2.400000035762787,38.0,1.0,0.35,9007,4.35885925089418,0.07288461923599243,1,306.4694578298031,184.89918397124717,333.533430231795,237.2349644015396,320.00144403079906,211.06707418639337,10.449445696671852,27.06397240199192,52.33578043029243,1416.4141172021432,1.0,0,1,0,eligible,1,3.6573803739977295,0.07195282727479935,1,210.9466901894122,183.32469640138638,259.52510381725426,199.6655588743543,235.23589700333324,191.49512763787033,29.755879432103388,48.57841362784205,16.340862472967927,793.813176247518,1.0,0,1,0,eligible,1,3.8999154645897303,-59.75315475463867,1,275.7603090039585,158.9449736126315,310.8086769927917,194.10646556121242,293.2844929983751,176.52571958692195,43.84141282358847,35.04836798883315,35.16149194858093,1232.3529088502585,1.0,0,1,0,eligible,1,3.2399656430554833,-179.9272918701172,1,293.2011370692986,175.43865543613072,308.8865611817436,189.25510518585958,301.0438491255211,182.34688031099515,60.140232005858095,15.685424112444991,13.81644974972886,216.71687405278163,1.0,0,0,1,depth_outside_policy,0,2.432898503830273,-179.83778381347656,0,0.0,169.7081053841072,0.0,227.36579424614442,0.0,198.5369498151258,10.510678050770393,0.0,0.0,0.0,0.0,0,0,0,not_projected_visible,0,0.0,-89.92671966552734,1,400.23994733693263,182.3772210924125,405.1943961894244,196.12566507117597,402.7171717631785,189.25144308179424,30.510546131721874,4.954448852491794,13.748443978763476,68.11596249413242,1.0,0,0,1,bbox_too_narrow|bbox_area_too_small,0,0.0,90.0732650756836,5,3,2,105.20715711805556,13.0,103.0,202.0,0.017118055555555556,0.00015625,11848.7607421875,37.168407118055555,3.0,35.0,83.0,0.10131076388888889,6.076388888888889e-05,2128.00341796875
26,70793,2.500000037252903,38.0,1.0,0.35,9007,4.360400866887026,0.07288461923599243,1,306.41849338499435,184.91760503766514,333.585239646123,237.4474854994804,320.0018665155587,211.18254526857277,10.413894764451703,27.16674626112865,52.52988046181525,1427.0659336335546,1.0,0,1,0,eligible,1,3.501277110646512,0.0719539076089859,1,208.4015166505614,183.33750867050807,257.36945923451793,199.7528162310378,232.88548794253967,191.54516245077292,29.626217096722193,48.96794258395653,16.415307560529726,803.8238381220071,1.0,0,1,0,eligible,1,4.151894495809095,-60.41615676879883,1,275.31889692623747,158.69064641285547,310.7374635625943,194.20061863367195,293.0281802444159,176.44563252326373,43.46106927317827,35.41856663635684,35.50997222081648,1257.7123173581688,1.0,0,1,0,eligible,1,3.296552445416405,-179.9272918701172,1,293.0421262155961,175.40252379119886,308.8217309125415,189.32325608245694,300.9319285640688,182.3628899368279,59.7975526184745,15.779604696945398,13.920732291258076,219.66365264805543,1.0,0,0,1,depth_outside_policy,0,2.5527305626735113,-179.8496551513672,0,0.0,169.48607480246037,0.0,228.38754891950222,0.0,198.9368118609813,10.292693851246467,0.0,0.0,0.0,0.0,0,0,0,not_projected_visible,0,0.0,-89.92671966552734,1,400.8139560246026,182.39421715203707,405.81143614095726,196.24242314003763,403.3126960827799,189.31832014603737,30.29256193219795,4.997480116354666,13.848205988000558,69.20613407221641,1.0,0,0,1,bbox_too_narrow|bbox_area_too_small,0,0.0,90.0732650756836,5,3,2,105.33090277777778,13.0,103.0,202.0,0.017200520833333333,0.00012586805555555555,11925.2451171875,37.21234375,3.0,35.0,83.0,0.10059895833333334,6.076388888888889e-05,2134.841064453125
27,70795,2.600000038743019,38.0,1.0,0.35,9007,4.359415243446398,0.07288461923599243,1,306.2253873882182,184.80150772614434,333.7800305232369,238.5334566271773,320.0027089557276,211.66748217666083,10.277052428677708,27.554643135018694,53.73194890103295,1480.5646769170228,1.0,0,1,0,eligible,1,3.3427394169763147,0.07160944491624832,1,199.9749588465375,183.37354841154945,250.214117843462,200.01250831321582,225.09453834499976,191.69302836238262,29.239283151606784,50.23915899692449,16.638959901666368,835.9273520432677,1.0,0,1,0,eligible,1,4.722067655541895,-62.70075225830078,1,273.89641690094555,157.89034892801598,310.50931959648165,194.52227746251071,292.20286824871357,176.20631319526336,42.28543828168373,36.61290269553609,36.63192853449473,1341.2012349832878,1.0,0,1,0,eligible,1,3.7276572405164576,-179.9272918701172,1,292.53204665527784,175.3444822057482,308.62196226445377,189.4352606680223,300.5770044598658,182.38987143688524,58.728883579484375,16.089915609175932,14.090778462274102,226.71943632558413,1.0,0,0,1,depth_outside_policy,0,2.9317019763603507,-179.8624725341797,0,0.0,168.75848876524168,0.0,231.73580156839503,0.0,200.24714516681837,9.638705966724983,0.0,0.0,0.0,0.0,0,0,0,not_projected_visible,0,0.0,-89.92671966552734,1,402.58617565351386,182.44669880532612,407.71721744447547,196.60308760788433,405.15169654899466,189.5248932066052,29.638574047676464,5.1310417909616035,14.156388802558212,72.63702255502707,1.0,0,0,1,bbox_too_narrow|bbox_area_too_small,0,0.0,90.0732650756836,5,3,2,105.10549479166667,13.0,103.0,202.0,0.01693142361111111,0.00015190972222222222,11971.1689453125,37.130329861111115,3.0,35.0,83.0,0.1013671875,6.076388888888889e-05,2139.96728515625
28,70797,2.7000000402331352,38.0,1.0,0.35,9007,4.360906314521571,0.07288461923599243,1,306.1624056408635,184.84767488537895,333.8444318178731,238.76383110867542,320.00341872936826,211.80575299702718,10.234802893846084,27.682026177009618,53.91615622329647,1492.5084479370328,1.0,0,1,0,eligible,1,3.604451476035156,0.07169520109891891,1,196.87623886573115,183.38383406419288,247.53144529322697,200.09664903603465,222.20384207947905,191.74024155011375,29.117148594123364,50.65520642749581,16.712814971841766,846.5910923831873,1.0,0,1,0,eligible,1,5.04371004676178,-63.442665100097656,1,273.380293995795,157.60421508665846,310.42727907307324,194.64321674155656,291.9037865344341,176.1237159141075,41.87641103473081,37.04698507727824,37.0390016548981,1372.1833415862939,1.0,0,1,0,eligible,1,3.9168744915313156,-179.92726135253906,1,292.3525516635777,175.33667988976788,308.5498601983579,189.49556232539587,300.45120593096783,182.4161211075819,58.359115164505106,16.197308534780234,14.158882435627987,229.33578731754713,1.0,0,0,1,depth_outside_policy,0,3.061603686723436,-179.87030029296875,0,0.0,168.49303069117897,0.0,232.9574038503153,0.0,200.72521727074712,9.420690295948615,0.0,0.0,0.0,0.0,0,0,0,not_projected_visible,0,0.0,-89.92671966552734,1,403.19436861108903,182.4647095374878,408.37148655089294,196.72690644423122,405.782927580991,189.5958079908595,29.420558376900097,5.177117939803907,14.262196906743412,73.8370754669171,1.0,0,0,1,bbox_too_narrow|bbox_area_too_small,0,0.0,90.0732650756836,5,3,2,105.20130642361111,13.0,103.0,201.0,0.016193576388888888,0.00014322916666666667,11986.20703125,37.176983506944445,3.0,35.0,83.0,0.10145399305555555,6.076388888888889e-05,2144.537841796875
29,70799,2.8000000417232513,38.0,1.0,0.35,9007,4.359105776148283,0.07288461923599243,1,305.90616942335976,184.8657067021645,334.1047952499656,239.9350259608287,320.0054823366627,212.4003663314966,10.066146993237842,28.19862582660585,55.06931925866422,1552.8791283009718,1.0,0,1,0,eligible,1,3.343089679323795,0.07399860769510269,1,186.56103019834168,183.4467593076914,238.8424545160984,200.30746118367006,212.70174235722004,191.87711024568074,28.730957366371833,52.281424317756716,16.860701875978663,881.5015090732371,1.0,0,1,0,eligible,1,5.1318861105508775,-66.75408935546875,1,271.68182543177113,156.69427627945151,310.15922853732053,195.07492093376365,290.92052698454586,175.8845986066076,40.59007649832369,38.4774031055494,38.380644654312135,1476.7875358148176,1.0,0,1,0,eligible,1,4.505946971960667,-179.9272918701172,1,291.7769322383467,175.32552181913823,308.3246103269465,189.78450104219183,300.0507712826466,182.55501143066505,57.209096821028766,16.54767808859981,14.458979223053603,239.262533672844,1.0,0,0,1,depth_outside_policy,0,3.4663335956941292,-179.88108825683594,0,0.0,167.61579140409398,0.0,236.99439092096927,0.0,202.30509116253162,8.766697643055549,0.0,0.0,0.0,0.0,0,0,0,not_projected_visible,0,0.0,-89.92671966552734,1,405.0738260326387,182.52036701668453,410.39410102641966,197.10966781050416,407.7339635295292,189.81501741359435,28.76656572400703,5.32027499378097,14.589300793819632,77.61909219010744,1.0,0,0,1,bbox_too_narrow|bbox_area_too_small,0,0.0,90.0732650756836,5,3,2,105.2913845486111,13.0,103.0,202.0,0.01642361111111111,0.00010416666666666667,11934.16015625,37.260677083333334,3.0,35.0,83.0,0.10299045138888889,0.00012152777777777777,2144.717529296875
30,70801,2.9000000432133675,38.0,1.0,0.35,9007,4.360601138629519,0.07288461923599243,1,305.8375973958004,184.94586274967494,334.17103755803294,240.13844908951248,320.00431747691664,212.5421559195937,10.023157374080617,28.333440162232534,55.19258633983753,1563.7958424586395,1.0,0,1,0,eligible,1,3.557677873999683,0.07391427457332611,1,183.25719928378362,183.47879877432578,236.15338886279153,200.36724086165046,209.70529407328758,191.92301981798812,28.586391436233967,52.89618957900791,16.888442087324677,893.3342343452222,1.0,0,1,0,eligible,1,4.034918653225627,-68.06913757324219,1,271.0607164499761,156.37605405428445,310.0619280535229,195.24809575546485,290.5613222517495,175.81207490487463,40.141395434159435,39.00121160354678,38.87204170118039,1516.056723849631,1.0,0,1,0,eligible,1,4.701388854374766,-179.92724609375,1,291.5727361367318,175.3205295402711,308.2442842005164,189.8858270873904,299.9085101686241,182.60317831383077,56.81221355675356,16.6715480637846,14.565297547119286,242.8260581201231,1.0,0,0,1,depth_outside_policy,0,3.5973948305404506,-179.885986328125,0,0.0,167.2928802899602,0.0,238.48038586711925,0.0,202.88663307853972,8.54870104576551,0.0,0.0,0.0,0.0,0,0,0,not_projected_visible,0,0.0,-89.92671966552734,1,405.7192061830384,182.53948150857624,411.0889172624871,197.24117627861642,408.4040617227628,189.89032889359635,28.54856912671699,5.3697110794486775,14.701694770040177,78.94385329335742,1.0,0,0,1,bbox_too_narrow|bbox_area_too_small,0,0.0,90.0732650756836,5,3,2,105.23947482638889,13.0,103.0,203.0,0.01630642361111111,0.00015190972222222222,12007.4248046875,37.24614583333334,3.0,35.0,83.0,0.10264322916666667,0.00012152777777777777,2158.80859375
31,70803,3.0000000447034836,38.0,1.0,0.35,9007,4.359276007281827,0.07288461923599243,1,305.5237803746802,184.9406310808438,334.4865858732542,241.5954837964889,320.0051831239672,213.26805743866635,9.82845654255013,28.962805498574028,56.65485271564512,1640.883479753588,1.0,0,1,0,eligible,1,3.0735618723944964,0.07390915602445602,1,175.04253475796267,183.55866729581345,229.55042631121495,200.68687180918334,202.2964805345888,192.1227695524984,28.076502573297716,54.50789155325228,17.128204513369894,933.6223141166925,1.0,0,1,0,eligible,1,3.436552232468418,-70.26190948486328,1,269.0288944868079,155.39647651170358,309.7453689333325,195.88305506970434,289.3871317100702,175.63976579070396,38.7454111929714,40.71647444652456,40.48657855800076,1648.4707412840469,1.0,0,1,0,eligible,1,5.052142521702001,-179.92843627929688,1,290.9200229981322,175.28878990165143,307.9918295349244,190.19205217932975,299.4559262665283,182.7404210404906,55.585002843140614,17.071806536792224,14.903262277678323,254.42561037159774,1.0,0,0,1,depth_outside_policy,0,3.960399937052864,-179.89390563964844,0,0.0,166.21455296349978,0.0,243.4427361449531,0.0,204.82864455422646,7.894714114918342,0.0,0.0,0.0,0.0,0,0,0,not_projected_visible,0,0.0,-89.92671966552734,1,407.71580483265217,182.59860665850454,413.23931018646664,197.64811766869613,410.4775575095594,190.12336216360035,27.894582195869823,5.523505353814471,15.049511010191594,83.1260546370831,1.0,0,0,1,bbox_too_narrow|bbox_area_too_small,0,0.0,90.0732650756836,5,3,2,104.86153645833333,12.0,102.0,204.0,0.018142361111111113,0.0001171875,12158.3388671875,37.12564670138889,2.0,35.0,84.0,0.10677517361111111,0.00012152777777777777,2180.851318359375
32,70805,3.1000000461935997,38.0,1.0,0.35,9007,4.360783290583866,0.07288461923599243,1,305.4310114888679,185.02184087822783,334.5811473131942,241.93085778264054,320.00607940103106,213.47634933043418,9.770313060785721,29.1501358243263,56.90901690441271,1658.9055723925119,1.0,0,1,0,eligible,1,3.247670512394679,0.0739147737622261,1,172.12387137545355,183.57147890495023,227.13699891941323,200.82552665742767,199.6304351474334,192.19850278118895,27.905363415855547,55.01312754395968,17.254047752477447,949.1991296566127,1.0,0,1,0,eligible,1,3.508373571728771,-70.79374694824219,1,268.3273071896255,155.12353733710611,309.6362188597763,196.17271280612036,288.9817630247009,175.64812507161324,38.28594311996044,41.30891167015079,41.049175469014244,1695.6967635820301,1.0,0,1,0,eligible,1,4.509247978137534,-179.92845153808594,1,290.68924552618427,175.27020479710058,307.9027510905792,190.29270862764648,299.29599830838174,182.78145671237354,55.16442364140219,17.21350556439495,15.0225038305459,258.5899532782463,1.0,0,0,1,depth_outside_policy,0,4.077145519139888,-179.89747619628906,0,0.0,165.81323565998818,0.0,245.28954733623374,0.0,205.55139149811095,7.676707027210822,0.0,0.0,0.0,0.0,0,0,0,not_projected_visible,0,0.0,-89.92671966552734,1,408.4022595789779,182.61893241392332,413.9789438817691,197.7880746389931,411.1906017303735,190.2035035264582,27.676575108162304,5.576684302791193,15.169142225069777,84.5935173333537,1.0,0,0,1,bbox_too_narrow|bbox_area_too_small,0,0.0,90.0732650756836,5,3,2,105.12297743055555,13.0,102.0,204.0,0.017743055555555557,0.00015625,12124.029296875,37.23565538194445,3.0,35.0,84.0,0.10607638888888889,0.00012152777777777777,2177.026611328125
33,70807,3.200000047683716,38.0,1.0,0.35,9007,4.338021927154557,0.07288527488708496,1,305.1087153770739,185.02622997570822,334.9064227021384,243.39425016268177,320.00756903960615,214.21024006919498,9.582458679603779,29.797707325064493,58.36802018697355,1739.2331826748941,1.0,0,1,0,eligible,1,2.7856220528444466,0.07390151917934418,1,162.54897543302812,183.6132219799329,219.1484771729932,201.22484142452097,190.84872630301066,192.41903170222693,27.403449604099755,56.59950173996509,17.611619444588086,996.8088853975664,1.0,0,1,0,eligible,1,4.148632148986863,-72.36731719970703,1,266.21788912651755,154.43823487855428,309.3110617164981,197.18386835312285,287.7644754215078,175.81105161583855,36.974331197854056,43.093172589980554,42.745633474568564,1842.0449607876333,1.0,0,1,0,eligible,1,4.385920107594738,-179.92852783203125,1,289.9551306413801,175.18464238278463,307.62252255492774,190.58514306794874,298.78882659815395,182.88489272536668,53.873692590988206,17.667391913547647,15.400500685164104,272.0866812696533,1.0,0,0,1,depth_outside_policy,0,4.332264330330019,-179.9057159423828,0,0.0,164.4529242803833,0.0,251.5237953516472,0.0,207.98835981601525,7.023486491766777,0.0,0.0,0.0,0.0,0,0,0,not_projected_visible,0,0.0,-89.92671966552734,1,410.5246447105056,182.67772851459696,416.26681463802186,198.21697900887702,413.39572967426375,190.447353761737,27.023358197470664,5.742169927516272,15.539250494280054,89.2290168843973,1.0,0,0,1,bbox_too_narrow|bbox_area_too_small,0,0.0,90.0732650756836,5,3,2,105.11585069444445,13.0,102.0,204.0,0.017990451388888887,0.00013020833333333333,12170.7509765625,37.23817274305556,3.0,35.0,84.0,0.10684027777777778,0.00012152777777777777,2189.272705078125
34,70809,3.300000049173832,38.0,1.0,0.35,9007,4.311457307733255,0.07288669049739838,1,304.9860066311946,185.08185048535668,335.03016770540376,243.8783506641671,320.0080871682992,214.48010057476188,9.511474246718183,30.04416107420917,58.79650017881042,1766.4915219719485,1.0,0,1,0,eligible,1,2.9605398960056437,0.0739058405160904,1,158.9952200622163,183.6288356971671,216.1866390151722,201.3436141418834,187.59092953869424,192.48622491952523,27.23827167140572,57.1914189529559,17.714778444716302,1013.1333156905625,1.0,0,1,0,eligible,1,4.437333271405308,-73.01615142822266,1,265.4592275504928,154.13719592574375,309.1990848106209,197.48240003418007,287.3291561805569,175.8097979799619,36.534390551717536,43.739857260128076,43.34520410843632,1895.9130406141217,1.0,0,1,0,eligible,1,4.495764871687991,-179.92852783203125,1,289.6997857298273,175.14767528530103,307.52598927721823,190.67933655851897,298.61288750352276,182.91350592191,53.44064499835099,17.826203547390946,15.531661273217935,276.8705552855121,1.0,0,0,1,depth_outside_policy,0,4.316862198236822,-179.90748596191406,0,0.0,163.93809273486815,0.0,253.85199979840115,0.0,208.89504626663467,6.807329813723625,0.0,0.0,0.0,0.0,0,0,0,not_projected_visible,0,0.0,-89.92671966552734,1,411.24952026510573,182.69278986160327,417.04862684203835,198.35850830541136,414.14907355357207,190.52564908350732,26.807207369593783,5.7991065769326156,15.665718443808089,90.84717085986206,1.0,0,0,1,bbox_too_narrow|bbox_area_too_small,0,0.0,90.0732650756836,5,3,2,104.86466579861111,13.0,102.0,204.0,0.018528645833333333,0.00016927083333333334,12304.796875,37.147838541666665,2.0,35.0,84.0,0.1084548611111111,0.00012152777777777777,2207.766845703125
35,70811,3.400000050663948,38.0,1.0,0.35,9007,4.21487243319598,0.07289251685142517,1,304.6414270407531,184.91705933499725,335.94117474027854,245.2809398417286,320.2913008905158,215.09899958836291,9.344350293291528,31.299747699525426,60.36388050673136,1889.3742300249926,1.0,0,1,0,eligible,1,2.8230437073823973,0.07429036498069763,1,146.64609004154582,183.67958737095145,205.97456609245577,201.68090719880814,176.3103280670008,192.68024728487978,26.73895723872511,59.328476050909956,18.00131982785669,1067.9908722917662,1.0,0,1,0,eligible,1,5.144909686852138,-75.96464538574219,1,263.0102229195579,152.9454048726754,308.83766261777004,198.23715622378654,285.923942768664,175.59128054823097,35.184905231936696,45.82743969821212,45.291751351111145,2075.6050038694634,1.0,0,1,0,eligible,1,4.95848514099803,-179.92848205566406,1,288.9228698202839,175.04769129070266,307.233890550841,190.97795111954372,298.0783801855624,183.0128212051232,52.167576624203825,18.311020730557118,15.93025982884106,291.6993179690699,1.0,0,0,1,depth_outside_policy,0,4.1143237352777975,-179.9097442626953,0,0.0,162.20048768399818,0.0,261.7142978340239,0.0,211.95739275901104,6.168706866370114,0.0,0.0,0.0,0.0,0,0,0,not_projected_visible,0,0.0,-89.92671966552734,1,413.46026913994064,182.7377933988911,419.43415556020716,198.78947094121605,416.44721235007387,190.7636321700536,26.168603542094267,5.973886420266524,16.05167754232494,95.89089849259209,1.0,0,0,1,bbox_too_narrow|bbox_area_too_small,0,0.0,90.0732650756836,5,3,2,104.95230902777777,12.0,102.0,205.0,0.019500868055555554,0.0001388888888888889,12013.412109375,37.19112413194444,2.0,35.0,85.0,0.10891059027777777,0.00012152777777777777,2164.6640625
36,70813,3.500000052154064,38.0,1.0,0.35,9007,4.197376787075117,0.07289386540651321,1,304.51998855228265,184.6765444536039,336.63811090446137,246.17984150321672,320.579049728372,215.42819297841032,9.26288953890203,32.118122352178716,61.503297049612826,1975.370419701857,1.0,0,1,0,eligible,1,2.677190641645638,0.07021418958902359,1,142.30032998629412,183.7058329326744,202.34122640880585,201.79630301880377,172.32077819755,192.7510679757391,26.571732358137695,60.040896422511736,18.090470086129358,1086.1680406758396,1.0,0,1,0,eligible,1,5.115548314878699,-76.82923126220703,1,262.12840491566305,152.47369033887625,308.7083031714918,198.46904373935845,285.41835404357744,175.47136703911735,34.72490353256398,46.579898255828766,45.9953534004822,2142.4588816353485,1.0,0,1,0,eligible,1,5.045506797706506,-179.92848205566406,1,288.6597781047766,175.02265685074025,307.13595897965683,191.08672290386664,297.8978685422167,183.05468987730345,51.75294619576049,18.476180874880242,16.064066053126396,296.80258998358687,1.0,0,0,1,depth_outside_policy,0,4.044162545332009,-179.9126434326172,0,0.0,161.55178435995433,0.0,264.69013741361607,0.0,213.1209608867852,5.95851434074021,0.0,0.0,0.0,0.0,0,0,0,not_projected_visible,0,0.0,-89.92671966552734,1,414.2115827520748,182.7588005302147,420.2451583213314,198.94171941856536,417.2283705367031,190.85025997439004,25.958412504954808,6.033575569256641,16.182918888350656,97.64086404401435,1.0,0,1,0,eligible,1,0.0,90.0732650756836,5,4,1,105.24659288194445,13.0,102.0,205.0,0.0191015625,0.00018663194444444445,11896.9990234375,37.31504774305556,3.0,35.0,85.0,0.10926215277777777,0.00012152777777777777,2143.668212890625
37,70815,3.6000000536441803,38.0,1.0,0.35,9007,4.146804827906836,0.07289682328701019,1,304.0386476452678,185.33795168541897,335.8241234263545,247.0358026383722,319.93138553581116,216.18687716189558,9.088948414386527,31.78547578108669,61.69785095295322,1961.0955472101907,1.0,0,1,0,eligible,1,3.2453678309929583,0.073711097240448,1,128.90226603991158,183.81026221857496,191.31912381514664,202.15502722695496,160.1106949275291,192.98264472276497,26.045861507883323,62.41685777523506,18.344765008379994,1145.0225884481629,1.0,0,1,0,eligible,1,4.815835201720912,-79.7382583618164,1,259.32700340755827,151.05474606636685,308.3066775688374,199.2777396679682,283.81684048819784,175.1662428671675,33.357389884436884,48.97967416127915,48.22299360160136,2361.946513687884,1.0,0,1,0,eligible,1,4.857259722244495,-179.92852783203125,1,287.85652148361953,174.9441619528522,306.840095295834,191.4172848150796,297.34830838972675,183.1807233839659,50.52979711845691,18.983573812214445,16.4731228622274,312.7187437727711,1.0,0,0,1,depth_outside_policy,0,3.9269190257260633,-179.913818359375,0,0.0,159.31616457174135,0.0,274.99830303840764,0.0,217.1572338050745,5.332764875327575,0.0,0.0,0.0,0.0,0,0,0,not_projected_visible,0,0.0,-89.92671966552734,1,416.5215227315801,182.8309333035815,422.7396850724907,199.4176045799528,419.63060390203543,191.12426894176716,25.332660897064144,6.218162340910624,16.586671276371305,103.138614691796,1.0,0,1,0,eligible,1,0.0,90.0732650756836,5,4,1,105.22572048611111,12.0,102.0,204.0,0.02037326388888889,0.00020399305555555557,11918.4287109375,37.29440972222222,2.0,35.0,84.0,0.11091145833333334,0.00012152777777777777,2147.813232421875
38,70817,3.7000000551342964,38.0,1.0,0.35,9007,4.126248361572754,0.07289682328701019,1,303.7460819180455,185.3279337827289,335.8952825372122,247.61709168661307,319.8206822276288,216.472512734671,9.033728448283753,32.14920061916672,62.28915790388416,2002.5466338509261,1.0,0,1,0,eligible,1,2.7472160448392082,0.07707574218511581,1,124.42595648203842,183.84173780853055,187.6416568627724,202.29100472776065,156.0338066724054,193.0663712681456,25.864259463433235,63.21570038073399,18.449266919230098,1166.283329810237,1.0,0,1,0,eligible,1,4.686315190927842,-80.51617431640625,1,258.34913381644657,150.58915931818782,308.1692180849939,199.5895277142279,283.2591759507202,175.08934351620786,32.909685408188274,49.820084268547305,49.00036839604007,2441.2024826805787,1.0,0,1,0,eligible,1,4.797693181735433,-179.92852783203125,1,287.5836108330543,174.90907381783325,306.73856672019275,191.52178404308313,297.1610887766235,183.2154289304582,50.126648188239315,19.154955887138442,16.612710225249884,318.21573153047524,1.0,0,0,1,depth_outside_policy,0,3.918430738050514,-179.91616821289062,0,0.0,158.4513772159352,0.0,278.97635034231183,0.0,218.71386377912353,5.126027357017028,0.0,0.0,0.0,0.0,0,0,0,not_projected_visible,0,0.0,-89.92671966552734,1,417.30981732659853,182.85427375071055,423.5913968004521,199.57879910484775,420.45060706352535,191.21653642777915,25.125923378753598,6.281579473853583,16.7245253541372,105.05643517449205,1.0,0,1,0,eligible,1,0.0,90.0732650756836,5,4,1,105.22846354166667,12.0,102.0,204.0,0.021388888888888888,0.00015625,11870.0126953125,37.30388020833333,2.0,35.0,85.0,0.11033420138888889,0.00012152777777777777,2137.87255859375
39,70819,3.8000000566244125,38.0,1.0,0.35,9007,4.049388348700165,0.07290257513523102,1,303.57157922926746,185.4894046247985,336.2995220341947,249.37059373309788,319.9355506317311,217.4299991789482,8.828639327771551,32.72794280492724,63.88118910829937,2090.6999034471623,1.0,0,1,0,eligible,1,2.9704782995194825,0.07801831513643265,1,110.89142598304286,183.92393422477394,176.56129907853247,202.7330499049658,143.72636253078767,193.32849206486986,25.31693896853287,65.6698730954896,18.809115680191866,1235.1922397565836,1.0,0,1,0,eligible,1,4.546110492408223,-82.49882507324219,1,255.2467875978697,149.1251636524993,307.7400324237772,200.59305975208264,281.4934100108235,174.859111702291,31.57831162403701,52.49324482590751,51.46789609958333,2701.716870629798,1.0,0,1,0,eligible,1,4.8228101171678075,-179.92852783203125,1,286.74295950725343,174.77058282944336,306.4293660142598,191.81359503199525,296.5861627607566,183.2920889307193,48.92696625057143,19.68640650700638,17.043012202551893,335.51566632330673,1.0,0,0,1,depth_outside_policy,0,3.90633249346718,-179.91546630859375,0,0.0,155.3971408891426,0.0,292.99304032467853,0.0,224.19509060691058,4.513333577042028,0.0,0.0,0.0,0.0,0,0,0,not_projected_visible,0,0.0,-89.92671966552734,1,419.7230219320754,182.9210550191883,426.2001414294551,200.06791066513173,422.9615816807652,191.49448284216,24.51323544262861,6.477119497379647,17.146855645943447,111.06223302309458,1.0,0,1,0,eligible,1,0.0,90.0732650756836,5,4,1,105.87983072916667,12.0,102.0,205.0,0.02020833333333333,0.00019097222222222223,11968.8798828125,37.538797743055554,2.0,35.0,85.0,0.10861111111111112,0.00012152777777777777,2157.25439453125
40,70821,3.9000000581145287,38.0,1.0,0.35,9007,4.031234666726282,0.07290257513523102,1,303.5247589076766,185.58394009588812,336.45133147750335,249.6589843502711,319.98804519259,217.62146222307962,8.782766554150061,32.92657256982676,64.07504425438299,2109.7715945568025,1.0,0,1,0,eligible,1,3.171278737166199,0.0758194550871849,1,106.27744656490022,183.95126928728376,172.7716078925389,202.8952750998888,139.52452722871956,193.42327219358629,25.13422804106147,66.49416132763868,18.94400581260504,1259.6657786950846,1.0,0,1,0,eligible,1,4.558520821134535,-82.96800994873047,1,254.14038582538382,148.59703407567306,307.5899432892316,200.94421970690016,280.8651645573077,174.7706268912866,31.13414526641339,53.44955746384778,52.34718563122709,2797.9339064669794,1.0,0,1,0,eligible,1,4.859678716570812,-179.92852783203125,1,286.4567507973935,174.71860161524998,306.3227754001701,191.9088017890296,296.3897630987818,183.31370170213978,48.53051602757966,19.866024602776577,17.19020017377963,341.5009395789603,1.0,0,0,1,depth_outside_policy,0,3.890552308618287,-179.91819763183594,0,0.0,154.19402865080457,0.0,298.52684734060534,0.0,226.36043799570496,4.311425465469762,0.0,0.0,0.0,0.0,0,0,0,not_projected_visible,0,0.0,-89.92671966552734,1,420.54478555441705,182.94538581987428,427.0889077598182,200.2361338899283,423.8168466571176,191.5907598549013,24.311327331056344,6.544122205401152,17.290748070054036,113.15276839323774,1.0,0,1,0,eligible,1,0.0,90.0732650756836,5,4,1,106.05892361111111,12.0,102.0,206.0,0.021089409722222223,0.00020833333333333335,12041.5615234375,37.61825520833333,2.0,35.0,86.0,0.10984809027777778,0.00012152777777777777,2163.6044921875
41,70823,4.000000059604645,38.0,1.0,0.35,9007,3.97222149073876,0.07290735095739365,1,303.1153123274392,185.42019836971429,337.72874216585944,251.58003155252462,320.42202724664935,218.50011496111944,8.587690931173594,34.613429838420245,66.15983318281033,2290.018743994793,1.0,0,1,0,eligible,1,2.721606997822021,0.09714090824127197,1,91.49890179726606,184.04778495652187,160.80711063669045,203.39141717810406,126.15300621697826,193.71960106731296,24.57230791613337,69.3082088394244,19.343632221582197,1340.6725017264378,1.0,0,1,0,eligible,1,4.840684119887851,-84.89336395263672,1,250.58447375756643,146.89775389960963,307.1177269050157,202.07124098090256,278.85110033129104,174.4844974402561,29.80229712630555,56.533253147449244,55.17348708129293,3119.136712194254,1.0,0,1,0,eligible,1,4.873637660510789,-179.92852783203125,1,285.5767698242299,174.55571195095493,306.00035291709946,192.19821360067678,295.7885613706647,183.37696277581585,47.354575678929415,20.423583092869535,17.64250164972185,360.3230984091821,1.0,0,1,0,eligible,1,3.8043268400913104,-179.9166259765625,0,0.0,149.80827636366558,0.0,318.71761021811295,0.0,234.26294329088927,3.7114115388605686,0.0,0.0,0.0,0.0,0,0,0,not_projected_visible,0,0.0,-89.92671966552734,1,423.069464267886,183.02263324901946,429.8207626005973,200.75561192089316,426.44511343424165,191.8891225849563,23.711312909946805,6.751298332711258,17.732978671873695,119.72062934142518,1.0,0,1,0,eligible,1,0.0,90.0732650756836,5,5,0,106.32635850694444,12.0,102.0,206.0,0.020303819444444444,0.00021701388888888888,11874.9248046875,37.72391493055556,2.0,35.0,86.0,0.10939670138888889,0.00012152777777777777,2143.177734375
42,70825,4.100000061094761,38.0,1.0,0.35,9007,3.953863484090117,0.07290735095739365,1,303.00569646040515,185.59208956868477,337.1792464474205,252.05688271002865,320.0924714539128,218.8244861393567,8.530261440602052,34.17354998701535,66.46479314134388,2271.3379307923497,1.0,0,1,0,eligible,1,2.905926445940825,0.10066661238670349,1,86.23943519078948,184.07710122808513,156.53577342388516,203.5688071121477,121.38760430733731,193.82295417011642,24.382964715906844,70.29633823309568,19.491705884062583,1370.1955495660845,1.0,0,1,0,eligible,1,4.9404674585622015,-85.44375610351562,1,249.32061272509998,146.29908395539692,306.95307462727544,202.4776835319508,278.1368436761877,174.38838374367384,29.361016582673173,57.632461902175464,56.178599576553864,3237.7109998133114,1.0,0,1,0,eligible,1,4.856149168838508,-179.92852783203125,1,285.27749800330525,174.4997686538416,305.88986922450454,192.29631981168185,295.5836836139049,183.39804423276172,46.967671733640486,20.612371221199282,17.79655115784024,366.82911892246693,1.0,0,1,0,eligible,1,3.7715840957601916,-179.9188995361328,0,0.0,148.01182145044376,0.0,326.9804245619374,0.0,237.4961230061906,3.513350549480686,0.0,0.0,0.0,0.0,0,0,0,not_projected_visible,0,0.0,-89.92671966552734,1,423.9308831605003,183.04812585429636,430.75337447956576,200.93208768985875,427.34212882003305,191.99010677207755,23.513251920566923,6.8224913190654775,17.88396183556239,122.01317437362269,1.0,0,1,0,eligible,1,0.0,90.0732650756836,5,5,0,106.75385416666667,13.0,102.0,207.0,0.019908854166666667,0.00018663194444444445,11630.1220703125,37.88223090277778,3.0,35.0,86.0,0.10642361111111111,0.00012152777777777777,2110.636474609375
43,70827,4.200000062584877,38.0,1.0,0.35,9007,3.8855352868495707,0.07291246205568314,1,302.60796383705474,185.81440353112475,337.17875019151666,252.98798012434594,319.8933570142857,219.40119182773535,8.42622909925871,34.570786354461916,67.17357659322118,2322.2433650693333,1.0,0,1,0,eligible,1,3.470732041196044,0.09016663581132889,1,69.93262036269495,184.17734671238952,143.32297752515655,204.09936919499975,106.62779894392574,194.13835795369465,23.81744119160954,73.3903571624616,19.92202248261023,1462.0843453973548,1.0,0,1,0,eligible,1,4.847487891891007,-86.93569946289062,1,245.26904258084696,144.3898418013783,306.436787285703,203.79064254105248,275.852914933275,174.09024217121538,28.047095432221525,61.16774470485606,59.40080073967417,3633.4130149084144,1.0,0,1,0,eligible,1,4.836734730466215,-179.92852783203125,1,284.3578241924202,174.33261410876818,305.5559332730174,192.6013652680247,294.9568787327188,183.46698968839644,45.82210709702754,21.19810908059719,18.26875115925651,387.2629798402059,1.0,0,1,0,eligible,1,3.691407367090949,-179.91744995117188,0,0.0,141.1520629651884,0.0,358.5256255494127,0.0,249.83884425730056,2.9257693196511507,0.0,0.0,0.0,0.0,0,0,0,not_projected_visible,0,0.0,-89.92671966552734,1,426.5731175231105,183.12546635980897,433.6155600086921,201.47285978047503,430.0943387659013,192.29916307014201,22.925673145733327,7.042442485581603,18.347393420666066,129.21046292537906,1.0,0,1,0,eligible,1,0.0,90.0732650756836,5,5,0,107.21828125,12.0,102.0,207.0,0.020499131944444443,0.00018663194444444445,11703.865234375,38.06157552083334,2.0,35.0,86.0,0.10500868055555555,0.00012152777777777777,2122.100830078125
44,70829,4.300000064074993,38.0,1.0,0.35,9007,3.86824229658254,0.07291246205568314,1,302.64297619893364,185.86753888539408,337.2126207993447,253.0699830235768,319.92779849913916,219.46876095448545,8.412930280311647,34.56964460041104,67.20244413818273,2323.164610135953,1.0,0,1,0,eligible,1,3.689438578178289,0.09039907157421112,1,64.43024534299582,184.21339937156702,138.86254451152547,204.28488118856475,101.64639492726064,194.2491402800659,23.62894238990809,74.43229916852965,20.071481816997732,1493.9665393584783,1.0,0,1,0,eligible,1,4.74130685746273,-87.25888061523438,1,243.81841766509007,143.70460215749088,306.25665333000035,204.25780367106725,275.0375354975452,173.98120291427907,27.611233630143285,62.43823566491028,60.55320151357637,3780.8350663694832,1.0,0,1,0,eligible,1,4.8435275114578005,-179.92787170410156,1,284.044771524491,174.27783058450115,305.4409452548031,192.7075483085889,294.74285838964704,183.49268944654503,45.44462354677853,21.396173730312114,18.429717724087766,394.3254422251942,1.0,0,1,0,eligible,1,3.6714943284914976,-179.92051696777344,0,0.0,138.19593002855038,0.0,359.0,0.0,248.5979650142752,2.732018938181424,0.0,0.0,0.0,0.0,0,0,0,not_projected_visible,0,0.0,-89.92671966552734,1,427.4740287468129,183.1521338212898,434.5920007664738,201.6576523979523,431.03301475664335,192.40489310962104,22.7319227642636,7.117972019660897,18.505518576662496,131.7217634379986,1.0,0,1,0,eligible,1,0.0,90.0732650756836,5,5,0,107.52845486111111,12.0,102.0,209.0,0.020833333333333332,0.0001779513888888889,11576.654296875,38.17724826388889,2.0,35.0,87.0,0.10481770833333333,0.00012152777777777777,2099.080322265625
45,70831,4.400000065565109,38.0,1.0,0.35,9007,3.80746935159897,0.07291608303785324,1,302.79726545728505,185.93450795874662,337.13458957907824,252.53945496803902,319.9659275181816,219.23698146339282,8.4542734576526,34.33732412179319,66.6049470092924,2287.035653572933,1.0,0,1,0,eligible,1,4.4903063985621685,0.09087741374969482,1,48.02955333801158,184.32299761615357,125.6937740815537,204.8603627221698,86.86166370978265,194.5916801691617,23.0657690237555,77.66422074354212,20.53736510601624,1595.0184570843644,1.0,0,1,0,eligible,1,4.27991272444918,-88.09220886230469,1,239.1269768383892,141.4748224990071,305.6872241519484,205.7559246049239,272.4071004951688,173.6153735519655,26.307820235611118,66.56024731355919,64.2811021059168,4278.566053757972,1.0,0,1,0,eligible,1,4.857651834520302,-179.92733764648438,1,283.07862564563396,174.1162302139696,305.093243345777,193.04136757339316,294.0859344957055,183.57879889368138,44.32325587829709,22.01461770014305,18.92513735942356,416.62966389040434,1.0,0,1,0,eligible,1,3.617117322338116,-179.9185028076172,0,0.0,125.98953788955521,0.0,359.0,0.0,242.4947689447776,2.156629217406861,0.0,0.0,0.0,0.0,0,0,0,not_projected_visible,0,0.0,-89.92671966552734,1,430.24168482384283,183.23531109028104,437.5933641971556,202.22691246579777,433.9175245104992,192.7311117780394,22.156533228491462,7.351679373312777,18.991601375516723,139.62016409856486,1.0,0,1,0,eligible,1,0.0,90.0732650756836,5,5,0,107.85835503472222,12.0,102.0,211.0,0.019930555555555556,0.00022135416666666666,11557.1826171875,38.300394965277775,2.0,35.0,87.0,0.10417100694444445,0.00012152777777777777,2092.472412109375
46,70833,4.500000067055225,38.0,1.0,0.35,9007,3.7905165851309874,0.0729183480143547,1,302.90187753583365,185.92657753185378,337.040054108217,252.08488383905313,319.97096582202533,219.00573068545344,8.498113278892498,34.13817657238337,66.15830630719935,2258.523942444996,1.0,0,1,0,eligible,1,4.785735399540597,0.08789727836847305,1,42.58900752449209,184.35501601182614,121.33381118322674,205.06770846585238,81.96140935385941,194.71136223883926,22.878628289103403,78.74480365873465,20.71269245402624,1631.016900536051,1.0,0,1,0,eligible,1,4.21192060877762,-88.23772430419922,1,237.43951247560844,140.6708795595474,305.4874499156928,206.29297584052603,271.4634811956506,173.4819277000367,25.87514200265966,68.04793744008438,65.62209628097864,4465.448302415229,1.0,0,1,0,eligible,1,4.855711589902555,-179.9272918701172,1,282.7487007042682,174.06309435139747,304.9735099935331,193.15763043181684,293.86110534890065,183.61036239160717,43.95318688521333,22.224809289264954,19.094536080419374,424.3724228543093,1.0,0,1,0,eligible,1,3.5970889716964916,-179.92112731933594,0,0.0,120.22935271339314,0.0,359.0,0.0,239.61467635669658,1.9667700276530855,0.0,0.0,0.0,0.0,0,0,0,not_projected_visible,0,0.0,-89.92671966552734,1,431.1863041804546,183.2638040102113,438.6183472467558,202.42144821529,434.9023257136052,192.84262611275065,21.96667436631156,7.432043066301162,19.157644205078725,142.38043678101997,1.0,0,1,0,eligible,1,0.0,90.0732650756836,5,5,0,107.97837239583333,12.0,102.0,212.0,0.02051215277777778,0.00021701388888888888,11650.5634765625,38.35109375,2.0,35.0,88.0,0.10370659722222222,0.00012152777777777777,2107.583251953125
47,70835,4.6000000685453415,38.0,1.0,0.35,9007,3.726645626813078,0.0729183480143547,1,303.29388217719753,185.6631670559739,336.6648263541836,250.70278327516877,319.9793542656906,218.18297516557135,8.66593599886747,33.370944176986086,65.03961621919487,2170.433402143351,1.0,0,1,0,eligible,1,4.808313394979069,0.08516313135623932,1,25.827644358346763,184.46511310943657,107.98003597319479,205.71047888393105,66.90384016577077,195.0877959966838,22.32243433850148,82.15239161484803,21.245365774494473,1745.357609106959,1.0,0,1,0,eligible,1,4.206555194798092,-88.75757598876953,1,231.95826905486334,138.05935877780516,304.8566386228686,208.03736054642764,268.407453838866,173.0483596621164,24.58412958219766,72.89836956800528,69.97800176862248,5101.282234559569,1.0,0,1,0,eligible,1,4.847604397984242,-179.9272918701172,1,281.7314412628723,173.90458841251635,304.61128936140955,193.5197985352907,293.1713653121409,183.71219347390354,42.85542337320659,22.879848098537252,19.615210122774357,448.79302802996756,1.0,0,1,0,eligible,1,3.528634669816925,-179.91851806640625,0,0.0,92.53644975950672,0.0,359.0,0.0,225.76822487975335,1.4033163533366793,0.0,0.0,0.0,0.0,0,0,0,not_projected_visible,0,0.0,-89.92671966552734,1,434.08767838275264,183.34970880233075,441.76845511212406,203.01767006648234,437.9280667474384,193.18368943440655,21.403220691995152,7.680776729371416,19.667961264151586,151.06521919187392,1.0,0,1,0,eligible,1,0.0,90.0732650756836,5,5,0,109.10328993055556,13.0,103.0,213.0,0.01810329861111111,0.00022569444444444443,11546.0947265625,38.7734375,3.0,35.0,89.0,0.09715711805555556,0.00012152777777777777,2102.093994140625
48,70837,4.700000070035458,38.0,1.0,0.35,9007,3.710469151769705,0.0729183480143547,1,303.42338664451745,185.6210748942741,336.53761771849696,250.17457837364196,319.9805021815072,217.89782663395803,8.72494104089199,33.11423107397951,64.55350347936786,2137.639630850728,1.0,0,1,0,eligible,1,4.956033756132719,0.08537761867046356,1,20.02069322644301,184.50001910637,103.3561451877464,205.93513808894048,61.68841920709471,195.21757859765523,22.137121408851826,83.33545196130339,21.435118982570486,1786.3053282568253,1.0,0,1,0,eligible,1,4.266394481172794,-88.88658142089844,1,229.97568178041806,137.1148662325362,304.6350378633166,208.6683267211648,267.30535982186734,172.8915964768505,24.155914350327414,74.65935608289854,71.55346048862859,5342.135285584133,1.0,0,1,0,eligible,1,4.847719788922493,-179.9272918701172,1,281.38465839018124,173.85218937500176,304.48663541590616,193.64516596239562,292.9356469030437,183.7486776686987,42.49376123197124,23.10197702572492,19.792976587393866,457.25689039268434,1.0,0,1,0,eligible,1,3.504837376591932,-179.92124938964844,0,0.0,76.75633163068827,0.0,359.0,0.0,217.87816581534412,1.217477653995859,0.0,0.0,0.0,0.0,0,0,0,not_projected_visible,0,0.0,-89.92671966552734,1,435.07807063266813,183.37902806821165,442.8444052934535,203.22131708431962,438.96123796306085,193.30017257626565,21.21738199265433,7.76633466078539,19.84228901610797,154.10185693512054,1.0,0,1,0,eligible,1,0.0,90.0732650756836,5,5,0,109.03760416666667,12.0,103.0,215.0,0.018932291666666667,0.00026041666666666666,11644.4248046875,38.773441840277776,2.0,35.0,90.0,0.09732204861111111,0.00012152777777777777,2116.21240234375
49,70839,4.800000071525574,38.0,1.0,0.35,9007,3.6502870085885912,0.0729265958070755,1,303.78638082701383,185.3939777357685,336.1884018001876,248.85166782010796,319.9873913136007,217.1228227779382,8.893377380929707,32.40202097317376,63.457690084339475,2056.1574050219283,1.0,0,1,0,eligible,1,4.573694756421199,0.0854915902018547,1,1.5777697217550957,184.60483223846006,88.71773577033389,206.62494724819555,45.14775274604449,195.6148897433278,21.586407355206426,87.1399660485788,22.02011500973549,1918.832074334151,1.0,0,1,0,eligible,1,4.5081554506912225,-89.3611068725586,1,223.48396416692606,134.0206133148613,303.9327675590407,210.73353148111528,263.7083658629834,172.3770723979883,22.876726617846458,80.44880339211466,76.71291816625398,6171.462471192348,1.0,0,1,0,eligible,1,4.851741897942061,-179.9272918701172,1,280.31568015798,173.69388843500462,304.10954512723544,194.03372059853632,292.2126126426077,183.86380451677047,41.42132628547313,23.793864969255424,20.339832163531696,483.96321999639156,1.0,0,1,0,eligible,1,3.437905627126756,-179.91920471191406,0,0.0,0.0,0.0,359.0,0.0,179.5,0.6657154919349413,0.0,0.0,0.0,0.0,0,0,0,not_projected_visible,0,0.0,-89.92671966552734,1,438.1224886040272,183.4699323643372,446.1538851296237,203.84850725816227,442.13818686682544,193.65921981124973,20.66562197507244,8.031396525596506,20.37857489382506,163.6684155988748,1.0,0,1,0,eligible,1,0.0,90.0732650756836,5,5,0,109.14871961805555,12.0,103.0,218.0,0.020078125,0.0002517361111111111,12004.9296875,38.835859375,2.0,35.0,90.0,0.10023871527777778,0.00012152777777777777,2157.099609375
50,70841,4.90000007301569,38.0,1.0,0.35,9007,3.6345308658881703,0.0729265958070755,1,303.88327191629867,185.36334297532227,336.09559501162573,248.45717387994628,319.9894334639622,216.9102584276343,8.939977969938822,32.212323095327065,63.093830904624014,2032.3988664216806,1.0,0,1,0,eligible,1,4.577098721792615,0.08549568802118301,1,0.0,184.64323172452478,83.62526220194087,206.85944194425534,41.812631100970435,195.75133683439006,21.403961543332755,83.62526220194087,22.216210219730556,1857.8364047584062,1.0,1,0,1,edge_touching_or_truncated,0,4.489827472223758,-89.43463897705078,1,221.11718148015214,132.89213518452593,303.685315189581,211.48621265575198,262.4012483348666,172.18917392013896,22.45210291913074,82.56813370942885,78.59407747122606,6489.366297413403,1.0,0,1,0,eligible,1,4.85213766750583,-179.9272918701172,1,279.9516368944859,173.63960960766605,303.979478126472,194.1661611229798,291.9655575104789,183.9028853653229,41.06787720049817,24.027841231986088,20.52655151531374,493.208720850142,1.0,0,1,0,eligible,1,3.4174384154665054,-179.9227294921875,0,0.0,0.0,0.0,359.0,0.0,179.5,0.48367623107068347,0.0,0.0,0.0,0.0,0,0,0,not_projected_visible,0,0.0,-89.92671966552734,1,439.1627188339998,183.50072439982762,447.28539544380254,204.06264888908208,443.2240571389012,193.78168664445485,20.483582714208183,8.122676609802738,20.561924489254466,167.01786310139735,1.0,0,1,0,eligible,1,0.0,90.0732650756836,5,4,1,109.62086805555556,13.0,104.0,218.0,0.01900607638888889,0.00024305555555555555,11646.4482421875,39.04154079861111,3.0,35.0,91.0,0.09905815972222222,0.00026041666666666666,2103.774658203125
51,70843,5.000000074505806,38.0,1.0,0.35,9007,3.5736134393400203,0.0729265958070755,1,304.21760655913045,185.35749008951066,335.77575433477557,246.96579167392892,319.996680446953,216.1616408817198,9.103192408363013,31.558147775645125,61.60830158441826,1944.243885607583,1.0,0,1,0,eligible,1,4.838882111459629,0.08550310134887695,1,0.0,184.76361569270082,68.15835060068096,207.56488206676363,34.07917530034048,196.1642488797322,20.86285013495252,68.15835060068096,22.801266374062806,1554.0967076628901,1.0,1,0,1,edge_touching_or_truncated,0,4.261301166038535,-89.74982452392578,1,213.3048710967626,129.16984244496936,302.8995524250567,213.97379559405496,258.10221176090965,171.57181901951216,21.18412747490857,89.59468132829409,84.8039531490856,7597.983157771906,1.0,0,1,0,eligible,1,4.850504484300663,-179.9272918701172,1,278.82845364768326,173.46992825127472,303.58680335789035,194.5713340118197,291.2076285027868,184.0206311315472,40.01942442127138,24.758349710207085,21.101405760544964,522.4359831965505,1.0,0,1,0,eligible,1,3.3581356853385653,-179.92018127441406,0,0.0,0.0,0.0,359.0,0.0,179.5,0.13105911655390834,0.0,0.0,0.0,0.0,0,0,0,not_projected_visible,0,0.0,-89.92671966552734,1,442.36153374046404,183.59540852374238,450.76715458163795,204.72147853768448,446.564344161051,194.15844353071344,19.943286159642753,8.405620841173914,21.126070013942098,177.57773440129097,1.0,0,1,0,eligible,1,0.0,90.0732650756836,5,4,1,109.81423177083333,12.0,104.0,219.0,0.020750868055555555,0.0003125,11740.9609375,39.157977430555555,2.0,35.0,92.0,0.10227430555555556,0.00026041666666666666,2112.482421875
52,70845,5.100000075995922,38.0,1.0,0.35,9007,3.558542273564556,0.07293213903903961,1,304.350441624728,185.3550637691881,335.6469290734902,246.358022762099,319.9986853491091,215.85654326564355,9.17165343827371,31.296487448762207,61.00295899291092,1909.1783404589921,1.0,0,1,0,eligible,1,4.972076235197295,0.08550762385129929,1,0.0,184.7972651608401,63.00506463905889,207.81208397736034,31.502532319529443,196.30467456910023,20.683702445896195,63.00506463905889,23.014818816520233,1450.050147191086,1.0,1,0,1,edge_touching_or_truncated,0,4.108700324079424,-89.77080535888672,1,210.43202460263012,127.80263398448197,302.62155858156154,214.88974827955298,256.52679159209583,171.34619113201748,20.763402579802005,92.18953397893142,87.087114295071,8028.520482432533,1.0,0,1,0,eligible,1,4.85011967277926,-179.9272918701172,1,278.445216866852,173.4112820085391,303.4512765217038,194.7093785722119,290.9482466942779,184.0603302903755,39.673840054487655,25.00605965485181,21.2980965636728,532.5814732059964,1.0,0,1,0,eligible,1,3.3381087610879585,-179.9232635498047,0,nan,nan,nan,nan,nan,nan,nan,0.0,0.0,0.0,0.0,0,0,0,not_projected_visible,0,0.0,-89.92671966552734,1,443.4544252128872,183.6282945458547,451.9575139963418,204.94730616152745,447.7059696046145,194.28780035369107,19.765064666488026,8.503088783454587,21.319011615672764,181.27744854356513,1.0,0,1,0,eligible,1,0.0,90.0732650756836,5,4,1,110.40667534722222,12.0,105.0,221.0,0.020477430555555554,0.0004991319444444444,11574.2548828125,39.347118055555555,2.0,35.0,92.0,0.10256076388888889,0.00026041666666666666,2085.63623046875
53,70847,5.200000077486038,38.0,1.0,0.35,9007,3.4997701392211242,0.07293213903903961,1,304.7168029696238,185.14717490172944,335.29405108038463,244.97517415567026,320.0054270250042,215.06117452869984,9.363174926880784,30.57724811076082,59.82799925394082,1829.3755771581616,1.0,0,1,0,eligible,1,4.571065425696557,0.08549357205629349,1,0.0,184.90918505316483,47.69297698970043,208.6001272720997,23.846488494850217,196.75465616263227,20.1530249299095,47.69297698970043,23.69094221893488,1129.8915621119836,1.0,1,0,1,edge_touching_or_truncated,0,3.850612610575847,-89.98370361328125,1,200.850349472441,123.24217367734097,301.7353335288318,217.9447121063851,251.2928415006364,170.59344289186305,19.506751047661886,100.8849840563908,94.70253842904414,9554.064079513855,1.0,0,1,0,eligible,1,4.850617961738525,-179.9272918701172,1,277.26332869331264,173.22614791954638,303.04114537615754,195.1297168701361,290.1522370347351,184.17793239484124,38.64889538925249,25.7778166828449,21.903568950589715,564.6261851083551,1.0,0,1,0,eligible,1,3.2763972230919167,-179.92176818847656,0,nan,nan,nan,nan,nan,nan,nan,0.0,0.0,0.0,0.0,0,0,0,not_projected_visible,0,0.0,-89.92671966552734,1,446.8175939231479,183.72784353826384,455.6231581479585,205.64097103346597,451.2203760355532,194.6844072858649,19.23597950718627,8.80556422481061,21.913127495202133,192.95745152546561,1.0,0,1,0,eligible,1,0.0,90.0732650756836,5,4,1,111.06384114583334,12.0,105.0,223.0,0.02083767361111111,0.0009114583333333333,11846.1884765625,39.587955729166666,2.0,36.0,92.0,0.10334201388888889,0.00026041666666666666,2133.060791015625
54,70849,5.300000078976154,38.0,1.0,0.35,9007,3.484993614246738,0.04843839257955551,1,304.9937635021725,185.1136470577869,335.3773709932591,244.57694043615268,320.18556724771577,214.8452937469698,9.416574835887335,30.383607491086593,59.46329337836579,1806.7093661355946,1.0,0,1,0,eligible,1,4.557389609671956,0.0854932889342308,1,0.0,184.96342698448225,42.733099782068834,208.8633580027327,21.366549891034417,196.9133924936075,19.986110664948466,42.733099782068834,23.89993101825044,1021.3181369874582,1.0,1,0,1,edge_touching_or_truncated,0,3.848922234981273,-89.97662353515625,1,197.4678677298562,121.55154130394921,301.5731109552951,219.08045839055475,249.52048934257564,170.315999847252,19.091124955786118,104.10524322543887,97.52891708660555,10153.271634814731,1.0,0,1,0,eligible,1,4.850866393474852,-179.9272918701172,1,277.0085581672428,173.16368177759077,303.0455990874188,195.27409835141353,290.0270786273308,184.21889006450215,38.31267135277428,26.03704092017597,22.11041657382276,575.6898210947602,1.0,0,1,0,eligible,1,3.2557422873611133,-179.92506408691406,0,nan,nan,nan,nan,nan,nan,nan,0.0,0.0,0.0,0.0,0,0,0,not_projected_visible,0,0.0,-89.92671966552734,1,448.14494727060105,183.7580184931917,457.0576671832861,205.87843198251815,452.6013072269436,194.81822523785493,19.058073950337445,8.912719912685077,22.120413489326438,197.15304978314734,1.0,0,1,0,eligible,1,0.0,90.0732650756836,5,4,1,111.66414496527777,12.0,105.0,225.0,0.020915798611111112,0.0013020833333333333,11579.5546875,39.835872395833334,2.0,36.0,92.0,0.10366319444444444,0.00026041666666666666,2082.964111328125
55,70851,5.4000000804662704,38.0,1.0,0.35,9007,3.426640509923044,-0.02331542782485485,1,305.873224945263,185.10062597841346,335.6160876729478,243.12995430057538,320.7446563091054,214.11529013949442,9.596243482606578,29.74286272768478,58.029328322161916,1725.9583464658124,1.0,0,1,0,eligible,1,4.794022176555819,0.08550101518630981,1,0.0,185.0935199626393,27.3891233631708,209.62526651277278,13.6945616815854,197.35939323770606,19.492066908321714,27.3891233631708,24.531746550133477,671.9030325756455,1.0,1,0,1,edge_touching_or_truncated,0,3.9793519706622833,-90.1026611328125,1,186.0177603068315,115.83471401131281,301.0248647038805,222.90942986461204,243.52131250535598,169.37207193796243,17.849593571834962,115.007104397049,107.07471585329922,12314.353024424741,1.0,0,1,0,eligible,1,4.850790101081485,-179.9272918701172,1,276.20894683069264,172.96463556505282,303.05205889273276,195.71102577804947,289.63050286171267,184.33783067155116,37.31552548950745,26.84311206204012,22.74639021299666,610.583901494362,1.0,0,1,0,eligible,1,3.1955313488801886,-179.9219512939453,0,nan,nan,nan,nan,nan,nan,nan,0.0,0.0,0.0,0.0,0,0,0,not_projected_visible,0,0.0,-89.92671966552734,1,452.2240990644726,183.8663734835415,461.4722109594972,206.62599424526022,456.8481550119849,195.24618386440085,18.530100115741284,9.248111895024579,22.759620761718708,210.48351949269914,1.0,0,1,0,eligible,1,0.0,90.0732650756836,5,4,1,111.22865885416667,12.0,105.0,225.0,0.021436631944444444,0.0012630208333333332,11546.9755859375,39.65157118055556,2.0,36.0,93.0,0.10399305555555556,0.00026041666666666666,2078.21484375
56,70853,5.500000081956387,38.0,1.0,0.35,9007,3.412630658215959,-0.042633056640625,1,306.1557862788265,185.1009944401118,335.64719675484264,242.54059582986787,320.90149151683454,213.82079513498985,9.67030781607549,29.491410476016142,57.439601389756064,1693.9748621640433,1.0,0,1,0,eligible,1,4.944559617229634,0.08245920389890671,1,0.0,185.13620238276434,21.942109191761066,209.88327994173073,10.971054595880533,197.50974116224754,19.327315723894205,21.942109191761066,24.747077558966396,543.0030779758206,1.0,1,0,1,edge_touching_or_truncated,0,4.081320862336759,-90.08135986328125,1,181.65872544637514,113.6813635928334,300.793523982154,224.35194800227737,241.22612471426459,169.0166557975554,17.43728693296561,119.13479853577886,110.67058440944396,13184.717777456015,1.0,0,1,0,eligible,1,4.850650865831451,-179.9272918701172,1,275.90625293037624,172.89630225883022,303.0230186483725,195.86054587004102,289.46463578937437,184.37842406443562,36.98663315738899,27.11676571799626,22.964243611210804,622.7160138961957,1.0,0,1,0,eligible,1,3.176137174666471,-179.92529296875,0,nan,nan,nan,nan,nan,nan,nan,0.0,0.0,0.0,0.0,0,0,0,not_projected_visible,0,0.0,-89.92671966552734,1,453.58607889480726,183.9040202170369,462.949595095408,206.881946806157,458.2678369951076,195.39298351159695,18.356526298586036,9.363516200600714,22.977926589120102,215.15418787343998,1.0,0,1,0,eligible,1,0.0,90.0732650756836,5,4,1,110.88480034722222,12.0,105.0,224.0,0.021553819444444445,0.0009852430555555556,11663.658203125,39.49177517361111,2.0,36.0,93.0,0.10488715277777778,0.00026041666666666666,2097.51708984375
57,70855,5.600000083446503,38.0,1.0,0.35,9007,3.355403659503447,-0.09185791015625,1,306.9141347986685,184.9098594547691,335.6914724956484,241.14429884230026,321.30280364715844,213.02707914853468,9.885035164304737,28.777337696979885,56.234439387531154,1618.2774524553306,1.0,0,1,0,eligible,1,4.598530286285238,0.07693679630756378,1,0.0,185.25961150093886,4.916647358079108,210.70293356533773,2.458323679039554,197.98127253313828,18.836938239846646,4.916647358079108,25.44332206439887,125.09584220868258,1.0,1,0,1,bbox_too_narrow|edge_touching_or_truncated,0,4.096341826968309,-90.17742919921875,1,166.59836833265015,106.28920990629321,299.9749579685482,229.30145096707483,233.28666315059917,167.79533043668403,16.205234780217037,133.37658963589806,123.01224106078162,16406.95319615604,1.0,0,1,0,eligible,1,4.850585067174711,-179.9272918701172,1,274.9097377092351,172.6845862262194,302.8831672469719,196.3207455913587,288.89645247810347,184.50266590878906,36.0105666063662,27.973429537736763,23.636159365139292,661.1844385434409,1.0,0,1,0,eligible,1,3.11895434901006,-179.92190551757812,0,nan,nan,nan,nan,nan,nan,nan,0.0,0.0,0.0,0.0,0,0,0,not_projected_visible,0,0.0,-89.92671966552734,1,457.7157482141907,184.01791642850483,467.4369485982079,207.66780348139136,462.57634840619926,195.8428599549481,17.842385345137345,9.721200384017209,23.649887052886527,229.9052911004841,1.0,0,1,0,eligible,1,0.0,90.0732650756836,5,4,1,110.8580642361111,12.0,105.0,225.0,0.02068142361111111,0.0008637152777777778,11599.955078125,39.504496527777775,2.0,36.0,93.0,0.10497395833333334,0.00026041666666666666,2081.5888671875
58,70857,5.700000084936619,38.0,1.0,0.35,9007,3.341796339661308,-0.1055602952837944,1,307.1331823071356,184.87802463244623,335.70749693444895,240.72472203640066,321.4203396207923,212.80137333442343,9.947739463420234,28.574314627313356,55.84669740395444,1595.781102516958,1.0,0,1,0,eligible,1,4.607531416581001,0.0773685947060585,0,0.0,185.304223063667,0.0,210.98495109342034,0.0,198.14458707854368,18.67400329847873,0.0,0.0,0.0,0.0,0,0,0,not_projected_visible,0,4.048326925958427,-90.14653015136719,1,160.79783981317422,103.45660372920503,299.6592776486737,231.19770550277505,230.22855873092396,167.32715461599003,15.796152356852119,138.8614378354995,127.74110177357002,17738.313062968806,1.0,0,1,0,eligible,1,4.850648965061994,-179.9272918701172,1,274.5514088196498,172.6122613248732,302.81589319587823,196.4785767292217,288.683651007764,184.54541902704744,35.68869771055267,28.264484376228438,23.866315404348484,674.5690988643478,1.0,0,1,0,eligible,1,3.0999511668069495,-179.9253387451172,0,nan,nan,nan,nan,nan,nan,nan,0.0,0.0,0.0,0.0,0,0,0,not_projected_visible,0,0.0,-89.92671966552734,1,459.10928542900734,184.0567428917569,468.9537434942349,207.93649037836806,464.0315144616211,195.99661663506248,17.6731333964293,9.84445806522757,23.879747486611166,235.0831727401671,1.0,0,1,0,eligible,1,0.0,90.0732650756836,4,4,0,110.43501736111111,12.0,104.0,225.0,0.020863715277777778,0.00078125,11298.8232421875,39.334644097222224,2.0,36.0,94.0,0.10532986111111112,0.00026041666666666666,2029.4456787109375
59,70859,5.800000086426735,38.0,1.0,0.35,9007,3.285434978519746,-0.1410217136144638,1,307.7785767027188,184.85520737861467,335.68840061907406,239.2246043701616,321.73348866089646,212.03990587438813,10.15975122079689,27.909823916355265,54.36939699154692,1517.4402964724902,1.0,0,1,0,eligible,1,4.874574843068217,0.07754381746053696,0,0.0,185.42401801449915,0.0,211.87098874282606,0.0,198.6475033786626,18.18969422625982,0.0,0.0,0.0,0.0,0,0,0,not_projected_visible,0,3.7143901421112426,-90.21670532226562,1,140.39999933608388,93.52870707717194,298.5876704123849,237.84377440765485,219.49383487423438,165.6862407424134,14.573833198173858,158.18767107630103,144.31506733048292,22828.864402228668,1.0,0,1,0,eligible,1,4.850726693781653,-179.9272918701172,1,273.4039323756063,172.3901092521774,302.57953211918345,196.9665843502063,287.9917322473949,184.67834680119185,34.733705803632304,29.175599743577152,24.57647509802888,717.0334005680817,1.0,0,1,0,eligible,1,3.042937608101026,-179.9218292236328,0,nan,nan,nan,nan,nan,nan,nan,0.0,0.0,0.0,0.0,0,0,0,not_projected_visible,0,0.0,-89.92671966552734,1,463.3615031266731,184.1755615996717,473.5887769049456,208.7635955283127,468.4751400158093,196.4695785639922,17.171448000116655,10.22727377827249,24.588033928640982,251.46855465766424,1.0,0,1,0,eligible,1,0.0,90.0732650756836,4,4,0,109.60237847222223,12.0,103.0,226.0,0.02129340277777778,0.00078125,11518.712890625,39.10467013888889,2.0,35.0,96.0,0.10717013888888889,0.00045138888888888887,2070.259521484375
60,70861,5.900000087916851,38.0,1.0,0.35,9007,3.272397055604502,-0.15130615234375,1,307.9972813812034,184.8454519938119,335.6550507274068,238.64903876760417,321.8261660543051,211.74724538070802,10.243819644841746,27.657769346203395,53.80358677379226,1488.087192987986,1.0,0,1,0,eligible,1,4.991158733823891,0.07755297422409058,0,0.0,185.46805125046296,0.0,212.17148690840187,0.0,198.81976907943243,18.028760315056857,0.0,0.0,0.0,0.0,0,0,0,not_projected_visible,0,3.630405100159499,-90.1899642944336,1,132.38780017837647,89.63745077695538,298.18781650780574,240.44794501702373,215.28780834309111,165.04269789698955,14.168027042306477,165.80001632942927,150.81049424006835,25004.382407652633,1.0,0,1,0,eligible,1,4.850704283394617,-179.9272918701172,1,273.0012218578102,172.31452465885152,302.48636324965696,197.13434844110137,287.74379255373356,184.72443654997645,34.41887719430739,29.485141391846753,24.81982378224984,731.8160135403572,1.0,0,1,0,eligible,1,3.024085341275352,-179.92543029785156,0,nan,nan,nan,nan,nan,nan,nan,0.0,0.0,0.0,0.0,0,0,0,not_projected_visible,0,0.0,-89.92671966552734,1,464.80641791384124,184.2162328449742,475.16591690408535,209.04692048955872,469.9861674089633,196.63157666726647,17.006146486548825,10.359498990244106,24.830687644584515,257.2334835811401,1.0,0,1,0,eligible,1,0.0,90.0732650756836,4,4,0,109.20146701388889,12.0,103.0,228.0,0.02243923611111111,0.0010112847222222222,11277.7666015625,38.96434027777778,2.0,35.0,97.0,0.1096484375,0.00045138888888888887,2013.999755859375
61,70863,6.000000089406967,38.0,1.0,0.35,9007,3.217015838144874,-0.1772155612707138,1,308.58811433556144,184.65107545265295,335.5518037956341,237.30199888166482,322.0699590655978,210.97653716715888,10.480880115634076,26.963689460072658,52.65092342901187,1419.66314912594,1.0,0,1,0,eligible,1,4.608925479531719,0.07753916829824448,0,0.0,185.61221892778298,0.0,213.10412736308493,0.0,199.35817314543397,17.5506928427547,0.0,0.0,0.0,0.0,0,0,0,not_projected_visible,0,3.555213190509928,-90.29821014404297,1,103.43245750487235,75.60276450230735,296.8425010302886,249.8420253778343,200.13747926758046,162.7223949400708,12.955512016904333,193.41004352541626,174.23926087552695,33699.623029772025,1.0,0,1,0,eligible,1,4.850656601199409,-179.9272918701172,1,271.72059205148446,172.08215484659698,302.1758528822874,197.65333365886096,286.9482224668859,184.86774425272898,33.48483035997276,30.455260830802956,25.57117881226398,778.7769204786017,1.0,0,1,0,eligible,1,2.968575260608337,-179.92176818847656,0,nan,nan,nan,nan,nan,nan,nan,0.0,0.0,0.0,0.0,0,0,0,not_projected_visible,0,0.0,-89.92671966552734,1,469.22487195246384,184.34126242782358,479.9955819798689,209.92024835637423,474.61022696616635,197.1307553920989,16.51611148468149,10.770710027405073,25.57898592855065,275.50384023149377,1.0,0,1,0,eligible,1,0.0,90.0732650756836,4,4,0,108.78812065972222,12.0,103.0,228.0,0.0213671875,0.0008246527777777778,11088.859375,38.79493055555555,2.0,35.0,99.0,0.10874565972222222,0.00045138888888888887,1988.9388427734375
62,70865,6.100000090897083,38.0,1.0,0.35,9007,3.1675240365039468,-0.1847839206457138,1,308.7598730787767,184.60667123572748,335.52875161934,236.89845992372707,322.1443123490584,210.75256557972727,10.550108885391397,26.76887854056332,52.2917886879996,1399.7925400578642,1.0,0,1,0,eligible,1,4.567820502812278,0.0775374099612236,0,0.0,185.6586136323894,0.0,213.41249873338742,0.0,199.5355561828884,17.393070179974377,0.0,0.0,0.0,0.0,0,0,0,not_projected_visible,0,3.561730757250257,-90.27252197265625,1,91.73535228551977,69.93247196351433,296.3456182047476,253.62655769982493,194.04048524513368,161.77951483166964,12.553760455168035,204.61026591922786,183.6940857363106,37585.69573029595,1.0,0,1,0,eligible,1,4.850662800180762,-179.9272918701172,1,271.27636058477475,171.99777912382254,302.0605717009502,197.82589013503332,286.6684661428625,184.91183462942791,33.177746162104484,30.78421111617547,25.82811101121078,795.0980221011289,1.0,0,1,0,eligible,1,2.950426804117001,-179.92544555664062,0,nan,nan,nan,nan,nan,nan,nan,0.0,0.0,0.0,0.0,0,0,0,not_projected_visible,0,0.0,-89.92671966552734,1,470.7234576016581,184.3783965980377,481.635873483641,210.21264474153674,476.17966554264956,197.2955206697872,16.355416663553193,10.912415881982895,25.834248143499025,281.91405974020586,1.0,0,1,0,eligible,1,0.0,90.0732650756836,4,4,0,107.4152951388889,12.0,102.0,228.0,0.02344184027777778,0.0005902777777777778,10909.5634765625,38.31170572916667,2.0,35.0,98.0,0.114140625,0.00045138888888888887,1949.5916748046875
63,70867,6.200000092387199,38.0,1.0,0.35,9007,2.9500883724061966,-0.2025756686925888,1,309.26589138623746,184.5346105353937,335.3911971949044,235.42972963319133,322.3285442905709,209.98217008429253,10.783210577862729,26.12530580866695,50.89511909779762,1329.6505505984885,1.0,0,1,0,eligible,1,4.755138460856666,0.0775434821844101,0,0.0,185.77829912757008,0.0,214.32975044690423,0.0,200.05402478723715,16.93713037206622,0.0,0.0,0.0,0.0,0,0,0,not_projected_visible,0,3.7025404524597674,-90.36566162109375,1,48.25948295791325,48.85888952598352,294.6950121131793,267.6593857631741,171.47724753554627,158.2591376445788,11.36570629951958,246.43552915526607,218.80049623719057,53920.21606964686,1.0,0,1,0,eligible,1,4.850691886571488,-179.9272918701172,1,269.8887108745792,171.7227169696738,301.6900537996409,198.33344396456263,285.78938233711006,185.02808046711823,32.27908462597668,31.801342925061704,26.610726994888836,846.2568546496566,1.0,0,1,0,eligible,1,2.89665742642186,-179.9217529296875,0,nan,nan,nan,nan,nan,nan,nan,0.0,0.0,0.0,0.0,0,0,0,not_projected_visible,0,0.0,-89.92671966552734,1,475.1884741912216,184.4706078935848,486.530704232781,211.07096927809263,480.8595892120013,197.77078858583872,15.891565665573669,11.34223004155939,26.600361384507835,301.70741801170107,1.0,0,1,0,eligible,1,0.0,90.0732650756836,4,4,0,107.34044270833333,12.0,102.0,229.0,0.023836805555555556,0.0005989583333333333,10693.56640625,38.31836805555555,2.0,35.0,99.0,0.11922743055555556,0.00045138888888888887,1915.4139404296875
64,70869,6.3000000938773155,38.0,1.0,0.35,9007,2.7890193445568072,-0.2075195163488388,1,309.4489081807342,184.49761498678262,335.311549787389,234.78638600805274,322.3802289840616,209.64200049741768,10.88333975118865,25.862641606654847,50.28877102127012,1300.6004617622393,1.0,0,1,0,eligible,1,4.906491907076655,0.074500672519207,0,0.0,185.79187740823554,0.0,214.60210258851794,0.0,200.19698999837675,16.795259236498595,0.0,0.0,0.0,0.0,0,0,0,not_projected_visible,0,3.7273707228260524,-90.33440399169922,1,30.34940642844912,40.15868285461972,294.099153799949,273.41521452924064,162.22428011419908,156.78694869193018,10.980439682233065,263.7497473714999,233.25653167462093,61521.35130193354,1.0,0,1,0,eligible,1,4.850690932481966,-179.9272918701172,1,269.4232724803764,171.61197736609154,301.5594775808942,198.48255081256755,285.4913750306353,185.04726408932953,31.992126854894224,32.13620510051783,26.870573446476016,863.5182594444814,1.0,0,1,0,eligible,1,2.8788756548011722,-179.925537109375,0,nan,nan,nan,nan,nan,nan,nan,0.0,0.0,0.0,0.0,0,0,0,not_projected_visible,0,0.0,-89.92671966552734,1,476.6186133652789,184.47961320431187,488.10113006096157,211.32628584129404,482.35987171312024,197.90294952280294,15.747977343693499,11.482516695682648,26.846672636982163,308.26736677767417,1.0,0,1,0,eligible,1,0.0,90.0732650756836,4,4,0,107.25202256944445,12.0,101.0,230.0,0.025677083333333333,0.0006901041666666667,10633.09375,38.295520833333335,2.0,34.0,99.0,0.12496961805555555,0.00045138888888888887,1898.98193359375
65,70871,6.400000095367432,38.0,1.0,0.35,9007,2.1592900128336017,-0.2185058444738388,1,310.01682552474534,184.20483730016534,334.9590274362788,232.76405034348008,322.4879264805121,208.4844438218227,11.246709032623524,24.94220191153346,48.55921304331474,1211.1736963915255,1.0,0,1,0,eligible,1,4.762660924995762,0.07480859011411667,0,0.0,185.79940734551957,0.0,215.31588638533412,0.0,200.55764686542685,16.42970448230417,0.0,0.0,0.0,0.0,0,0,0,not_projected_visible,0,3.6611839136289794,-90.41222381591797,1,0.0,7.666622090377146,292.20630376942444,294.8922227346241,146.10315188471222,151.27942241250062,9.884684187767423,292.20630376942444,287.225600644247,83929.13111220823,1.0,1,0,1,edge_touching_or_truncated,0,4.850675672178349,-179.9272918701172,1,268.0588511525462,171.27014672033562,301.17428031069903,198.88855264008075,284.6165657316226,185.07934968020817,31.196625736801124,33.115429158152835,27.61840591974513,914.5953646964288,1.0,0,1,0,eligible,1,2.8259688801574976,-179.9216766357422,0,nan,nan,nan,nan,nan,nan,nan,0.0,0.0,0.0,0.0,0,0,0,not_projected_visible,0,0.0,-89.92671966552734,1,480.4108433232648,184.4731309573024,492.27134302613433,211.97567053469066,486.3410931746996,198.22440074599655,15.37806846571031,11.860499702869504,27.502539577388262,326.19386248577024,1.0,0,1,0,eligible,1,0.0,90.0732650756836,4,3,1,107.4784201388889,12.0,100.0,231.0,0.028402777777777777,0.0010850694444444445,10522.119140625,38.440807291666665,2.0,34.0,98.0,0.13346788194444445,0.00045138888888888887,1871.7027587890625
66,70873,6.500000096857548,38.0,1.0,0.35,9007,1.1475310330651043,-0.220489501953125,1,310.21863802298776,183.9828333766697,334.7874244817525,231.81434803758052,322.50303125237014,207.8985907071251,11.402699132496771,24.568786458764748,47.83151466091081,1175.162269703193,1.0,0,1,0,eligible,1,4.763801391391907,0.07481497526168823,0,0.0,185.66798215718137,0.0,215.34626124668503,0.0,200.50712170193322,16.34757980542301,0.0,0.0,0.0,0.0,0,0,0,not_projected_visible,0,3.587368472664797,-90.37629699707031,1,0.0,0.0,291.5794986950666,303.1548381321198,145.7897493475333,151.5774190660599,9.559670860630028,291.5794986950666,303.1548381321198,88393.73572954755,1.0,1,0,1,edge_touching_or_truncated,0,4.850675194877196,-179.9272918701172,1,267.6552826929398,171.05077851739333,301.0526690316844,198.88592315038278,284.3539758623121,184.96835083388805,30.973757557750716,33.39738633874458,27.835144632989454,929.6210791027816,1.0,0,1,0,eligible,1,2.808539726050339,-179.92555236816406,0,nan,nan,nan,nan,nan,nan,nan,0.0,0.0,0.0,0.0,0,0,0,not_projected_visible,0,0.0,-89.92671966552734,1,481.2736380405323,184.3408824478819,493.22683028295,211.99288613090698,487.25023416174116,198.16688428939443,15.295780092774054,11.953192242417686,27.65200368302507,330.52971591124054,1.0,0,1,0,eligible,1,0.0,90.0732650756836,4,3,1,105.74541666666667,4.0,99.0,231.0,0.0314453125,0.0006032986111111111,10243.9375,37.84725260416667,1.0,34.0,98.0,0.1443185763888889,0.00045138888888888887,1815.5880126953125
67,70875,6.600000098347664,38.0,1.0,0.35,9007,0.24805605524462687,-0.22137451171875,1,310.94242894636926,183.5942695088117,333.97353924448265,228.34662410546696,322.45798409542596,205.97044680713933,12.095519104842236,23.03111029811339,44.752354596655266,1030.6964148158493,1.0,0,1,0,eligible,1,4.847481574823511,0.07180336117744446,0,0.0,185.4916722141051,0.0,215.25163598997224,0.0,200.3716541020387,16.318117938718437,0.0,0.0,0.0,0.0,0,0,0,not_projected_visible,0,3.3251837562360347,-90.43073272705078,1,0.0,0.0,289.95866233913614,328.4188443927775,144.97933116956807,164.20942219638874,8.80346329168978,289.95866233913614,328.4188443927775,95227.88880709466,1.0,1,0,1,edge_touching_or_truncated,0,4.850679962019757,-179.9272918701172,1,266.7985141468327,170.7437317987651,300.7846455625515,199.02270491572344,283.7915798546921,184.8832183572443,30.52843641702844,33.98613141571877,28.278973116958326,961.092896654524,1.0,0,1,0,eligible,1,2.7569969486601766,-179.92164611816406,0,nan,nan,nan,nan,nan,nan,nan,0.0,0.0,0.0,0.0,0,0,0,not_projected_visible,0,0.0,-89.92671966552734,1,481.569266374025,184.17424930614115,493.5595050722518,211.8769835044762,487.5643857231384,198.02561640530865,15.267638598396953,11.99023869822679,27.702734198335037,332.16239563156745,1.0,0,1,0,eligible,1,0.0,90.0732650756836,4,3,1,104.1628298611111,4.0,98.0,231.0,0.035802951388888886,0.0002951388888888889,9634.87109375,37.249240451388886,1.0,33.0,97.0,0.156875,9.114583333333334e-05,1704.2567138671875
68,70877,6.70000009983778,38.0,1.0,0.35,9007,0.4775311653311738,-0.2140807956457138,1,311.11222645407577,183.72931818359555,333.68832327597187,227.58009881134376,322.4002748650238,205.65470849746964,12.318490535788023,22.5760968218961,43.85078062774821,989.9794691677695,1.0,0,1,0,eligible,1,4.867640655938825,0.0720701590180397,0,0.0,185.6968918393375,0.0,215.50514172000288,0.0,200.6010167796702,16.293627268101275,0.0,0.0,0.0,0.0,0,0,0,not_projected_visible,0,3.291413269994889,-90.3897933959961,1,0.0,0.0,289.3067535221394,340.21040667229215,144.6533767610697,170.10520333614608,8.541087644853766,289.3067535221394,340.21040667229215,98425.16826880763,1.0,1,0,1,edge_touching_or_truncated,0,4.850681392245906,-179.9272918701172,1,266.4482377499547,170.88537757774864,300.64121456948413,199.32494586803003,283.5447261597194,185.10516172288933,30.370762054626454,34.192976819529406,28.439568290281386,972.4334993070149,1.0,0,1,0,eligible,1,2.7400200709654734,-179.92562866210938,0,nan,nan,nan,nan,nan,nan,nan,0.0,0.0,0.0,0.0,0,0,0,not_projected_visible,0,0.0,-89.92671966552734,1,481.73046553086186,184.37687666837692,493.73216927429337,212.1161474654487,487.7313174025776,198.24651206691283,15.24848546393652,12.001703743431506,27.739270797071782,332.91851016527664,1.0,0,1,0,eligible,1,0.0,90.0732650756836,4,3,1,103.93317708333333,0.0,97.0,231.0,0.03900173611111111,0.00024739583333333335,9035.2470703125,37.21104166666667,1.0,33.0,96.0,0.16264322916666665,9.114583333333334e-05,1593.792724609375
69,70879,6.800000101327896,38.0,1.0,0.35,9007,0.00013811055913059392,-0.2315978854894638,1,311.8514174599712,183.62985135983945,333.069116916529,224.83875549041122,322.4602671882501,204.23430342512535,13.041337722690894,21.217699456557852,41.20890413057177,874.3581427765772,1.0,0,1,0,eligible,1,4.813974897744342,0.07221253216266632,0,0.0,185.8215752330002,0.0,215.61916987958995,0.0,200.72037255629508,16.295267901426957,0.0,0.0,0.0,0.0,0,0,0,not_projected_visible,0,3.2888861488440364,-90.44882202148438,1,0.0,0.0,287.58458082109814,359.0,143.79229041054907,179.5,7.810597898214835,287.58458082109814,359.0,103242.86451477424,1.0,1,0,1,edge_touching_or_truncated,0,4.8506780539892596,-179.9272918701172,1,265.7217444609224,170.867725463526,300.479080380458,199.73546757826776,283.1004124206902,185.30159652089688,29.95967148442602,34.75733591953559,28.86774211474176,1003.3658099206041,1.0,0,1,0,eligible,1,2.720403476725114,-179.9216766357422,0,nan,nan,nan,nan,nan,nan,nan,0.0,0.0,0.0,0.0,0,0,0,not_projected_visible,0,0.0,-89.92671966552734,1,481.9074477073622,184.49967745102037,493.91284458813186,212.25249356266792,487.910146147747,198.37608550684416,15.24166729667569,12.005396880769638,27.752816111647547,333.1835719793468,1.0,0,1,0,eligible,1,0.0,90.0732650756836,4,3,1,104.06415364583333,0.0,97.0,230.0,0.0431640625,0.00032118055555555556,8714.3232421875,37.30017361111111,1.0,33.0,96.0,0.16854600694444444,9.114583333333334e-05,1545.54150390625
70,70881,6.900000102818012,38.0,1.0,0.35,9007,0.00011612009137596209,-0.23159785568714142,1,312.0435933183492,183.61384900941817,332.8468780500854,224.02199648933416,322.4452356842173,203.81792274937618,13.280995655908525,20.8032847317362,40.40814747991598,840.6221975066807,1.0,0,1,0,eligible,1,4.783851120979652,0.07221535593271255,0,0.0,185.87891872032526,0.0,215.67137945202023,0.0,200.77514908617275,16.294367745190193,0.0,0.0,0.0,0.0,0,0,0,not_projected_visible,0,3.294860248090619,-90.40557098388672,1,0.0,0.0,286.93277008867256,359.0,143.46638504433628,179.5,7.568349134976929,286.93277008867256,359.0,103008.86446183345,1.0,1,0,1,edge_touching_or_truncated,0,4.850677577156977,-179.9272918701172,1,265.4424938347478,170.87046656799131,300.3870299296282,199.88350560533894,282.91476188218803,185.3769860866651,29.82281538792902,34.94453609488045,29.013039037347625,1013.8471898627696,1.0,0,1,0,eligible,1,2.7621620309212815,-179.92543029785156,0,nan,nan,nan,nan,nan,nan,nan,0.0,0.0,0.0,0.0,0,0,0,not_projected_visible,0,0.0,-89.92671966552734,1,481.90789761708544,184.5538564027484,493.9109253374325,212.30686893825703,487.90941147725897,198.43036267050272,15.241741655939894,12.003027720347063,27.753012535508617,333.12017878684946,1.0,0,1,0,eligible,1,0.0,90.0732650756836,4,3,1,103.98401909722222,0.0,97.0,230.0,0.046258680555555556,0.0003515625,8524.9052734375,37.29496961805555,1.0,33.0,95.0,0.17580729166666667,6.076388888888889e-05,1521.0450439453125
71,70883,7.000000104308128,38.0,1.0,0.35,9007,5.198284991569116e-05,-0.23159785568714142,1,312.5758284434941,183.53886185750426,332.22992110634306,221.68318004627972,322.4028747749186,202.611020951892,13.997431928876225,19.65409266284894,38.14431818877546,749.691964243387,1.0,0,1,0,eligible,1,4.794896590750175,0.0722159743309021,0,0.0,185.9862273099241,0.0,215.780004231505,0.0,200.88311577071454,16.292748843529605,0.0,0.0,0.0,0.0,0,0,0,not_projected_visible,0,3.329714998674885,-90.46154022216797,1,0.0,0.0,284.8179333884722,359.0,142.4089666942361,179.5,6.841282617246646,284.8179333884722,359.0,102249.63808646153,1.0,1,0,1,edge_touching_or_truncated,0,4.850682345749149,-179.9272918701172,1,264.5380754659902,170.7759008897961,300.1002216973055,200.25757123739177,282.3191485816478,185.51673606359395,29.3915224676019,35.56214623131535,29.481670347595667,1048.431472044631,1.0,0,1,0,eligible,1,3.017189543299264,-179.9229278564453,0,nan,nan,nan,nan,nan,nan,nan,0.0,0.0,0.0,0.0,0,0,0,not_projected_visible,0,0.0,-89.92671966552734,1,481.9086345087925,184.6559836513827,493.90722114198655,212.4094042298763,487.9079278253895,198.53269394062949,15.24186429553205,11.998586633194066,27.753420578493575,333.00182117852614,1.0,0,1,0,eligible,1,0.0,90.0732650756836,4,3,1,103.39471788194444,0.0,97.0,225.0,0.050104166666666665,0.0005034722222222222,8347.59765625,37.09659722222222,0.0,33.0,93.0,0.18233506944444444,6.076388888888889e-05,1489.831787109375
72,70885,7.1000001057982445,38.0,1.0,0.35,9007,3.874152334868376e-05,-0.2315978854894638,1,312.74191132669534,183.50716347942915,332.0375199926924,220.9330287696135,322.3897156596939,202.22009612452132,14.238311983061198,19.295608665997065,37.42586529018433,722.1548506257196,1.0,0,1,0,eligible,1,4.8267059506643175,0.07221682369709015,0,0.0,186.00605718629453,0.0,215.79748772749332,0.0,200.90177245689392,16.29178616573605,0.0,0.0,0.0,0.0,0,0,0,not_projected_visible,0,3.3261523546486016,-90.41876220703125,1,0.0,0.0,284.05483999471585,359.0,142.02741999735792,179.5,6.598848781040484,284.05483999471585,359.0,101975.68755810299,1.0,1,0,1,edge_touching_or_truncated,0,4.850679961723576,-179.9272918701172,1,264.20679648546457,170.71436688422315,299.9956245179386,200.3663290032893,282.1012105017016,185.54034794375622,29.238195807586848,35.78882803247404,29.651962119066155,1061.2089731046933,1.0,0,1,0,eligible,1,3.127033338013699,-179.92630004882812,0,nan,nan,nan,nan,nan,nan,nan,0.0,0.0,0.0,0.0,0,0,0,not_projected_visible,0,0.0,-89.92671966552734,1,481.90893419969854,184.67487415154022,493.9067136655324,212.42837399384229,487.90782393261543,198.55162407269125,15.241886612816547,11.997779465833844,27.753499842302062,332.9803705129945,1.0,0,1,0,eligible,1,0.0,90.0732650756836,4,3,1,103.763125,0.0,97.0,220.0,0.052083333333333336,0.0006640625,8324.095703125,37.23184027777778,0.0,33.0,90.0,0.18020833333333333,6.076388888888889e-05,1483.7894287109375
73,70887,7.200000107288361,38.0,1.0,0.35,9007,1.8020932680628303e-05,-0.2315978854894638,1,313.2084082407683,183.37616133393462,331.4970627993013,218.8087342711508,322.3527355200348,201.09244780254272,14.966979393959221,18.28865455853304,35.43257293721618,648.0140865687731,1.0,0,1,0,eligible,1,4.8576535024974286,0.06947877258062363,0,0.0,186.02991216811523,0.0,215.83237328424357,0.0,200.93114272617942,16.290109524406184,0.0,0.0,0.0,0.0,0,0,0,not_projected_visible,0,3.2915612046481653,-90.4719467163086,1,0.0,0.0,281.56306708536374,359.0,140.78153354268187,179.5,5.87139618648899,281.56306708536374,359.0,101081.14108364558,1.0,1,0,1,edge_touching_or_truncated,0,4.850679008618202,-179.9272918701172,1,263.1053161050816,170.46256312322208,299.6570865986066,200.67827318568055,281.3812013518441,185.57041815445132,28.742894654118565,36.551770493525,30.21571006245847,1104.4376995018758,1.0,0,1,0,eligible,1,3.4977504522421166,-179.92660522460938,0,nan,nan,nan,nan,nan,nan,nan,0.0,0.0,0.0,0.0,0,0,0,not_projected_visible,0,0.0,-89.92671966552734,1,481.9089407208001,184.6998754016287,493.90562262309845,212.45347114539257,487.90728167194925,198.57667327351064,15.241918111098517,11.996681902298349,27.753595743763867,332.95105978291645,1.0,0,1,0,eligible,1,0.0,90.0732650756836,4,3,1,101.87198784722223,0.0,97.0,204.0,0.07436197916666666,0.00016059027777777778,8196.4140625,36.457721354166665,0.0,33.0,80.0,0.1872873263888889,6.076388888888889e-05,1445.8465576171875
74,70889,7.300000108778477,38.0,1.0,0.35,9007,1.4754466074370365e-05,-0.2315978854894638,1,313.35379790016253,183.32728063910625,331.32935354826424,218.15926855808382,322.3415757242134,200.74327459859504,15.209039578223724,17.975555648101704,34.831987918977575,626.1243371715876,1.0,0,1,0,eligible,1,4.833229005611885,0.069608174264431,0,0.0,186.03379466607097,0.0,215.83316397241558,0.0,200.93347931924328,16.290484392494232,0.0,0.0,0.0,0.0,0,0,0,not_projected_visible,0,3.25333511585701,-90.3674545288086,1,0.0,0.0,280.6578146756884,359.0,140.3289073378442,179.5,5.628906548836522,280.6578146756884,359.0,100756.15546857215,1.0,1,0,1,edge_touching_or_truncated,0,4.850680439293792,-179.9272918701172,1,262.7002107526626,170.36927896303058,299.5321989887075,200.79222722916754,281.116204870685,185.58075309609904,28.565221208878427,36.83198823604488,30.422948266136956,1120.5376726441582,1.0,0,1,0,eligible,1,3.621459616699623,-179.9281463623047,0,nan,nan,nan,nan,nan,nan,nan,0.0,0.0,0.0,0.0,0,0,0,not_projected_visible,0,0.0,-89.92671966552734,1,481.90898488310074,184.7066312882224,493.90537583932013,212.4602543111381,487.9071803612104,198.58344279968026,15.241926687425739,11.996390956219386,27.75362302291569,332.94331223442794,1.0,0,1,0,eligible,1,0.0,90.0732650756836,4,3,1,99.310625,0.0,96.0,198.0,0.0783420138888889,0.00016927083333333334,7975.5146484375,35.549839409722225,0.0,32.0,80.0,0.19973090277777777,6.076388888888889e-05,1416.6156005859375
75,70891,7.400000110268593,38.0,1.0,0.35,9007,6.524001815031986e-06,-0.2315978854894638,1,313.75549330108134,183.18708936962602,330.8646870350582,216.34634282088683,322.3100901680698,199.7667160952564,15.927476998823845,17.109193733976838,33.15925345126081,567.3280913716612,1.0,0,1,0,eligible,1,4.771212274893724,0.06962285935878754,0,0.0,186.04017542843889,0.0,215.81927110128447,0.0,200.92972326486168,16.296284448611427,0.0,0.0,0.0,0.0,0,0,0,not_projected_visible,0,3.0678250917611143,-90.14391326904297,1,152.16002217811564,98.69814961002382,277.6787525716464,234.42041163851465,214.919387374881,166.55928062426923,10.037658736308508,125.51873039353075,135.72226202849083,17035.686015954278,1.0,0,1,0,eligible,1,4.850678055451367,-179.9272918701172,1,261.3652750188354,170.079380172988,299.1240350105484,201.18555866563008,280.24465501469194,185.63246941930905,27.995736325662218,37.75875999171302,31.106178492642073,1174.5307279630576,1.0,0,1,0,eligible,1,3.976781631736423,-179.92764282226562,0,nan,nan,nan,nan,nan,nan,nan,0.0,0.0,0.0,0.0,0,0,0,not_projected_visible,0,0.0,-89.92671966552734,1,481.9090949979639,184.7193793250843,493.9049221271989,212.47305320089055,487.9070085625814,198.5962162629874,15.241940263063995,11.99582712923501,27.753673875806243,332.9282740153375,1.0,0,1,0,eligible,1,0.0,90.0732650756836,4,4,0,98.68604600694445,0.0,97.0,199.0,0.086484375,0.00012152777777777777,8065.05615234375,35.37724826388889,0.0,32.0,80.0,0.21559461805555555,6.076388888888889e-05,1425.7579345703125
76,70893,7.500000111758709,38.0,1.0,0.35,9007,4.816949207321354e-06,-0.2315978854894638,1,313.88039444581307,183.14710464327501,330.71959194601897,215.7725263222949,322.29999319591604,199.45981548278496,16.166363176391517,16.8391975002059,32.625421679019894,549.3859191805151,1.0,0,1,0,eligible,1,4.782365496855117,0.06962400674819946,0,0.0,186.04014877311448,0.0,215.82634053034872,0.0,200.9332446517316,16.299383459110615,0.0,0.0,0.0,0.0,0,0,0,not_projected_visible,0,3.0127131387498944,-89.95885467529297,1,147.96673037269952,96.68585080862822,276.5872861423179,235.7720003175464,212.27700825750873,166.2289255630873,9.795142051588194,128.6205557696184,139.0861495089182,17889.337849693296,1.0,0,1,0,eligible,1,4.8506780555246705,-179.9272918701172,1,260.8794294877337,169.98287091285474,298.9749532820162,201.33841609288774,279.92719138487496,185.66064350287124,27.793927078408842,38.095523794282485,31.355545180033005,1194.505917488647,1.0,0,1,0,eligible,1,4.0922931676583145,-179.92788696289062,0,nan,nan,nan,nan,nan,nan,nan,0.0,0.0,0.0,0.0,0,0,0,not_projected_visible,0,0.0,-89.92671966552734,1,481.909122408364,184.72175894862733,493.9048484669279,212.47544464380695,487.906985437646,198.59860179621714,15.241942144925574,11.99572605856389,27.753685695179627,332.9256107148581,1.0,0,1,0,eligible,1,0.0,90.0732650756836,4,4,0,99.3934765625,0.0,97.0,198.0,0.08629340277777778,2.170138888888889e-05,7977.9853515625,35.613376736111114,0.0,32.0,80.0,0.21165364583333332,6.076388888888889e-05,1417.8592529296875
77,70895,7.600000113248825,38.0,1.0,0.35,9007,2.071664113626292e-06,-0.2315978854894638,1,314.2364599040733,183.03535223528107,330.3075552191524,214.12652500638248,322.27200756161284,198.58093862083177,16.890376626303322,16.071095315079106,31.091172771101412,499.66920106196295,1.0,0,1,0,eligible,1,4.857164235549909,0.07224053889513016,0,0.0,186.0427033177125,0.0,215.8375989281758,0.0,200.94015112294414,16.31489690296045,0.0,0.0,0.0,0.0,0,0,0,not_projected_visible,0,2.973157852665372,-89.47265625,1,134.04192069969477,89.99710748056567,272.9626848709375,240.2560249214651,203.50230278531615,165.12656620101538,9.067582395379787,138.92076417124272,150.25891744089944,20874.08363443342,1.0,0,1,0,eligible,1,4.850681393514482,-179.9272918701172,1,259.29175287523384,169.70167293332563,298.48778911712924,201.87418265929443,278.88977099618154,185.78792779631004,27.154584318542515,39.1960362418954,32.17250972596881,1261.0348572118057,1.0,0,1,0,eligible,1,4.413977333634503,-179.92782592773438,0,nan,nan,nan,nan,nan,nan,nan,0.0,0.0,0.0,0.0,0,0,0,not_projected_visible,0,0.0,-89.92671966552734,1,481.90912589017165,184.72487203441108,493.9047162349803,212.47856739570545,487.906921062576,198.60171971505827,15.241947702032608,11.995590344808647,27.753695361294376,332.9219601087034,1.0,0,1,0,eligible,1,0.0,90.0732650756836,4,4,0,101.1680642361111,0.0,97.0,197.0,0.09082465277777778,1.736111111111111e-05,8059.98388671875,36.22032986111111,0.0,33.0,80.0,0.19306423611111112,6.076388888888889e-05,1438.270263671875
78,70897,7.700000114738941,38.0,1.0,0.35,9007,1.7783012780583607e-06,-0.2315978854894638,1,314.34814797371536,182.995613757337,330.1782194886863,213.61022709555897,322.2631837312008,198.302920426448,17.133438596638385,15.830071514970939,30.61461333822197,484.631518547237,1.0,0,1,0,eligible,1,4.860942871414853,0.069224514067173,0,0.0,186.03755198605927,0.0,215.84415012877108,0.0,200.94085105741516,16.320210374641857,0.0,0.0,0.0,0.0,0,0,0,not_projected_visible,0,2.973937762987987,-89.268310546875,1,128.8905007378014,87.52085794732966,271.62128357898087,241.91401230051744,200.25589215839113,164.71743512392356,8.825058662998671,142.73078284117946,154.39315435318778,22036.655786149546,1.0,0,1,0,eligible,1,4.850683300843847,-179.9272918701172,1,258.7178089074884,169.6107677013842,298.3117821179431,202.0794502758705,278.51479551271575,185.84510898862735,26.930737036100453,39.59397321045469,32.46868257448631,1285.564148032968,1.0,0,1,0,eligible,1,4.515527037683635,-179.92782592773438,0,nan,nan,nan,nan,nan,nan,nan,0.0,0.0,0.0,0.0,0,0,0,not_projected_visible,0,0.0,-89.92671966552734,1,481.90912589017165,184.72487203441108,493.9047162349803,212.47856739570545,487.906921062576,198.60171971505827,15.241947702032608,11.995590344808647,27.753695361294376,332.9219601087034,1.0,0,1,0,eligible,1,0.0,90.0732650756836,4,4,0,101.82062934027778,0.0,97.0,197.0,0.0857204861111111,2.604166666666667e-05,8111.3623046875,36.442057291666664,0.0,33.0,80.0,0.18365885416666666,6.076388888888889e-05,1443.13623046875
79,70899,7.800000116229057,38.0,1.0,0.35,9007,8.041710541324417e-07,-0.2315978854894638,1,314.66481362451935,182.87074723125173,329.8135649911896,212.1805438201687,322.2391893078545,197.52564552571022,17.857602636053084,15.14875136667024,29.30979658891698,444.0068211331829,1.0,0,1,0,eligible,1,4.7946882278990115,0.07233596593141556,0,0.0,186.0272869281173,0.0,215.83530636344346,0.0,200.93129664578038,16.338449747856995,0.0,0.0,0.0,0.0,0,0,0,not_projected_visible,0,2.9767357529105225,-88.91753387451172,1,111.5871842050647,79.20260703475323,267.1146932027123,247.48615410850124,189.35093870388852,163.34438057162723,8.097485100862517,155.5275089976476,168.28354707374803,26172.7208816684,1.0,0,1,0,eligible,1,4.850677578633542,-179.9272918701172,1,256.85183485071565,169.34257514957108,297.74105565824425,202.7760579382017,277.29644525448,186.05931654388638,26.228954088762038,40.8892208075286,33.43348278863061,1367.0690601090243,1.0,0,1,0,eligible,1,4.802478795558944,-179.92782592773438,0,nan,nan,nan,nan,nan,nan,nan,0.0,0.0,0.0,0.0,0,0,0,not_projected_visible,0,0.0,-89.92671966552734,1,481.9091580860049,184.72633388246558,493.9046872310287,212.48003887139558,487.9069226585168,198.60318637693058,15.24194742313011,11.995529145023795,27.753704988929996,332.9203770771021,1.0,0,1,0,eligible,1,0.0,90.0732650756836,4,4,0,101.1946875,0.0,97.0,197.0,0.08864149305555556,1.3020833333333334e-05,8239.3935546875,36.199856770833335,0.0,33.0,80.0,0.18358072916666668,6.076388888888889e-05,1465.372802734375
80,70901,7.900000117719173,38.0,1.0,0.35,9007,6.565519600952467e-07,-0.2315978854894638,1,314.76324049304327,182.83239931507376,329.6990395649003,211.73311376618568,322.2311400289718,197.28275654062972,18.09668000272521,14.935799071857048,28.900714451111924,431.655264074923,1.0,0,1,0,eligible,1,4.777860949686821,0.07221484184265137,0,0.0,186.02311987096547,0.0,215.83497802935835,0.0,200.92904895016193,16.344393117307963,0.0,0.0,0.0,0.0,0,0,0,not_projected_visible,0,2.9748080698905706,-88.76174926757812,1,105.10822847835163,76.08631266656481,265.42689308185675,249.57267277319136,185.2675607801042,162.8294927198781,7.854957522976246,160.3186646035051,173.48636010662653,27813.101579217167,1.0,0,1,0,eligible,1,4.850679009064167,-179.9272918701172,1,256.1813255652608,169.25280315334706,297.53679993013884,203.03346327520978,276.8590627476998,186.1431332142784,25.986168986573862,41.355474364878035,33.780660121862724,1397.0152236983515,1.0,0,1,0,eligible,1,4.870556410990713,-179.92782592773438,0,nan,nan,nan,nan,nan,nan,nan,0.0,0.0,0.0,0.0,0,0,0,not_projected_visible,0,0.0,-89.92671966552734,1,481.9091580860049,184.72633388246558,493.9046872310287,212.48003887139558,487.9069226585168,198.60318637693058,15.24194742313011,11.995529145023795,27.753704988929996,332.9203770771021,1.0,0,1,0,eligible,1,0.0,90.0732650756836,4,4,0,100.75721354166667,0.0,97.0,198.0,0.08758680555555555,1.736111111111111e-05,8365.6845703125,36.03802951388889,0.0,32.0,80.0,0.18397135416666666,6.076388888888889e-05,1484.64990234375
81,70903,8.00000011920929,38.0,1.0,0.35,9007,4.5102431169118655e-07,-0.2315978854894638,1,315.04275499356737,182.73792072428162,329.37488058827194,210.4441619689812,322.2088177909196,196.5910413466314,18.815439566650884,14.332125594704564,27.706241244699584,397.08932927621817,1.0,0,1,0,eligible,1,4.8190951444765835,0.07220517843961716,0,0.0,186.0154537616066,0.0,215.8104097397091,0.0,200.91293175065783,16.36394099736635,0.0,0.0,0.0,0.0,0,0,0,not_projected_visible,0,2.962839209072943,-88.52813720703125,1,83.02912012474025,65.46527140109308,259.672817687163,256.68723795382937,171.35096890595162,161.07625467746124,7.127388787746646,176.64369756242274,191.2219665527363,33778.15522703327,1.0,0,1,0,eligible,1,4.850680439312141,-179.9272918701172,1,254.0617389515057,169.00729614144228,296.89224826890273,203.88750052916566,275.4769936102042,186.44739833530397,25.248626358530746,42.83050931739703,34.88020438772338,1493.9369190210991,1.0,0,1,0,eligible,1,4.887115545101692,-179.92782592773438,0,nan,nan,nan,nan,nan,nan,nan,0.0,0.0,0.0,0.0,0,0,0,not_projected_visible,0,0.0,-89.92671966552734,1,481.9091493852389,184.72798569998025,493.90460603807674,212.48169426336642,487.9068777116578,198.60483998167334,15.241951351791009,11.995456652837845,27.75370856338617,332.9184080275933,1.0,0,1,0,eligible,1,0.0,90.0732650756836,4,4,0,100.51545138888889,0.0,97.0,199.0,0.08483940972222222,3.472222222222222e-05,8644.9140625,35.94388020833333,0.0,32.0,81.0,0.18566840277777777,6.076388888888889e-05,1530.7001953125
82,70905,8.100000120699406,38.0,1.0,0.35,9007,4.306985335192105e-07,-0.2315978854894638,1,315.13194325116933,182.70860438698068,329.27200040784237,210.03107820725154,322.20197182950585,196.36984129711612,19.057288164807648,14.140057156673038,27.322473820270858,386.34134148033263,1.0,0,1,0,eligible,1,4.843542143186434,0.07220496982336044,0,0.0,186.01189776753114,0.0,215.8062493225891,0.0,200.90907354506012,16.37014396287445,0.0,0.0,0.0,0.0,0,0,0,not_projected_visible,0,2.9535074524846765,-88.40264892578125,1,74.63394966293468,61.42458274188992,257.4839760740917,259.3927214645033,166.0589628685132,160.40865210319663,6.88486505536553,182.850026411157,197.9681387226134,36198.47939399745,1.0,0,1,0,eligible,1,4.850678055089269,-179.9272918701172,1,253.3308296210401,168.93596490678712,296.670340109326,204.19610975273932,275.00058486518304,186.56603732976322,25.00417429700876,43.339510488285896,35.2601448459522,1528.1574173696251,1.0,0,1,0,eligible,1,4.851855316162186,-179.92782592773438,0,nan,nan,nan,nan,nan,nan,nan,0.0,0.0,0.0,0.0,0,0,0,not_projected_visible,0,0.0,-89.92671966552734,1,481.9091493852389,184.72798569998025,493.90460603807674,212.48169426336642,487.9068777116578,198.60483998167334,15.241951351791009,11.995456652837845,27.75370856338617,332.9184080275933,1.0,0,1,0,eligible,1,0.0,90.0732650756836,4,4,0,100.49673177083334,0.0,97.0,200.0,0.08265625,5.642361111111111e-05,9122.3974609375,35.89480034722222,0.0,32.0,81.0,0.18643229166666667,6.076388888888889e-05,1590.677490234375
83,70907,8.200000122189522,38.0,1.0,0.35,9007,2.4208592033815465e-07,-0.2315978854894638,1,315.38574609289367,182.61291002421393,328.9782833822768,208.86770572105536,322.18201473758523,195.74030787263465,19.78487888244765,13.59253728938313,26.254795696841427,356.86928953445283,1.0,0,1,0,eligible,1,4.8358462940445195,0.06946845352649689,0,0.0,186.00539232670593,0.0,215.77044944011587,0.0,200.8879208834109,16.389862503943323,0.0,0.0,0.0,0.0,0,0,0,not_projected_visible,0,2.864939228750395,-88.23442840576172,1,45.487179877596134,47.38924848154176,249.88143124849177,268.7902869415543,147.68430556304395,158.08976771154803,6.157286198050912,204.39425137089563,221.40103846001256,45253.099508773135,1.0,0,1,0,eligible,1,4.8506799624286225,-179.9272918701172,1,251.07184275952181,168.72954599017035,295.9908931813174,205.16246303253595,273.53136797041964,186.94600451135315,24.28084662294795,44.91905042179559,36.4329170423656,1636.5320376391164,1.0,0,1,0,eligible,1,4.763344250429218,-179.9278564453125,0,nan,nan,nan,nan,nan,nan,nan,0.0,0.0,0.0,0.0,0,0,0,not_projected_visible,0,0.0,-89.92671966552734,1,481.9091493852389,184.72798569998025,493.90460603807674,212.48169426336642,487.9068777116578,198.60483998167334,15.241951351791009,11.995456652837845,27.75370856338617,332.9184080275933,1.0,0,1,0,eligible,1,0.0,90.0732650756836,4,4,0,99.67383680555555,0.0,96.0,200.0,0.0840625,3.472222222222222e-05,8998.2919921875,35.546488715277775,0.0,32.0,80.0,0.19018663194444443,6.076388888888889e-05,1566.3399658203125
84,70909,8.300000123679638,38.0,1.0,0.35,9007,4.064268401693512e-07,-0.2315978854894638,1,315.46622075389615,182.5792134241678,328.88565418642753,208.50661066904038,322.17593747016184,195.5429120466041,20.025790949234036,13.419433432531378,25.927397244872594,347.9309814063652,1.0,0,1,0,eligible,1,4.811058444465322,0.06959647685289383,0,0.0,186.00335845167464,0.0,215.7628597746254,0.0,200.88310911315003,16.395925911070073,0.0,0.0,0.0,0.0,0,0,0,not_projected_visible,0,2.8115317902127295,-88.12814331054688,1,34.1811155387375,41.94208425254789,246.9311317324967,272.43744475273735,140.5561236356171,157.18976450264262,5.9147586201646405,212.75001619375922,230.49536050018946,49037.89167900168,1.0,0,1,0,eligible,1,4.850681392922989,-179.9272918701172,1,250.2775995429325,168.65111902484333,295.7625697318553,205.48864248734412,273.0200846373939,187.0698807560937,24.041887572695547,45.4849701889228,36.8375234625008,1675.553656525593,1.0,0,1,0,eligible,1,4.756550267243412,-179.92782592773438,0,nan,nan,nan,nan,nan,nan,nan,0.0,0.0,0.0,0.0,0,0,0,not_projected_visible,0,0.0,-89.92671966552734,1,481.9091493852389,184.72798569998025,493.90460603807674,212.48169426336642,487.9068777116578,198.60483998167334,15.241951351791009,11.995456652837845,27.75370856338617,332.9184080275933,1.0,0,1,0,eligible,1,0.0,90.0732650756836,4,4,0,97.43735677083333,0.0,96.0,197.0,0.09407118055555555,0.00010850694444444444,8551.001953125,34.6527734375,0.0,32.0,80.0,0.1999392361111111,6.076388888888889e-05,1500.6761474609375
85,70911,8.400000125169754,38.0,1.0,0.35,9007,0.09874851172566082,-0.2317809909582138,1,315.6935525754074,182.50870688115782,328.6263560172519,207.4953265664673,322.15995429632966,195.00201672381257,20.740944285126837,12.932803441844499,24.986619685309478,323.1470410662299,1.0,0,1,0,eligible,1,4.785671967284926,0.07218045741319656,0,0.0,185.98197134744737,0.0,215.79181179960358,0.0,200.88689157352547,16.434005336398215,0.0,0.0,0.0,0.0,0,0,0,not_projected_visible,0,2.678997938680995,-87.08220672607422,1,0.0,22.48010136375005,236.3800967033607,285.50776064143867,118.19004835168035,153.99393100259437,5.18447825575689,236.3800967033607,263.0276592776886,62174.503535718635,1.0,1,0,1,edge_touching_or_truncated,0,4.850678055182604,-179.9272918701172,1,247.78484265707735,168.3618941425447,295.04786774026894,206.4761614820978,271.41635519867316,187.41902781232125,23.322071644431233,47.26302508319159,38.114267339553095,1801.3955732967681,1.0,0,1,0,eligible,1,4.784900642577167,-179.92782592773438,0,nan,nan,nan,nan,nan,nan,nan,0.0,0.0,0.0,0.0,0,0,0,not_projected_visible,0,0.0,-89.92671966552734,1,481.93942228769146,184.74704866684237,493.9385743805131,212.50607912864393,487.9389983341023,198.62656389774315,15.239141242144452,11.999152092821646,27.759030461801558,333.08482846042597,1.0,0,1,0,eligible,1,0.0,90.0732650756836,4,3,1,94.3018532986111,0.0,94.0,196.0,0.10092881944444444,6.510416666666667e-05,8261.439453125,33.40487847222222,0.0,31.0,79.0,0.21594618055555556,6.076388888888889e-05,1467.7421875
86,70913,8.50000012665987,38.0,1.0,0.35,9007,0.2097151952172121,-0.2434692233800888,1,315.8325050183173,182.51702123218334,328.61515534957607,207.2052275117467,322.2238301839467,194.86112437196502,20.972341445318158,12.782650331258765,24.68820627956336,315.5807081776453,1.0,0,1,0,eligible,1,4.804486619843674,0.0721747949719429,0,0.0,185.99893088790262,0.0,215.837730019952,0.0,200.9183304539273,16.451942319074245,0.0,0.0,0.0,0.0,0,0,0,not_projected_visible,0,2.683738711115545,-86.444580078125,1,0.0,14.505494596008356,232.12280536734056,290.9194127793559,116.06140268367028,152.71245368768214,4.934271685196709,232.12280536734056,276.41391818334756,64161.97413129718,1.0,1,0,1,edge_touching_or_truncated,0,4.850677101559265,-179.9272918701172,1,246.96088300120186,168.26058245667312,294.85965120670954,206.8360683142407,270.9102671039557,187.5483253854569,23.07452512048911,47.89876820550768,38.57548585756757,1847.7182555064687,1.0,0,1,0,eligible,1,4.797126757897614,-179.92782592773438,0,nan,nan,nan,nan,nan,nan,nan,0.0,0.0,0.0,0.0,0,0,0,not_projected_visible,0,0.0,-89.92671966552734,1,482.1145301813197,184.78270003811068,494.1267135614244,212.56077914750023,488.12062187137207,198.67173959280547,15.229030330378695,12.012183380104716,27.77807910938955,333.67538020904317,1.0,0,1,0,eligible,1,0.0,90.0732650756836,4,3,1,90.52708333333334,0.0,93.0,196.0,0.11509114583333334,6.510416666666667e-05,8404.861328125,31.93957465277778,0.0,31.0,79.0,0.23735677083333334,6.076388888888889e-05,1489.8978271484375
87,70915,8.600000128149986,38.0,1.0,0.35,9007,0.9507231243736965,-0.2899779677391052,1,316.29742723349403,182.6133798823141,328.68583005921016,206.51889621031933,322.49162864635207,194.56613804631672,21.608045745396907,12.388402825716128,23.905516328005234,296.1511660280631,1.0,0,1,0,eligible,1,4.853566223063408,0.07216624915599823,0,0.0,186.14276875095047,0.0,216.1316797137053,0.0,201.13722423232787,16.4554703054416,0.0,0.0,0.0,0.0,0,0,0,not_projected_visible,0,2.764825382228917,-84.84008026123047,1,0.0,0.0,214.71304858020395,313.1696360975936,107.35652429010197,156.5848180487968,4.120038261889061,214.71304858020395,313.1696360975936,67241.6072892674,1.0,1,0,1,edge_touching_or_truncated,0,4.850681870062345,-179.9272918701172,1,244.18396356306803,167.9100403823638,294.2607673725228,208.07379921014356,269.22236546779544,187.99191979625368,22.266916549307172,50.07680380945479,40.16375882777976,2011.272671068985,1.0,0,1,0,eligible,1,4.810004000036782,-179.92959594726562,0,nan,nan,nan,nan,nan,nan,nan,0.0,0.0,0.0,0.0,0,0,0,not_projected_visible,0,0.0,-89.92671966552734,1,483.4095857799405,184.97496335331675,495.5359567246997,212.9345328308156,489.4727712523201,198.95474809206618,15.132560749669512,12.126370944759174,27.95956947749886,339.0481109399176,1.0,0,1,0,eligible,1,0.0,90.0732650756836,4,3,1,92.65077256944444,0.0,94.0,197.0,0.1040842013888889,4.774305555555556e-05,8417.171875,32.742725694444445,0.0,31.0,80.0,0.22092447916666666,6.076388888888889e-05,1503.3929443359375
88,70917,8.700000129640102,38.0,1.0,0.35,9007,1.215050489454684,-0.286102294921875,1,316.33143644451263,182.6418916318296,328.60913117432676,206.33485672278593,322.4702838094197,194.48837417730778,21.793695351199673,12.27769472981413,23.692965090956335,290.89499263090477,1.0,0,1,0,eligible,1,4.844993156208469,0.07216639071702957,0,0.0,186.19455604807877,0.0,216.31253126431673,0.0,201.25354365619773,16.42126034874007,0.0,0.0,0.0,0.0,0,0,0,not_projected_visible,0,2.9108535585944018,-84.30284118652344,1,0.0,0.0,206.29521390859338,323.69314132823706,103.14760695429669,161.84657066411853,3.8207027158388893,206.29521390859338,323.69314132823706,66776.34583105322,1.0,1,0,1,edge_touching_or_truncated,0,4.850680916434805,-179.9272918701172,1,242.97796045008852,167.7519792111712,293.9059203338119,208.53253417739924,268.4419403919502,188.1422566942852,21.96995425436427,50.92795988372336,40.78055496622804,2076.870467356037,1.0,0,1,0,eligible,1,4.807080899545726,-179.92991638183594,0,nan,nan,nan,nan,nan,nan,nan,0.0,0.0,0.0,0.0,0,0,0,not_projected_visible,0,0.0,-89.92671966552734,1,483.987340478335,185.04320711098876,496.1766266353232,213.10915448497298,490.0819835568291,199.07618079798087,15.076324392901377,12.189286156988203,28.065947373984216,342.1038638084652,1.0,0,1,0,eligible,1,0.0,90.0732650756836,4,3,1,96.88404079861111,0.0,96.0,197.0,0.08778211805555555,7.8125e-05,8567.5771484375,34.33791232638889,0.0,32.0,79.0,0.19000434027777777,6.076388888888889e-05,1533.0859375
89,70919,8.800000131130219,38.0,1.0,0.35,9007,2.0979452796812126,-0.3136596381664276,1,316.642530915987,182.68495415179981,328.65097995261146,205.8721652414023,322.6467554342992,194.27855969660106,22.259261673677738,12.008449036624484,23.1872110896025,278.4424426709457,1.0,0,1,0,eligible,1,4.787235718714584,0.07216595858335495,0,0.0,186.2952566674385,0.0,216.9417101801302,0.0,201.61848342378437,16.275068911959337,0.0,0.0,0.0,0.0,0,0,0,not_projected_visible,0,3.9678868493208013,-82.86173248291016,1,0.0,0.0,166.52297982622505,359.0,83.26148991311253,179.5,2.8391768824690296,166.52297982622505,359.0,59781.749757614794,1.0,1,0,1,edge_touching_or_truncated,0,4.850677578355334,-179.9272918701172,1,239.01021238595337,167.1184841916949,292.92635799035844,210.0613459839841,265.9682851881559,188.5899150878395,20.997089215046266,53.916145604405074,42.94286179228919,2315.3135890629073,1.0,0,1,0,eligible,1,4.795001676754857,-179.93026733398438,0,nan,nan,nan,nan,nan,nan,nan,0.0,0.0,0.0,0.0,0,0,0,not_projected_visible,0,0.0,-89.92671966552734,1,486.9899756104214,185.22732090576193,499.47615779202704,213.79482152035493,493.23306670122423,199.51107121305841,14.816533898233331,12.486182181605614,28.567500614593,356.69901714693856,1.0,0,1,0,eligible,1,0.0,90.0732650756836,4,3,1,103.66405815972222,1.0,97.0,195.0,0.053871527777777775,1.3020833333333334e-05,8701.8974609375,36.913984375,1.0,33.0,79.0,0.14270833333333333,6.076388888888889e-05,1561.9053955078125
90,70921,8.900000132620335,38.0,1.0,0.35,9007,2.394126007488099,-0.3132018446922302,1,316.68323777877157,182.68945102996852,328.62117157193643,205.7402667137454,322.652204675354,194.21485887185696,22.384719602536748,11.93793379316486,23.050815683776875,275.1791115113745,1.0,0,1,0,eligible,1,4.783980825614085,0.07216596603393555,0,0.0,186.3271310484312,0.0,217.1995689018957,0.0,201.76334997516346,16.200018843270634,0.0,0.0,0.0,0.0,0,0,0,not_projected_visible,0,4.257141083393721,-82.34574890136719,1,0.0,0.0,144.1965839473874,359.0,72.0982919736937,179.5,2.4829698660051758,144.1965839473874,359.0,51766.57363711208,1.0,1,0,1,edge_touching_or_truncated,0,4.850679008828386,-179.9272918701172,1,237.39906971999994,166.85364468097362,292.4889949089902,210.63798343348753,264.9440323144951,188.74581405723058,20.644117705651865,55.089925188990264,43.78433875251392,2412.075946325399,1.0,0,1,0,eligible,1,4.793173974309093,-179.93031311035156,0,nan,nan,nan,nan,nan,nan,nan,0.0,0.0,0.0,0.0,0,0,0,not_projected_visible,0,0.0,-89.92671966552734,1,488.26089647592346,185.2822282081248,500.87897376175664,214.07452993126597,494.56993511884,199.67837906969538,14.70287221354883,12.61807728583318,28.79230172314118,363.3034883796233,1.0,0,1,0,eligible,1,0.0,90.0732650756836,4,3,1,105.39446180555555,3.0,98.0,195.0,0.04457899305555556,5.208333333333334e-05,8853.716796875,37.49213107638889,1.0,33.0,79.0,0.1260546875,6.076388888888889e-05,1594.2503662109375
91,70923,9.00000013411045,38.0,1.0,0.35,9007,3.278137780857521,-0.3108825385570526,1,316.78425520231974,182.70936901807428,328.5621828119927,205.4331481902708,322.67321900715626,194.07125860417256,22.675444257982292,11.777927609672986,22.723779172196515,267.6390261083253,1.0,0,1,0,eligible,1,4.834960481416653,0.0721680074930191,0,0.0,186.444383235427,0.0,218.1201923785632,0.0,202.2822878069951,15.905578271077369,0.0,0.0,0.0,0.0,0,0,0,not_projected_visible,0,4.999938321601403,-80.8494644165039,0,0.0,0.0,0.0,359.0,0.0,179.5,1.324772744732769,0.0,0.0,0.0,0.0,0,0,0,not_projected_visible,0,4.8506804392601435,-179.9272918701172,1,231.66574270494394,165.9150655220239,290.9777488474275,212.68056804918473,261.3217457761857,189.2978167856043,19.49543801765229,59.31200614248357,46.765502527160834,2773.7557731472943,1.0,0,1,0,eligible,1,4.795503827364379,-179.93038940429688,0,nan,nan,nan,nan,nan,nan,nan,0.0,0.0,0.0,0.0,0,0,0,not_projected_visible,0,0.0,-89.92671966552734,1,493.2513620476407,185.47270664350063,506.39154171320416,215.14911229785463,499.82145188042244,200.31090947067764,14.27254223172504,13.140179665563437,29.676405654354,389.95330212635423,1.0,0,1,0,eligible,1,0.0,90.0732650756836,3,3,0,106.28561631944444,10.0,98.0,196.0,0.027065972222222224,4.340277777777778e-05,10021.9423828125,37.64123697916666,2.0,34.0,79.0,0.10376736111111111,6.076388888888889e-05,1790.97216796875
92,70925,9.100000135600567,38.0,1.0,0.35,9007,3.4264776362009863,-0.3092651069164276,1,316.8086399104295,182.68523841259585,328.5469492109768,205.32786410814006,322.67779456070315,194.00655126036796,22.748586088780677,11.738309300547257,22.64262569554421,265.78614379081694,1.0,0,1,0,eligible,1,4.848108322928263,0.07216868549585342,0,0.0,186.44838588063106,0.0,218.4688082361402,0.0,202.45859705838564,15.79491025178693,0.0,0.0,0.0,0.0,0,0,0,not_projected_visible,0,5.116118716636295,-80.00857543945312,0,0.0,0.0,0.0,359.0,0.0,179.5,0.9129618040253504,0.0,0.0,0.0,0.0,0,0,0,not_projected_visible,0,4.850677578237802,-179.9272918701172,1,229.4315362220054,165.52169343222445,290.3975651237951,213.4480063052105,259.91455067290025,189.48484986871748,19.0866340209736,60.96602890178971,47.926312872986045,2921.8769757706837,1.0,0,1,0,eligible,1,4.79731771898265,-179.93038940429688,0,nan,nan,nan,nan,nan,nan,nan,0.0,0.0,0.0,0.0,0,0,0,not_projected_visible,0,0.0,-89.92671966552734,1,495.28813036910896,185.51344934220978,508.64252272818254,215.55155593842832,501.96532654864575,200.53250264031905,14.103648643400913,13.354392359073586,30.03810659621854,401.14066120957875,1.0,0,1,0,eligible,1,0.0,90.0732650756836,3,3,0,102.88620659722223,13.0,97.0,192.0,0.016258680555555554,3.0381944444444444e-05,10888.5146484375,36.225512152777775,3.0,33.0,79.0,0.09845920138888889,6.076388888888889e-05,1935.5400390625
93,70927,9.200000137090683,38.0,1.0,0.35,9007,3.1652906958683906,-0.713134765625,1,319.4483470397606,182.40193494410016,331.0759451345053,204.82175782007303,325.2621460871329,193.61184638208658,22.971887467162553,11.627598094744656,22.41982287597287,260.68868975717476,1.0,0,1,0,eligible,1,4.816541677852295,0.07216835021972656,0,0.0,186.42400460987943,0.0,218.86822917478065,0.0,202.64611689233004,15.743148100659745,0.0,0.0,0.0,0.0,0,0,0,not_projected_visible,0,5.013191828511188,-76.97897338867188,0,nan,nan,nan,nan,nan,nan,nan,0.0,0.0,0.0,0.0,0,0,0,not_projected_visible,0,4.850680439355292,-179.9272918701172,1,224.97112233792666,164.07636670063044,291.133763314547,215.78846112596347,258.05244282623687,189.93241391329695,17.889524900794058,66.16264097662037,51.71209442533302,3421.4087376124003,1.0,0,1,0,eligible,1,4.800282213723011,-179.93038940429688,0,nan,nan,nan,nan,nan,nan,nan,0.0,0.0,0.0,0.0,0,0,0,not_projected_visible,0,0.0,-89.92671966552734,1,505.09761316828644,185.38871541817358,519.2586752429547,216.6839284346583,512.1781442056206,201.03632192641595,13.54639653152666,14.16106207466828,31.295213016484723,443.1734541664069,1.0,0,1,0,eligible,1,0.0,90.0732650756836,3,3,0,102.65676649305556,13.0,97.0,192.0,0.01580295138888889,4.774305555555556e-05,11111.0087890625,36.14302951388889,3.0,33.0,79.0,0.10046006944444444,6.076388888888889e-05,1969.87060546875
94,70929,9.300000138580799,38.0,1.0,0.35,9007,3.0175188629735485,-0.9111327528953552,1,320.7488550839304,182.3059545174845,332.33116908716346,204.64491176360644,326.5400120855469,193.47543314054548,23.056689209454746,11.58231400323308,22.338957246121936,258.7368173293832,1.0,0,1,0,eligible,1,4.797837725350446,0.07216791808605194,0,0.0,186.32035609106129,0.0,218.68796353957035,0.0,202.5041598153158,15.772922119131422,0.0,0.0,0.0,0.0,0,0,0,not_projected_visible,0,3.790976559246909,-75.93649291992188,0,nan,nan,nan,nan,nan,nan,nan,0.0,0.0,0.0,0.0,0,0,0,not_projected_visible,0,4.850682346732517,-179.9272918701172,1,223.81107927483217,163.56661638165858,291.78797330843116,216.6246102347666,257.79952629163165,190.0956133082126,17.506491561962523,67.976894033599,53.05799385310803,3606.7176257880715,1.0,0,1,0,eligible,1,4.800160141005009,-179.93038940429688,0,nan,nan,nan,nan,nan,nan,nan,0.0,0.0,0.0,0.0,0,0,0,not_projected_visible,0,0.0,-89.92671966552734,1,508.9199943670623,185.38120528127286,523.3676162939851,217.11206544607614,516.1438053305237,201.2466353636745,13.364322716018336,14.44762192692275,31.73086016480329,458.43547107713164,1.0,0,1,0,eligible,1,0.0,90.0732650756836,3,3,0,102.21048177083334,13.0,96.0,193.0,0.015967881944444446,8.680555555555556e-06,11279.775390625,35.99426215277778,3.0,33.0,79.0,0.10026041666666667,6.076388888888889e-05,1990.580810546875
95,70931,9.400000140070915,38.0,1.0,0.35,9007,2.813572483423904,-1.3966063261032104,1,324.0005617256762,182.1722779696326,335.43443777633985,204.22614138731373,329.71749975100806,193.19920967847315,23.34027176323118,11.433876050663628,22.05386341768113,252.16114075603096,1.0,0,1,0,eligible,1,4.803213192969022,0.07475543767213821,0,0.0,186.07317723613235,0.0,218.5174801458721,0.0,202.29532869100223,15.82375611293298,0.0,0.0,0.0,0.0,0,0,0,not_projected_visible,0,3.4685821656432645,-73.52268981933594,0,nan,nan,nan,nan,nan,nan,nan,0.0,0.0,0.0,0.0,0,0,0,not_projected_visible,0,4.850678055232149,-179.9272918701172,1,219.08551091033272,162.10356889282113,293.03617162949405,219.54117380276455,256.0608412699134,190.82237134779285,16.382097695206177,73.95066071916133,57.43760490994342,4247.5488332164605,1.0,0,1,0,eligible,1,4.798379118829274,-179.92947387695312,0,nan,nan,nan,nan,nan,nan,nan,0.0,0.0,0.0,0.0,0,0,0,not_projected_visible,0,0.0,-89.92671966552734,1,519.4914616445994,185.50287606472727,534.784278994344,218.49861860081634,527.1378703194717,202.00074733277182,12.864254151360651,15.29281734974461,32.99574253608907,504.5978639236091,1.0,0,1,0,eligible,1,0.0,90.0732650756836,3,3,0,102.15649739583333,13.0,96.0,193.0,0.016037326388888887,6.510416666666667e-05,11359.232421875,35.977565104166665,2.0,32.0,79.0,0.10121961805555556,6.076388888888889e-05,1991.992919921875
96,70933,9.500000141561031,38.0,1.0,0.35,9007,2.8424477706213453,-1.53875732421875,1,324.9674913867908,182.17597293765508,336.35241103517666,204.12877909785988,330.65995121098376,193.1523760177575,23.437840335408747,11.384919648385846,21.9528061602048,249.9309341905215,1.0,0,1,0,eligible,1,4.822310144636203,0.07474933564662933,0,0.0,186.0445424505183,0.0,218.56149882182578,0.0,202.30302063617205,15.838816862013047,0.0,0.0,0.0,0.0,0,0,0,not_projected_visible,0,3.5638012596829873,-72.64628601074219,0,nan,nan,nan,nan,nan,nan,nan,0.0,0.0,0.0,0.0,0,0,0,not_projected_visible,0,4.850679962582204,-179.9272918701172,1,217.12277446093321,161.62059305580718,293.300150157074,220.6776435062492,255.2114623090036,191.1491182810282,16.008137722638004,76.17737569614076,59.057050450442034,4498.811119669262,1.0,0,1,0,eligible,1,4.797870591024208,-179.92868041992188,0,nan,nan,nan,nan,nan,nan,nan,0.0,0.0,0.0,0.0,0,0,0,not_projected_visible,0,0.0,-89.92671966552734,1,522.9638154491361,185.58816605453217,538.5520991840692,219.01554587061625,530.7579573166026,202.30185596257422,12.70221826741486,15.588283734933157,33.427379816084084,521.0754810884964,1.0,0,1,0,eligible,1,0.0,90.0732650756836,3,3,0,101.78619357638888,13.0,96.0,193.0,0.016050347222222223,6.944444444444444e-05,11381.0966796875,35.85241753472222,2.0,32.0,79.0,0.10345486111111112,6.076388888888889e-05,1997.060302734375
97,70935,9.600000143051147,38.0,1.0,0.35,9007,2.8546589402196134,-1.9236451387405396,1,327.6298517129726,182.18636627903828,338.8722116362432,203.8555823066043,333.25103167460793,193.02097429282128,23.726659027331568,11.242359923270612,21.669216027566023,243.6131258370015,1.0,0,1,0,eligible,1,4.842115727484136,0.0747411847114563,0,0.0,185.96485398688196,0.0,218.73969479517365,0.0,202.3522743910278,15.888219045859678,0.0,0.0,0.0,0.0,0,0,0,not_projected_visible,0,3.9903884353352184,-69.70844268798828,0,nan,nan,nan,nan,nan,nan,nan,0.0,0.0,0.0,0.0,0,0,0,not_projected_visible,0,4.850680439481591,-179.9272918701172,1,209.91418895280432,159.9838074642912,293.7066125753577,224.54287346585673,251.810400764081,192.26334046507395,14.876635264318733,83.7924236225534,64.55906600156553,5409.560607079563,1.0,0,1,0,eligible,1,4.797448668850121,-179.92803955078125,0,nan,nan,nan,nan,nan,nan,nan,0.0,0.0,0.0,0.0,0,0,0,not_projected_visible,0,0.0,-89.92671966552734,1,533.6018501795675,185.85450673125465,550.1403134696891,220.65086153143181,541.8710818246283,203.25268413134324,12.214542419961127,16.538463290121626,34.79635480017717,575.4782364927776,1.0,0,1,0,eligible,1,0.0,90.0732650756836,3,3,0,101.5180078125,13.0,95.0,193.0,0.016063368055555555,8.246527777777778e-05,11523.4833984375,35.747105034722225,2.0,32.0,79.0,0.10584201388888889,6.076388888888889e-05,2015.9970703125
98,70937,9.700000144541264,38.0,1.0,0.35,9007,2.8171081477681073,-2.036285400390625,1,328.4241970838464,182.16752661159697,339.61896951751777,203.74789843999613,334.0215833006821,192.95771252579655,23.824537808549174,11.194772433671346,21.580371828399166,241.5873516529407,1.0,0,1,0,eligible,1,4.827670403884872,0.07474114000797272,0,0.0,185.91948859191626,0.0,218.75917820184063,0.0,202.33933339687843,15.91454075582688,0.0,0.0,0.0,0.0,0,0,0,not_projected_visible,0,4.269301449015365,-68.559814453125,0,nan,nan,nan,nan,nan,nan,nan,0.0,0.0,0.0,0.0,0,0,0,not_projected_visible,0,4.850677101592271,-179.9272918701172,1,207.03511120837524,159.34808946884607,293.7024423392319,225.96724317681034,250.36877677380357,192.65766632282822,14.500694267247805,86.66733113085664,66.61915370796427,5773.704254065576,1.0,0,1,0,eligible,1,4.797556892770585,-179.92796325683594,0,nan,nan,nan,nan,nan,nan,nan,0.0,0.0,0.0,0.0,0,0,0,not_projected_visible,0,0.0,-89.92671966552734,1,537.1339947713818,185.92387147998005,554.000593334149,221.18851264462057,545.5672940527654,203.5561920623003,12.05626514009117,16.866598562767194,35.26464116464052,594.7945459840266,1.0,0,1,0,eligible,1,0.0,90.0732650756836,3,3,0,101.455546875,13.0,95.0,193.0,0.016119791666666668,1.3020833333333334e-05,11563.794921875,35.72125868055556,2.0,32.0,80.0,0.105078125,6.076388888888889e-05,2029.3486328125
99,70939,9.80000014603138,38.0,1.0,0.35,9007,2.609932266247535,-2.777832269668579,1,333.3503780267849,182.09504184604612,344.4146712474329,203.41064218936228,338.8825246371089,192.7528420177042,24.119124885648507,11.06429322064804,21.315600343316163,235.84205237259604,1.0,0,1,0,eligible,1,4.789950154176876,0.0747411698102951,0,0.0,185.818799788854,0.0,218.13318385462193,0.0,201.97599182173798,16.31956411698501,0.0,0.0,0.0,0.0,0,0,0,not_projected_visible,0,4.866816698300974,-64.88082122802734,0,nan,nan,nan,nan,nan,nan,nan,0.0,0.0,0.0,0.0,0,0,0,not_projected_visible,0,4.850680916301825,-179.9272918701172,1,200.3224636630369,157.21585364488558,296.2474941523178,230.7087046769397,248.28497890767736,193.96227916091266,13.407362153913251,95.92503048928091,73.49285103205412,7049.803975993972,1.0,0,1,0,eligible,1,4.797855833406682,-179.9279022216797,0,nan,nan,nan,nan,nan,nan,nan,0.0,0.0,0.0,0.0,0,0,0,not_projected_visible,0,0.0,-89.92671966552734,1,551.9174965462573,186.09669165093678,570.0248444667034,222.99378229757056,560.9711705064803,204.54523697425367,11.536024515635855,18.107347920446045,36.897090646633785,668.1084575908335,1.0,0,1,0,eligible,1,0.0,90.0732650756836,3,3,0,101.52715711805556,13.0,95.0,194.0,0.016137152777777778,6.510416666666667e-05,11410.0888671875,35.741640625,2.0,32.0,80.0,0.10503472222222222,6.076388888888889e-05,1996.7288818359375
100,70941,9.900000147521496,38.0,1.0,0.35,9007,2.4567061157656154,-2.997803211212158,1,334.8348395050042,182.056274305317,345.84917536302146,203.27209384591416,340.3420074340128,192.6641840756156,24.22689568621093,11.014335858017262,21.215819540597153,233.67816192322252,1.0,0,1,0,eligible,1,4.796320703985135,0.074741430580616,0,0.0,185.6814174374566,0.0,217.75516996369376,0.0,201.71829370057517,16.474298275875704,0.0,0.0,0.0,0.0,0,0,0,not_projected_visible,0,5.241780872587074,-63.52028274536133,0,nan,nan,nan,nan,nan,nan,nan,0.0,0.0,0.0,0.0,0,0,0,not_projected_visible,0,4.8506823468405615,-179.9272918701172,1,197.5450955625795,156.39737404635088,296.908873539809,232.4387474412492,247.22698455119425,194.41806074380003,13.051709577982951,99.36377797722952,76.04137339489833,7555.7581430942855,1.0,0,1,0,eligible,1,4.7978596435767065,-179.92788696289062,0,nan,nan,nan,nan,nan,nan,nan,0.0,0.0,0.0,0.0,0,0,0,not_projected_visible,0,0.0,-89.92671966552734,1,556.6385330744235,186.16336973426866,575.1520500456838,223.5933002982908,565.8952915600537,204.87833501627972,11.376640304504196,18.513516971260287,37.42993056402216,692.9596547301184,1.0,0,1,0,eligible,1,0.0,90.0732650756836,3,3,0,101.33836371527778,12.0,95.0,195.0,0.0161328125,0.00015625,11362.603515625,35.70779947916667,2.0,32.0,81.0,0.1072265625,0.0001996527777777778,1983.33984375
101,70943,10.000000149011612,38.0,1.0,0.35,9007,0.5643513838909288,-3.5541391372680664,1,338.534822088158,181.67700330443802,349.3564723512555,202.49481527149487,343.94564721970676,192.08590928796644,24.65794212668269,10.821650263097467,20.817811967056855,225.28308035041442,1.0,0,1,0,eligible,1,4.840840167449943,0.07474348694086075,0,0.0,184.97472961456273,0.0,216.0322748847436,0.0,200.50350224965317,17.006611663844716,0.0,0.0,0.0,0.0,0,0,0,not_projected_visible,0,4.381213374379409,-59.31626892089844,0,nan,nan,nan,nan,nan,nan,nan,0.0,0.0,0.0,0.0,0,0,0,not_projected_visible,0,4.8506780553881566,-179.9272918701172,1,187.97340547990188,153.55316700218157,298.1638717532394,237.51928404669533,243.06863861657064,195.53622552443846,12.082420722035053,110.1904662733375,83.96611704451377,9252.265588296603,1.0,0,1,0,eligible,1,4.797689889682463,-179.92788696289062,0,nan,nan,nan,nan,nan,nan,nan,0.0,0.0,0.0,0.0,0,0,0,not_projected_visible,0,0.0,-89.92671966552734,1,568.0214975387607,186.06465666003092,587.5792121541684,224.7579572527647,577.8003548464646,205.41130695639782,11.016327996778212,19.55771461540769,38.69330059273378,756.7525305208725,1.0,0,1,0,eligible,1,0.0,90.0732650756836,3,3,0,101.07204427083333,12.0,95.0,194.0,0.016471354166666667,0.0001388888888888889,11379.212890625,35.590143229166664,2.0,32.0,81.0,0.10779947916666667,0.0001996527777777778,1991.1201171875
102,70945,10.100000150501728,38.0,1.0,0.35,9007,0.00026905158610886513,-3.5623791217803955,1,338.60590362832653,181.45008757745822,349.32311986736875,202.05873067130378,343.9645117478476,191.754409124381,24.894645156355192,10.717216239042216,20.608643093845558,220.86728442998682,1.0,0,1,0,eligible,1,4.8433955398659565,0.07474388182163239,0,0.0,184.7190141324248,0.0,215.42687818717687,0.0,200.07294615980084,17.122617511005313,0.0,0.0,0.0,0.0,0,0,0,not_projected_visible,0,3.1902609176955963,-58.33173751831055,0,nan,nan,nan,nan,nan,nan,nan,0.0,0.0,0.0,0.0,0,0,0,not_projected_visible,0,4.850679485908519,-179.9272918701172,1,184.05245783354607,152.62407494823842,297.5074952208025,238.82626351964313,240.7799765271743,195.7251692339408,11.838388783368043,113.45503738725645,86.20218857140472,9780.072527232054,1.0,0,1,0,eligible,1,4.797640300830624,-179.92788696289062,0,nan,nan,nan,nan,nan,nan,nan,0.0,0.0,0.0,0.0,0,0,0,not_projected_visible,0,0.0,-89.92671966552734,1,568.1996569814858,185.86919166870476,587.7972983626962,224.58337355704612,577.998477672091,205.22628261287542,11.010309869054037,19.59764138121045,38.71418188834136,758.7066530146667,1.0,0,1,0,eligible,1,0.0,90.0732650756836,3,3,0,100.68770399305555,12.0,95.0,194.0,0.0167578125,7.378472222222222e-05,11336.484375,35.44191840277778,2.0,32.0,81.0,0.11044704861111111,0.0001996527777777778,1975.0321044921875
103,70947,10.200000151991844,38.0,1.0,0.35,9007,0.7959305661121854,-3.6936349868774414,1,339.5147880820257,181.8397305238207,349.9428500676651,201.9059513749383,344.72881907484543,191.8728409493795,25.548587264742093,10.428061985639431,20.066220851117606,209.25179485298483,1.0,0,1,0,eligible,1,4.804325853758218,0.07474306970834732,0,0.0,185.16601195718331,0.0,215.382695469419,0.0,200.27435371330114,17.450408254882195,0.0,0.0,0.0,0.0,0,0,0,not_projected_visible,0,3.2482300867763243,-55.56486129760742,0,nan,nan,nan,nan,nan,nan,nan,0.0,0.0,0.0,0.0,0,0,0,not_projected_visible,0,4.850680439579651,-179.9272918701172,1,171.03001803168925,150.62777274037416,296.00383041118187,244.84118273775198,233.51692422143554,197.73447773906307,11.062864614061588,124.97381237949261,94.21340999737782,11774.20902464451,1.0,0,1,0,eligible,1,4.797661764976105,-179.92787170410156,0,nan,nan,nan,nan,nan,nan,nan,0.0,0.0,0.0,0.0,0,0,0,not_projected_visible,0,0.0,-89.92671966552734,1,570.9801872371919,186.34952443270907,590.7786783771362,225.37339556508857,580.879432807164,205.86145999889882,10.926214042818305,19.798491139944304,39.0238711323795,772.6137668607438,1.0,0,1,0,eligible,1,0.0,90.0732650756836,3,3,0,100.7880078125,13.0,95.0,195.0,0.0161328125,0.00015625,11230.4013671875,35.46123263888889,2.0,32.0,81.0,0.10981770833333333,0.0001996527777777778,1960.9805908203125
104,70949,10.30000015348196,38.0,1.0,0.35,9007,1.068068509356049,-3.790802478790283,1,340.16456287393885,181.9684536969125,350.5136110609126,201.88443763481828,345.3390869674257,191.9264456658654,25.736368181503046,10.349048186973732,19.915983937905793,206.11147746438192,1.0,0,1,0,eligible,1,4.794208791241488,0.0747428834438324,0,0.0,185.28414859125775,0.0,215.32370975976158,0.0,200.30392917550967,17.581649880985363,0.0,0.0,0.0,0.0,0,0,0,not_projected_visible,0,3.438613275728369,-54.61547088623047,0,nan,nan,nan,nan,nan,nan,nan,0.0,0.0,0.0,0.0,0,0,0,not_projected_visible,0,4.850677101711195,-179.9272918701172,1,166.0752708931497,149.75675804227305,295.7467230991445,247.2890938431385,230.9109969961471,198.52292594270577,10.779856855512012,129.6714522059948,97.53233580086544,12647.159620340957,1.0,0,1,0,eligible,1,4.79771421852435,-179.92787170410156,0,nan,nan,nan,nan,nan,nan,nan,0.0,0.0,0.0,0.0,0,0,0,not_projected_visible,0,0.0,-89.92671966552734,1,573.0728012649132,186.53040278300054,593.0460656583413,225.7896594990734,583.0594334616272,206.16003114103697,10.862986185256574,19.973264393428053,39.259256716072855,784.1355142795891,1.0,0,1,0,eligible,1,0.0,90.0732650756836,3,3,0,100.79336371527778,12.0,95.0,195.0,0.016080729166666665,0.00015190972222222222,11242.3662109375,35.484448784722225,2.0,32.0,81.0,0.11064236111111111,0.0001996527777777778,1958.8980712890625
105,70951,10.400000154972076,38.0,1.0,0.35,9007,1.9343683147660593,-4.098572254180908,1,342.3146411685965,182.21477120986944,352.47593392929184,201.74674529843128,347.39528754894417,191.98075825415037,26.213002562223878,10.161292760695346,19.53197408856184,198.4701069081925,1.0,0,1,0,eligible,1,4.818149851757623,0.07474426180124283,0,0.0,185.4570798120678,0.0,215.00482877465717,0.0,200.2309542933625,17.972436896547762,0.0,0.0,0.0,0.0,0,0,0,not_projected_visible,0,4.181581394005421,-51.230857849121094,0,nan,nan,nan,nan,nan,nan,nan,0.0,0.0,0.0,0.0,0,0,0,not_projected_visible,0,4.850680439595065,-179.9272918701172,1,146.95106362936897,146.08868151819388,294.7624663173753,256.45044115196004,220.85676497337215,201.26956133507696,9.845352547746163,147.81140268800632,110.36175963376616,16312.72649458357,1.0,0,1,0,eligible,1,4.797881590487619,-179.92787170410156,0,nan,nan,nan,nan,nan,nan,nan,0.0,0.0,0.0,0.0,0,0,0,not_projected_visible,0,0.0,-89.92671966552734,1,581.7650552314406,186.9766696791745,602.6134730149723,227.3026906902041,592.1892641232064,207.1396801846893,10.58441495307498,20.848417783531772,40.32602101102958,840.7337335854251,1.0,0,1,0,eligible,1,0.0,90.0732650756836,3,3,0,100.75047743055555,12.0,95.0,196.0,0.016180555555555556,0.00015190972222222222,11376.6142578125,35.466228298611114,2.0,32.0,81.0,0.11213107638888889,0.0001996527777777778,1986.1510009765625
106,70953,10.500000156462193,38.0,1.0,0.35,9007,2.268982062454637,-4.233400344848633,1,343.25972104258994,182.2660179067933,353.3727705877636,201.69556570125403,348.3162458151768,191.98079180402368,26.340963721011587,10.11304954517368,19.429547794460717,196.49197948570125,1.0,0,1,0,eligible,1,4.832622825678082,0.07474502176046371,0,0.0,185.4765199219946,0.0,214.81692075032836,0.0,200.14672033616148,18.11988575032845,0.0,0.0,0.0,0.0,0,0,0,not_projected_visible,0,4.543139139424773,-49.99848175048828,0,nan,nan,nan,nan,nan,nan,nan,0.0,0.0,0.0,0.0,0,0,0,not_projected_visible,0,4.85068234693679,-179.9272918701172,1,138.87626279050377,144.43097807161445,294.50359284748083,260.358838594751,216.68992781899232,202.3949083331827,9.504594522413065,155.62733005697706,115.92786052313653,18041.54341243337,1.0,0,1,0,eligible,1,4.797919260726856,-179.92787170410156,0,nan,nan,nan,nan,nan,nan,nan,0.0,0.0,0.0,0.0,0,0,0,not_projected_visible,0,0.0,-89.92671966552734,1,585.8657553395445,187.11647356779596,607.1361728372518,227.95428888996142,596.5009640883982,207.5353812288787,10.455757549593837,21.270417497707285,40.837815322165454,868.6373815967268,1.0,0,1,0,eligible,1,0.0,90.0732650756836,3,3,0,100.5292578125,12.0,94.0,197.0,0.016493055555555556,0.00026475694444444447,11533.23046875,35.3844921875,2.0,32.0,82.0,0.11397569444444444,0.0001996527777777778,2010.2305908203125
107,70955,10.600000157952309,38.0,1.0,0.35,9007,2.5382304918702068,-4.652315139770508,1,346.2529400744255,182.2057726034384,356.24398207218,201.387249080729,351.2484610733028,191.7965108420837,26.66968639304623,9.991041997754508,19.1814764772906,191.6429370635506,1.0,0,1,0,eligible,1,4.82859736296033,0.07474563270807266,0,0.0,185.28450074844943,0.0,213.89891841444233,0.0,199.59170958144588,18.597672201261343,0.0,0.0,0.0,0.0,0,0,0,not_projected_visible,0,5.226002937594466,-45.99870300292969,0,nan,nan,nan,nan,nan,nan,nan,0.0,0.0,0.0,0.0,0,0,0,not_projected_visible,0,4.850678055404234,-179.9272918701172,1,107.02039881140655,137.58747425208722,293.3637651136607,275.46478378331335,200.19208196253362,206.52612901770027,8.428421176192902,186.34336630225414,137.87730953122613,25692.52199474655,1.0,0,1,0,eligible,1,4.797957884246397,-179.92787170410156,0,nan,nan,nan,nan,nan,nan,nan,0.0,0.0,0.0,0.0,0,0,0,not_projected_visible,0,0.0,-89.92671966552734,1,600.4017936756276,187.37824482022205,623.2044545304054,230.07941884045093,611.8031241030164,208.7288318303365,10.012735963122356,22.802660854777855,42.701174020228876,973.7003892841301,1.0,0,1,0,eligible,1,0.0,90.0732650756836,3,3,0,100.4108767361111,12.0,94.0,196.0,0.01713107638888889,0.00020833333333333335,11417.8935546875,35.40140625,2.0,32.0,82.0,0.11563368055555556,0.000390625,1998.9425048828125
108,70957,10.700000159442425,38.0,1.0,0.35,9007,2.4157299697493975,-4.777163028717041,1,347.1614267283758,182.1145807350621,357.11111255449885,201.21681610246966,352.1362696414373,191.66569841876588,26.780570330548,9.949685826123073,19.10223536740756,190.06124048236185,1.0,0,1,0,eligible,1,4.81397752329802,0.07474527508020401,0,0.0,185.14995735907317,0.0,213.47726596047315,0.0,199.31361165977316,18.766520388628162,0.0,0.0,0.0,0.0,0,0,0,not_projected_visible,0,5.125944625373998,-44.60849380493164,0,nan,nan,nan,nan,nan,nan,nan,0.0,0.0,0.0,0.0,0,0,0,not_projected_visible,0,4.850679962769461,-179.9272918701172,1,93.46733531004644,134.62699106672738,292.7438853476849,281.74188776740954,193.10561032886568,208.18443941706846,8.071106426792166,199.27655003763846,147.11489670068215,29316.5490736555,1.0,0,1,0,eligible,1,4.797955023124376,-179.92788696289062,0,nan,nan,nan,nan,nan,nan,nan,0.0,0.0,0.0,0.0,0,0,0,not_projected_visible,0,0.0,-89.92671966552734,1,605.286193920898,187.3980370399426,628.6150916011273,230.73824632482226,616.9506427610127,209.06814168238242,9.869360325763381,23.328897680229375,43.34020928487965,1011.0793078466844,1.0,0,1,0,eligible,1,0.0,90.0732650756836,3,3,0,100.24453125,12.0,94.0,198.0,0.016458333333333332,0.00030381944444444445,11423.4169921875,35.31852864583333,2.0,32.0,83.0,0.11735243055555555,0.000390625,2004.7781982421875
109,70959,10.800000160932541,38.0,1.0,0.35,9007,0.4599338991669505,-5.631443023681641,1,352.6683224627427,181.57663414160558,362.5331484922908,200.384536824504,357.60073547751676,190.9805854830548,27.187107678464773,9.864826029548112,18.80790268289843,185.5366879474642,1.0,0,1,0,eligible,1,4.798611909483699,0.07474524527788162,0,0.0,184.46020008544835,0.0,211.30466484533363,0.0,197.882432465391,19.630843112577157,0.0,0.0,0.0,0.0,0,0,0,not_projected_visible,0,4.4316907755464685,-40.214717864990234,0,nan,nan,nan,nan,nan,nan,nan,0.0,0.0,0.0,0.0,0,0,0,not_projected_visible,0,4.850680439620411,-179.9272918701172,1,51.71698922230133,124.01444259443062,294.0090709327117,303.32562551805006,172.86303007750652,213.67003405624035,7.122632702505793,242.2920817104104,179.31118292361944,43445.67978451995,1.0,0,1,0,eligible,1,4.797934518604828,-179.92787170410156,0,nan,nan,nan,nan,nan,nan,nan,0.0,0.0,0.0,0.0,0,0,0,not_projected_visible,0,0.0,-89.92671966552734,1,623.2192372307683,187.15614653004252,639.0,232.41050328515905,631.1096186153841,209.7833249076008,9.46479362229702,15.780762769231728,45.25435675511653,714.1482682266734,1.0,1,0,1,edge_touching_or_truncated,0,0.0,90.0732650756836,3,2,1,99.86753472222222,12.0,94.0,198.0,0.016432291666666668,0.0003862847222222222,11362.9765625,35.169331597222225,2.0,31.0,83.0,0.1204296875,0.000390625,1992.535888671875
110,70961,10.900000162422657,38.0,1.0,0.35,9007,0.0005790879743411807,-5.663363933563232,1,352.8524066897318,181.35114666516426,362.6366871388288,199.9887222417151,357.7445469142803,190.66993445343968,27.421668177142095,9.784280449096968,18.63757557655083,182.35526633221343,1.0,0,1,0,eligible,1,4.80961829330112,0.07173359394073486,0,0.0,184.05892551348035,0.0,210.54877918224898,0.0,197.30385234786468,19.837780613796152,0.0,0.0,0.0,0.0,0,0,0,not_projected_visible,0,4.297638738289629,-38.95685577392578,0,nan,nan,nan,nan,nan,nan,nan,0.0,0.0,0.0,0.0,0,0,0,not_projected_visible,0,4.850677101743028,-179.9272918701172,1,35.68281748214735,120.48647082338705,292.73283759792275,310.1667166958974,164.20782754003505,215.3265937596422,6.882182006995851,257.0500201157754,189.68024587251034,48757.311017094005,1.0,0,1,0,eligible,1,4.797926889193596,-179.92788696289062,0,nan,nan,nan,nan,nan,nan,nan,0.0,0.0,0.0,0.0,0,0,0,not_projected_visible,0,0.0,-89.92671966552734,1,623.6561404142922,187.00229665646955,639.0,232.29897075563883,631.3280702071461,209.65063370605418,9.456813065137126,15.343859585707833,45.29667409916928,695.0258070772222,1.0,1,0,1,edge_touching_or_truncated,0,0.0,90.0732650756836,3,2,1,99.71516059027778,12.0,94.0,198.0,0.01628472222222222,0.0005425347222222222,11186.2919921875,35.07279079861111,2.0,31.0,82.0,0.12048177083333333,0.000390625,1958.1187744140625
111,70963,11.000000163912773,38.0,1.0,0.35,9007,0.00022565278961124966,-5.663424968719482,1,352.83579461458754,181.52754084979986,362.35654275570795,199.6593990139409,357.59616868514775,190.5934699318704,28.142828154909413,9.520748141120407,18.13185816414105,172.62885491130478,1.0,0,1,0,eligible,1,4.838768617850752,0.07214774191379547,0,0.0,184.17703878951968,0.0,209.83943746755057,0.0,197.00823812853514,20.436666196596054,0.0,0.0,0.0,0.0,0,0,0,not_projected_visible,0,4.627358312255454,-35.15750503540039,0,nan,nan,nan,nan,nan,nan,nan,0.0,0.0,0.0,0.0,0,0,0,not_projected_visible,0,4.850680916424917,-179.9272918701172,1,0.0,108.55966738036668,287.79983574033855,337.63074509884575,143.89991787016928,223.09520623960623,6.166631289104572,287.79983574033855,229.07107771847907,65926.6185402406,1.0,1,0,1,edge_touching_or_truncated,0,4.797895417761274,-179.92787170410156,0,nan,nan,nan,nan,nan,nan,nan,0.0,0.0,0.0,0.0,0,0,0,not_projected_visible,0,0.0,-89.92671966552734,1,623.6613037605425,187.22259824334796,639.0,232.5201480893499,631.3306518802713,209.87137316634892,9.457119262356887,15.338696239457477,45.29754984600194,694.8053574795076,1.0,1,0,1,edge_touching_or_truncated,0,0.0,90.0732650756836,3,1,2,99.22661024305556,12.0,93.0,195.0,0.016588541666666668,0.0006163194444444444,11154.5068359375,34.8425390625,2.0,31.0,82.0,0.12562065972222222,0.000390625,1953.2821044921875
112,70965,11.10000016540289,38.0,1.0,0.35,9007,0.00018197410914493392,-5.663455486297607,1,352.8307410360434,181.59351382347413,362.2663114294786,199.56583814350697,357.548526232761,190.57967598349055,28.383521044229056,9.435570393435228,17.97232432003284,169.57913125531778,1.0,0,1,0,eligible,1,4.833874273616844,0.0721530169248581,0,0.0,184.22635208691997,0.0,209.59706915518134,0.0,196.91171062105064,20.655855255014927,0.0,0.0,0.0,0.0,0,0,0,not_projected_visible,0,4.923310373235475,-34.0553092956543,0,nan,nan,nan,nan,nan,nan,nan,0.0,0.0,0.0,0.0,0,0,0,not_projected_visible,0,4.850682346945674,-179.9272918701172,1,0.0,103.39575474117427,285.96788935817955,349.50215971351224,142.98394467908977,226.44895722734327,5.928138658548949,285.96788935817955,246.10640497233797,70378.52918746887,1.0,1,0,1,edge_touching_or_truncated,0,4.797884450582445,-179.92788696289062,0,nan,nan,nan,nan,nan,nan,nan,0.0,0.0,0.0,0.0,0,0,0,not_projected_visible,0,0.0,-89.92671966552734,1,623.6635244235919,187.30280480156196,639.0,232.6005665480358,631.3317622117959,209.95168567479888,9.457229472988661,15.336475576408134,45.29776174647384,694.7080166907507,1.0,1,0,1,edge_touching_or_truncated,0,0.0,90.0732650756836,3,1,2,99.02751736111111,12.0,94.0,196.0,0.017361111111111112,0.0007118055555555556,11231.943359375,34.70618923611111,2.0,31.0,82.0,0.13077256944444443,0.000390625,1963.096435546875
113,70967,11.200000166893005,38.0,1.0,0.35,9007,7.93343915940446e-05,-5.663516998291016,1,352.81398885119984,181.69555536612415,362.00486408816306,199.21162082936456,357.4094264696814,190.45358809774436,29.102156705639366,9.190875236963223,17.51606546324041,160.98797231512302,1.0,0,1,0,eligible,1,4.799754676360703,0.06915194541215897,0,0.0,184.2562377943306,0.0,208.68192675882514,0.0,196.46908227657786,21.373434216776335,0.0,0.0,0.0,0.0,0,0,0,not_projected_visible,0,5.160689951001801,-29.73809814453125,0,nan,nan,nan,nan,nan,nan,nan,0.0,0.0,0.0,0.0,0,0,0,not_projected_visible,0,4.8506775785833405,-179.9272918701172,1,0.0,81.72132373385803,279.78981034341916,359.0,139.89490517170958,220.360661866929,5.212396386005068,279.78981034341916,277.278676266142,77579.74824477818,1.0,1,0,1,edge_touching_or_truncated,0,4.797855363539338,-179.92787170410156,0,nan,nan,nan,nan,nan,nan,nan,0.0,0.0,0.0,0.0,0,0,0,not_projected_visible,0,0.0,-89.92671966552734,1,623.6674849197872,187.4493299070413,639.0,232.74751329196226,631.3337424598935,210.09842159950176,9.45742452131056,15.33251508021283,45.298183384920975,694.5350798555471,1.0,1,0,1,edge_touching_or_truncated,0,0.0,90.0732650756836,3,1,2,98.71328993055556,7.0,94.0,198.0,0.017855902777777776,0.0008506944444444444,11272.4169921875,34.39944444444444,2.0,31.0,81.0,0.13701822916666667,3.0381944444444444e-05,1961.5164794921875
114,70969,11.300000168383121,38.0,1.0,0.35,9007,2.523948035911072e-05,-5.663516998291016,1,352.8092389555303,181.70002618197148,361.9217111623966,199.0682178291106,357.36547505896345,190.38412200554103,29.34086084639274,9.1124722068663,17.368191647139128,158.26716366808273,1.0,0,1,0,eligible,1,4.7977123570107745,0.0724429190158844,0,0.0,184.24283096347003,0.0,208.32886362329543,0.0,196.28584729338274,21.616403058113665,0.0,0.0,0.0,0.0,0,0,0,not_projected_visible,0,5.092566851164058,-28.344751358032227,0,nan,nan,nan,nan,nan,nan,nan,0.0,0.0,0.0,0.0,0,0,0,not_projected_visible,0,4.850679009077189,-179.9272918701172,1,0.0,71.36367994445848,277.46686703941015,359.0,138.73343351970507,215.18183997222923,4.973742823853456,277.46686703941015,287.63632005554155,79809.54857255617,1.0,1,0,1,edge_touching_or_truncated,0,4.797847292724353,-179.9269256591797,0,nan,nan,nan,nan,nan,nan,nan,0.0,0.0,0.0,0.0,0,0,0,not_projected_visible,0,0.0,-89.92671966552734,1,623.6674645230653,187.46794986914088,639.0,232.7661603958306,631.3337322615326,210.11705513248575,9.457453181058685,15.332535476934709,45.29821052668973,694.5364199421275,1.0,1,0,1,edge_touching_or_truncated,0,0.0,90.0732650756836,3,1,2,97.77934895833333,7.0,93.0,196.0,0.018146701388888888,0.0006987847222222222,11072.5576171875,33.942256944444445,2.0,31.0,80.0,0.14430121527777778,3.0381944444444444e-05,1923.0675048828125
115,70971,11.400000169873238,38.0,1.0,0.35,9007,3.033206377815677e-05,-5.663516521453857,1,352.7930719267945,181.70500048731031,361.67910153415954,198.63280843988954,357.23608673047704,190.16890446359992,30.059169900971508,8.88602960736506,16.92780795257923,150.42100265440877,1.0,0,1,0,eligible,1,4.827630541679067,0.0691559761762619,0,0.0,184.19741737932605,0.0,207.3357653214633,0.0,195.76659135039466,22.318134357612617,0.0,0.0,0.0,0.0,0,0,0,not_projected_visible,0,4.681227060788034,-24.904733657836914,0,nan,nan,nan,nan,nan,nan,nan,0.0,0.0,0.0,0.0,0,0,0,not_projected_visible,0,4.85068043963418,-179.9272918701172,1,0.0,20.899210021067507,269.5047851377296,359.0,134.7523925688648,189.94960501053376,4.257746805543714,269.5047851377296,338.1007899789325,91119.78075816884,1.0,1,0,1,edge_touching_or_truncated,0,4.797834478099106,-179.92735290527344,0,nan,nan,nan,nan,nan,nan,nan,0.0,0.0,0.0,0.0,0,0,0,not_projected_visible,0,0.0,-89.92671966552734,1,623.6689086148381,187.50948003370078,639.0,232.8077737337215,631.334454307419,210.15862688371112,9.45750455480487,15.331091385161926,45.29829370002071,694.4722803069222,1.0,1,0,1,edge_touching_or_truncated,0,0.0,90.0732650756836,3,1,2,95.75909722222222,7.0,92.0,191.0,0.018567708333333332,0.00022569444444444443,10744.845703125,33.1134375,2.0,30.0,78.0,0.15991319444444443,0.0,1857.1827392578125
116,70973,11.500000171363354,38.0,1.0,0.35,9007,2.3500267553715442e-05,-5.663516521453857,1,352.78782174301057,181.7029721805858,361.6003028790392,198.48893282824022,357.1940623110249,190.095952504413,30.299654459895148,8.812481136028623,16.785960647654434,147.92596155757352,1.0,0,1,0,eligible,1,4.835466210239234,0.06942877918481827,0,0.0,184.1747367376486,0.0,207.03844209900333,0.0,195.60658941832597,22.540393617081662,0.0,0.0,0.0,0.0,0,0,0,not_projected_visible,0,4.542905807626602,-23.88922882080078,0,nan,nan,nan,nan,nan,nan,nan,0.0,0.0,0.0,0.0,0,0,0,not_projected_visible,0,4.850678055450308,-179.9272918701172,1,0.0,0.0,266.45892529120823,359.0,133.22946264560412,179.5,4.019075889727606,266.45892529120823,359.0,95658.75417954376,1.0,1,0,1,edge_touching_or_truncated,0,4.797832466468943,-179.9275665283203,0,nan,nan,nan,nan,nan,nan,nan,0.0,0.0,0.0,0.0,0,0,0,not_projected_visible,0,0.0,-89.92671966552734,1,623.6691863942166,187.5197945743679,639.0,232.8181172085271,631.3345931971082,210.1689558914475,9.45751601091845,15.330813605783419,45.298322634159206,694.460140958935,1.0,1,0,1,edge_touching_or_truncated,0,0.0,90.0732650756836,3,1,2,93.50104166666667,4.0,90.0,191.0,0.019301215277777777,0.0003559027777777778,10601.0341796875,32.21552517361111,1.0,30.0,79.0,0.20000434027777778,0.0,1831.3486328125
117,70975,11.60000017285347,38.0,1.0,0.35,9007,9.750736898888706e-06,-5.663516521453857,1,352.773238881327,181.6805548278457,361.3724990990561,198.06446973094995,357.0728689901915,189.87251227939782,31.020457007352388,8.599260217729068,16.383914903104255,140.88954763692283,1.0,0,1,0,eligible,1,4.817123661759702,0.06956763565540314,0,0.0,184.08525345881284,0.0,206.19200492417102,0.0,195.13862919149193,23.195295992641764,0.0,0.0,0.0,0.0,0,0,0,not_projected_visible,0,4.432585164579922,-20.089170455932617,0,nan,nan,nan,nan,nan,nan,nan,0.0,0.0,0.0,0.0,0,0,0,not_projected_visible,0,4.850679962673952,-179.9272918701172,1,0.0,0.0,255.8081642109618,359.0,127.9040821054809,179.5,3.3030577862973765,255.8081642109618,359.0,91835.13095173528,1.0,1,0,1,edge_touching_or_truncated,0,4.797838674046109,-179.92686462402344,0,nan,nan,nan,nan,nan,nan,nan,0.0,0.0,0.0,0.0,0,0,0,not_projected_visible,0,0.0,-89.92671966552734,1,623.6696897733174,187.53789544662112,639.0,232.8362433568555,631.3348448866586,210.1870694017383,9.457543492065199,15.330310226682627,45.298347910234384,694.4377262200937,1.0,1,0,1,edge_touching_or_truncated,0,0.0,90.0732650756836,3,1,2,93.65864149305555,4.0,91.0,192.0,0.02431423611111111,0.00043402777777777775,10517.806640625,32.30030815972222,1.0,30.0,79.0,0.18692274305555556,0.0,1814.374267578125
118,70977,11.700000174343586,38.0,1.0,0.35,9007,7.225018692742174e-06,-5.663516521453857,1,352.76836061164573,181.67031762554834,361.29915596898456,197.925939369059,357.0337582903152,189.79812849730365,31.259707038078652,8.530795357338832,16.25562174351066,138.6733825001969,1.0,0,1,0,eligible,1,4.806046684147958,0.06957054138183594,0,0.0,184.0531160035025,0.0,205.9144552001306,0.0,194.98378560181655,23.414756143758105,0.0,0.0,0.0,0.0,0,0,0,not_projected_visible,0,4.469806998583433,-18.691322326660156,0,nan,nan,nan,nan,nan,nan,nan,0.0,0.0,0.0,0.0,0,0,0,not_projected_visible,0,4.850681393137471,-179.9272918701172,1,0.0,0.0,251.6443905016944,359.0,125.8221952508472,179.5,3.064379540787499,251.6443905016944,359.0,90340.3361901083,1.0,1,0,1,edge_touching_or_truncated,0,4.797841752659881,-179.9261016845703,0,nan,nan,nan,nan,nan,nan,nan,0.0,0.0,0.0,0.0,0,0,0,not_projected_visible,0,0.0,-89.92671966552734,1,623.6695554300032,187.54120330338642,639.0,232.83957184617316,631.3347777150016,210.19038757477978,9.457546118423004,15.330444569996757,45.29836854278673,694.4441280564768,1.0,1,0,1,edge_touching_or_truncated,0,0.0,90.0732650756836,3,1,2,93.56923177083333,4.0,91.0,191.0,0.023220486111111112,3.0381944444444444e-05,10346.236328125,32.19549045138889,1.0,30.0,78.0,0.19037760416666666,0.0,1792.1121826171875
119,70979,11.800000175833702,38.0,1.0,0.35,9007,3.6246371656324452e-06,-5.663516521453857,1,352.7545496548169,181.63855670280643,361.0864940920208,197.5141109190039,356.92052187341886,189.57633381090517,31.97649275988126,8.331944437203902,15.875554216197486,132.2742356391756,1.0,0,1,0,eligible,1,4.808963500264519,0.0695713460445404,0,0.0,183.95136717620883,0.0,205.06794072004314,0.0,194.509653948126,24.108572985354126,0.0,0.0,0.0,0.0,0,0,0,not_projected_visible,0,4.903854716171644,-14.93943977355957,0,nan,nan,nan,nan,nan,nan,nan,0.0,0.0,0.0,0.0,0,0,0,not_projected_visible,0,4.85067757843974,-179.9272918701172,1,75.96265842799592,129.11235123952696,236.66996169962135,293.4062035729981,156.31631006380863,211.25927740626253,4.937221800377131,160.70730327162545,164.29385233347114,26403.221952618795,1.0,0,1,0,eligible,1,4.797854729978069,-179.9254608154297,0,nan,nan,nan,nan,nan,nan,nan,0.0,0.0,0.0,0.0,0,0,0,not_projected_visible,0,0.0,-89.92671966552734,1,623.6697099556577,187.54532616031736,639.0,232.84370342588085,631.3348549778289,210.1945147930991,9.457549489279284,15.330290044342291,45.29837726556349,694.4372620191291,1.0,1,0,1,edge_touching_or_truncated,0,0.0,90.0732650756836,3,2,1,95.00665798611111,13.0,91.0,190.0,0.014739583333333334,3.472222222222222e-05,10157.7197265625,32.62006510416666,2.0,30.0,78.0,0.18420572916666667,0.0,1766.5767822265625
120,70981,11.900000177323818,38.0,1.0,0.35,9007,2.7931907150766947e-06,-5.663516521453857,1,352.7507423536345,181.62891794322746,361.0179961652068,197.37964346807627,356.8843692594206,189.50428070565187,32.21613421797566,8.267253811572289,15.750725524848804,130.2152456303352,1.0,0,1,0,eligible,1,4.8201941504832515,0.07258395850658417,0,0.0,183.91601221314008,0.0,204.7781270570552,0.0,194.34706963509763,24.35751869830957,0.0,0.0,0.0,0.0,0,0,0,not_projected_visible,0,5.070275557466288,-13.874195098876953,0,nan,nan,nan,nan,nan,nan,nan,0.0,0.0,0.0,0.0,0,0,0,not_projected_visible,0,4.850678055278887,-179.9272918701172,1,62.315130416318055,126.45807840645156,230.6342853449116,299.33801220209523,146.47470788061483,212.8980453042734,4.698545361042775,168.31915492859355,172.87993379564367,29099.004360593943,1.0,0,1,0,eligible,1,4.797859959962785,-179.92543029785156,0,nan,nan,nan,nan,nan,nan,nan,0.0,0.0,0.0,0.0,0,0,0,not_projected_visible,0,0.0,-89.92671966552734,1,623.6696241467554,187.54666238915402,639.0,232.84502504447084,631.3348120733776,210.19584371681242,9.45755483420578,15.330375853244618,45.29836265531682,694.4409250425867,1.0,1,0,1,edge_touching_or_truncated,0,0.0,90.0732650756836,3,2,1,93.36126302083333,13.0,89.0,190.0,0.015460069444444445,7.378472222222222e-05,10164.4990234375,32.074917534722225,2.0,29.0,78.0,0.21665798611111112,0.0,1766.166748046875
121,70983,12.000000178813934,38.0,1.0,0.35,9007,2.1094628588082685e-06,-5.663516521453857,1,352.737805491585,181.5971538080342,360.816663467055,196.98647744253398,356.77723447932,189.29181562528407,32.93724855471535,8.078857975469987,15.389323634499789,124.32815998166738,1.0,0,1,0,eligible,1,4.832094576049286,0.07217269390821457,0,0.0,183.82249553438265,0.0,203.90616186155984,0.0,193.86432869797125,25.119994949534167,0.0,0.0,0.0,0.0,0,0,0,not_projected_visible,0,5.03917105181374,-11.15489387512207,0,nan,nan,nan,nan,nan,nan,nan,0.0,0.0,0.0,0.0,0,0,0,not_projected_visible,0,4.850682346844732,-179.9272918701172,1,11.864182661039267,116.51541955472129,208.03928804365566,321.5399264930153,109.95173535234747,219.0276730238683,3.982498232935203,196.17510538261638,205.024506938294,40220.70425463879,1.0,0,1,0,eligible,1,4.797868983915109,-179.9253387451172,0,nan,nan,nan,nan,nan,nan,nan,0.0,0.0,0.0,0.0,0,0,0,not_projected_visible,0,0.0,-89.92671966552734,1,623.6697142490406,187.5482424210785,639.0,232.8466192952402,631.3348571245203,210.19743085815935,9.457555046386318,15.330285750959433,45.298376874161704,694.4370615355515,1.0,1,0,1,edge_touching_or_truncated,0,0.0,90.0732650756836,3,2,1,95.02113715277778,13.0,90.0,191.0,0.015182291666666667,7.8125e-05,10282.1845703125,32.8009765625,3.0,30.0,78.0,0.20273003472222223,0.0,1784.762451171875
122,70985,12.10000018030405,38.0,1.0,0.35,9007,1.819970365319708e-06,-5.663516521453857,1,352.7334935370653,181.58518896637642,360.7516545988112,196.86044751740644,356.7425740679382,189.22281824189145,33.1773601053568,8.018161061745843,15.27525855103002,122.47948332196914,1.0,0,1,0,eligible,1,4.8236465273284885,0.0721675381064415,0,0.0,183.79413384207464,0.0,203.63201371550144,0.0,193.71307377878804,25.36876677216176,0.0,0.0,0.0,0.0,0,0,0,not_projected_visible,0,4.942547095287529,-10.450881004333496,0,nan,nan,nan,nan,nan,nan,nan,0.0,0.0,0.0,0.0,0,0,0,not_projected_visible,0,4.850680439508267,-179.9272918701172,1,0.0,112.32338695249541,198.51690547209344,330.89467456361535,99.25845273604672,221.60903075805538,3.7438117011771865,198.51690547209344,218.57128761111994,43390.095641610445,1.0,1,0,1,edge_touching_or_truncated,0,4.797871839818883,-179.9253387451172,0,nan,nan,nan,nan,nan,nan,nan,0.0,0.0,0.0,0.0,0,0,0,not_projected_visible,0,0.0,-89.92671966552734,1,623.6697142490406,187.5482424210785,639.0,232.8466192952402,631.3348571245203,210.19743085815935,9.457555046386318,15.330285750959433,45.298376874161704,694.4370615355515,1.0,1,0,1,edge_touching_or_truncated,0,0.0,90.0732650756836,3,1,2,95.95461371527777,13.0,91.0,192.0,0.014049479166666667,0.0004730902777777778,10367.93359375,33.1770703125,3.0,30.0,79.0,0.1865625,0.0,1798.7269287109375
123,70987,12.200000181794167,38.0,1.0,0.35,9007,5.136533793470224e-07,-5.663516521453857,1,352.7210174652386,181.55184280934424,360.56311978717804,196.4956928309967,356.64206862620836,189.02376782017046,33.89496825146636,7.8421023219394215,14.943850021652452,117.19120095351516,1.0,0,1,0,eligible,1,4.801273352496472,0.07216382026672363,0,0.0,183.7100091059827,0.0,202.8876229998464,0.0,193.29881605291456,26.075591761150687,0.0,0.0,0.0,0.0,0,0,0,not_projected_visible,0,4.5667949695934915,-7.9108357429504395,0,nan,nan,nan,nan,nan,nan,nan,0.0,0.0,0.0,0.0,0,0,0,not_projected_visible,0,4.850679962650726,-179.9272918701172,1,0.0,95.59857513043693,160.5340719762333,359.0,80.26703598811665,227.29928756521846,3.0277494682310824,160.5340719762333,263.4014248695631,42284.90329865285,1.0,1,0,1,edge_touching_or_truncated,0,4.797875651779347,-179.9253387451172,0,nan,nan,nan,nan,nan,nan,nan,0.0,0.0,0.0,0.0,0,0,0,not_projected_visible,0,0.0,-89.92671966552734,1,623.669631046022,187.54940856787545,639.0,232.8477699582749,631.334815523011,210.19858926307518,9.457559998447625,15.330368953977995,45.298361390399464,694.4405931254554,1.0,1,0,1,edge_touching_or_truncated,0,0.0,90.0732650756836,3,1,2,96.25270833333333,12.0,91.0,192.0,0.017139756944444445,0.00020833333333333335,10350.103515625,33.33956163194444,2.0,30.0,78.0,0.1709375,0.0,1793.8780517578125
124,70989,12.300000183284283,38.0,1.0,0.35,9007,3.4725364036249946e-07,-5.663516521453857,1,352.7170380316188,181.54162877097903,360.50222268816015,196.37609642131986,356.6096303598895,188.95886259614946,34.133932257633965,7.7851846565413325,14.834467650340827,115.48906993939215,1.0,0,1,0,eligible,1,4.80495786870818,0.07216466963291168,0,0.0,183.68381083733334,0.0,202.65911551417014,0.0,193.17146317575174,26.30218151058251,0.0,0.0,0.0,0.0,0,0,0,not_projected_visible,0,4.532188830456882,-7.134467601776123,0,nan,nan,nan,nan,nan,nan,nan,0.0,0.0,0.0,0.0,0,0,0,not_projected_visible,0,4.850681393171092,-179.9272918701172,1,0.0,88.01873228657047,143.3240947109924,359.0,71.6620473554962,223.50936614328523,2.7890610382907894,143.3240947109924,270.98126771342953,38838.14487866436,1.0,1,0,1,edge_touching_or_truncated,0,4.797874223158196,-179.9253387451172,0,nan,nan,nan,nan,nan,nan,nan,0.0,0.0,0.0,0.0,0,0,0,not_projected_visible,0,0.0,-89.92671966552734,1,623.669631046022,187.54940856787545,639.0,232.8477699582749,631.334815523011,210.19858926307518,9.457559998447625,15.330368953977995,45.298361390399464,694.4405931254554,1.0,1,0,1,edge_touching_or_truncated,0,0.0,90.0732650756836,3,1,2,96.26075086805555,4.0,91.0,191.0,0.02029513888888889,3.472222222222222e-05,10385.705078125,33.37117621527778,1.0,30.0,78.0,0.162578125,0.0,1801.73291015625
125,70991,12.400000184774399,38.0,1.0,0.35,9007,3.233857126464796e-07,-5.663516521453857,1,352.7065851484391,181.5136118120414,360.32454627747853,196.02536670726695,356.51556571295885,188.76948925965416,34.853355698347514,7.617961129039429,14.51175489522555,110.5499847059759,1.0,0,1,0,eligible,1,4.831189255196134,0.07477124780416489,0,0.0,183.59505135307842,0.0,202.01920748759346,0.0,192.80712942033594,26.98816935774726,0.0,0.0,0.0,0.0,0,0,0,not_projected_visible,0,4.732133564651401,-5.177767276763916,0,nan,nan,nan,nan,nan,nan,nan,0.0,0.0,0.0,0.0,0,0,0,not_projected_visible,0,4.850678055330854,-179.9272918701172,1,0.0,54.093555825127886,66.3061270708396,359.0,33.1530635354198,206.54677791256395,2.072986216758437,66.3061270708396,304.9064441748721,20217.165432176927,1.0,1,0,1,edge_touching_or_truncated,0,4.797868743495232,-179.92706298828125,0,nan,nan,nan,nan,nan,nan,nan,0.0,0.0,0.0,0.0,0,0,0,not_projected_visible,0,0.0,-89.92671966552734,1,623.6697361321986,187.5500126053326,639.0,232.8483832631025,631.3348680660993,210.19919793421755,9.457557951647743,15.330263867801364,45.29837065776991,694.4359749650835,1.0,1,0,1,edge_touching_or_truncated,0,0.0,90.0732650756836,3,1,2,97.1376171875,13.0,92.0,192.0,0.01482204861111111,4.774305555555556e-05,10465.7626953125,33.69226996527778,3.0,31.0,79.0,0.15104600694444445,0.0,1821.637939453125
126,70993,12.500000186264515,38.0,1.0,0.35,9007,3.175475760283832e-07,-5.663516521453857,1,352.7029050677534,181.5037290605252,360.2668959474572,195.91193839206483,356.4849005076053,188.707833726295,35.09379524882107,7.563990879703795,14.408209331539638,108.98356397662893,1.0,0,1,0,eligible,1,4.8327767299633555,0.07476531714200974,0,0.0,183.56593627183247,0.0,201.82081381569085,0.0,192.69337504376165,27.22853900311076,0.0,0.0,0.0,0.0,0,0,0,not_projected_visible,0,4.845049717276417,-4.661165237426758,0,nan,nan,nan,nan,nan,nan,nan,0.0,0.0,0.0,0.0,0,0,0,not_projected_visible,0,4.850677101667289,-179.9272918701172,1,0.0,36.44682779373728,26.245855307629146,359.0,13.122927653814573,197.72341389686864,1.834294759407726,26.245855307629146,322.55317220626273,8465.68388674236,1.0,1,0,1,depth_outside_policy|edge_touching_or_truncated,0,4.797867225852787,-179.92739868164062,0,nan,nan,nan,nan,nan,nan,nan,0.0,0.0,0.0,0.0,0,0,0,not_projected_visible,0,0.0,-89.92671966552734,1,623.6697361321986,187.5500126053326,639.0,232.8483832631025,631.3348680660993,210.19919793421755,9.457557951647743,15.330263867801364,45.29837065776991,694.4359749650835,1.0,1,0,1,edge_touching_or_truncated,0,0.0,90.0732650756836,3,1,2,96.951171875,13.0,92.0,192.0,0.015464409722222221,1.736111111111111e-05,10825.5537109375,33.75149305555556,3.0,31.0,80.0,0.14310329861111112,0.0,1887.6719970703125
127,70995,12.600000187754631,38.0,1.0,0.35,9007,0.283817006834941,-5.720127105712891,1,353.04339034620284,181.52860695824796,360.457400317306,195.64766800623596,356.7503953317544,188.58813748224196,35.79698960849088,7.414009971103155,14.119061047987998,104.67885939239719,1.0,0,1,0,eligible,1,4.80984574699789,0.07475625723600388,0,0.0,183.55951812989005,0.0,201.28710333781652,0.0,192.42331073385327,27.98912908133974,0.0,0.0,0.0,0.0,0,0,0,not_projected_visible,0,4.926565437067627,-3.3858649730682373,0,nan,nan,nan,nan,nan,nan,nan,0.0,0.0,0.0,0.0,0,0,0,not_projected_visible,0,4.850681393291123,-179.9272918701172,0,0.0,0.0,0.0,359.0,0.0,179.5,1.108813621029359,0.0,0.0,0.0,0.0,0,0,0,not_projected_visible,0,4.79786346744983,-179.9268341064453,0,nan,nan,nan,nan,nan,nan,nan,0.0,0.0,0.0,0.0,0,0,0,not_projected_visible,0,0.0,-89.92671966552734,1,624.7366052805991,187.61025749644466,639.0,233.01594065935973,631.8683026402996,210.3130990779022,9.435956676529461,14.263394719400935,45.40568316291507,647.6391814567147,1.0,1,0,1,edge_touching_or_truncated,0,0.0,90.0732650756836,2,1,1,99.5941015625,12.0,93.0,193.0,0.016102430555555554,1.736111111111111e-05,11379.48046875,34.98248263888889,2.0,31.0,80.0,0.106875,0.0,1983.2471923828125
128,70997,12.700000189244747,38.0,1.0,0.35,9007,0.47208410004825074,-5.812655925750732,1,353.6110959623686,181.56184503429088,360.9847547724201,195.59497774877102,357.2979253673943,188.57841139153095,36.01111045132475,7.373658810051495,14.033132714480132,103.47553267274827,1.0,0,1,0,eligible,1,4.803827096585763,0.07475657016038895,0,0.0,183.59427340747348,0.0,201.12582245760927,0.0,192.36004793254136,28.277829649138116,0.0,0.0,0.0,0.0,0,0,0,not_projected_visible,0,4.906354475596264,-3.1171576976776123,0,nan,nan,nan,nan,nan,nan,nan,0.0,0.0,0.0,0.0,0,0,0,not_projected_visible,0,4.850682823857552,-179.9272918701172,0,0.0,0.0,0.0,359.0,0.0,179.5,0.8567938869423095,0.0,0.0,0.0,0.0,0,0,0,not_projected_visible,0,4.797863218047855,-179.92608642578125,0,nan,nan,nan,nan,nan,nan,nan,0.0,0.0,0.0,0.0,0,0,0,not_projected_visible,0,0.0,-89.92671966552734,1,626.4254573056398,187.66707770312502,639.0,233.2395154777602,632.7127286528199,210.45329659044262,9.40265455592414,12.574542694360161,45.572437774635176,573.0525644832218,1.0,1,0,1,edge_touching_or_truncated,0,0.0,90.0732650756836,2,1,1,99.60644965277778,12.0,93.0,193.0,0.015963541666666668,0.0,11302.8662109375,34.97765625,2.0,31.0,80.0,0.10706597222222222,0.0,1969.3057861328125
129,70999,12.800000190734863,38.0,1.0,0.35,9007,1.2184445698005735,-6.334844589233398,1,356.87528799822854,181.68049413721263,364.1641296716114,195.4928911215882,360.51970883492,188.58669262940043,36.561024988049226,7.288841673382876,13.812396984375567,100.6763747490246,1.0,0,1,0,eligible,1,4.817794132119464,0.07475833594799042,0,0.0,183.6975001933311,0.0,200.61436820236656,0.0,192.15593419784884,29.22205396752867,0.0,0.0,0.0,0.0,0,0,0,not_projected_visible,0,4.788282367118086,-2.324066400527954,0,nan,nan,nan,nan,nan,nan,nan,0.0,0.0,0.0,0.0,0,0,0,not_projected_visible,0,4.850677578619903,-179.9272918701172,0,nan,nan,nan,nan,nan,nan,nan,0.0,0.0,0.0,0.0,0,0,0,not_projected_visible,0,4.797859035511343,-179.92544555664062,0,nan,nan,nan,nan,nan,nan,nan,0.0,0.0,0.0,0.0,0,0,0,not_projected_visible,0,0.0,-89.92671966552734,1,637.08359789831,187.9463567291551,639.0,234.6160656539104,638.041798949155,211.28121119153275,9.189711678316154,1.9164021016899824,46.6697089247553,89.43792826866078,1.0,1,0,1,bbox_too_narrow|bbox_area_too_small|edge_touching_or_truncated,0,0.0,90.0732650756836,2,1,1,99.48327256944444,12.0,92.0,194.0,0.01609375,4.340277777777778e-05,11409.5654296875,34.938884548611114,2.0,31.0,80.0,0.10787326388888889,0.0,1989.798583984375
130,71001,12.90000019222498,38.0,1.0,0.35,9007,1.4892095034932469,-6.58716344833374,1,358.4694614249241,181.70942776410536,365.74214913372936,195.46229914722701,362.1058052793267,188.58586345566619,36.7109446712483,7.272687708805279,13.752871383121658,100.02033866880873,1.0,0,1,0,eligible,1,4.826331908710797,0.07475882023572922,0,0.0,183.70744059196295,0.0,200.4162436269789,0.0,192.06184210947094,29.556546533205363,0.0,0.0,0.0,0.0,0,0,0,not_projected_visible,0,4.751504479546036,-2.119933843612671,0,nan,nan,nan,nan,nan,nan,nan,0.0,0.0,0.0,0.0,0,0,0,not_projected_visible,0,4.85067900915149,-179.9272918701172,0,nan,nan,nan,nan,nan,nan,nan,0.0,0.0,0.0,0.0,0,0,0,not_projected_visible,0,4.797857588093615,-179.92543029785156,0,nan,nan,nan,nan,nan,nan,nan,0.0,0.0,0.0,0.0,0,0,0,not_projected_visible,0,0.0,-89.92671966552734,0,639.0,188.06704157508145,639.0,235.3289691678977,639.0,211.69800537148956,9.078926412483352,0.0,0.0,0.0,0.0,0,0,0,not_projected_visible,0,0.0,90.0732650756836,1,1,0,99.32651909722222,13.0,92.0,195.0,0.01607204861111111,2.170138888888889e-05,11357.8046875,34.89073784722222,2.0,31.0,80.0,0.10828559027777777,0.0,1983.65283203125
131,71003,13.000000193715096,38.0,1.0,0.35,9007,2.3838403919183113,-7.517768383026123,1,364.44065409135936,181.77542960860262,371.70287894385024,195.39965902439315,368.07176651760483,188.58754431649788,37.05125803245171,7.262224852490874,13.624229415790523,98.94221745939116,1.0,0,1,0,eligible,1,4.824139887181345,0.0747593343257904,0,0.0,183.70616841586724,0.0,199.82241931809438,0.0,191.7642938669808,30.573155430265285,0.0,0.0,0.0,0.0,0,0,0,not_projected_visible,0,4.708475306930603,-1.4825438261032104,0,nan,nan,nan,nan,nan,nan,nan,0.0,0.0,0.0,0.0,0,0,0,not_projected_visible,0,4.850680439755222,-179.9272918701172,0,nan,nan,nan,nan,nan,nan,nan,0.0,0.0,0.0,0.0,0,0,0,not_projected_visible,0,4.797858975149951,-179.9253692626953,0,nan,nan,nan,nan,nan,nan,nan,0.0,0.0,0.0,0.0,0,0,0,not_projected_visible,0,0.0,-89.92671966552734,0,639.0,188.52825833522036,639.0,238.35948069734667,639.0,213.4438695162835,8.628367688954679,0.0,0.0,0.0,0.0,0,0,0,not_projected_visible,0,0.0,90.0732650756836,1,1,0,98.879296875,12.0,92.0,193.0,0.016436631944444443,4.340277777777778e-06,11365.064453125,34.71010416666667,2.0,31.0,80.0,0.1080078125,0.0,1975.1646728515625
132,71005,13.100000195205212,38.0,1.0,0.35,9007,2.68188994868448,-7.891306400299072,1,366.86389744406256,181.7873349926285,374.13774886575703,195.38537901554477,370.50082315490977,188.58635700408664,37.12517211346745,7.273851421694474,13.59804402291627,98.91015184835355,1.0,0,1,0,eligible,1,4.8155348976746755,0.07175269722938538,0,0.0,183.69016686136402,0.0,199.61379772675085,0.0,191.65198229405743,30.920226039673224,0.0,0.0,0.0,0.0,0,0,0,not_projected_visible,0,4.7188761159530435,-1.374420166015625,0,nan,nan,nan,nan,nan,nan,nan,0.0,0.0,0.0,0.0,0,0,0,not_projected_visible,0,4.850677578696643,-179.9272918701172,0,nan,nan,nan,nan,nan,nan,nan,0.0,0.0,0.0,0.0,0,0,0,not_projected_visible,0,4.797860875375428,-179.9253692626953,0,nan,nan,nan,nan,nan,nan,nan,0.0,0.0,0.0,0.0,0,0,0,not_projected_visible,0,0.0,-89.92671966552734,0,639.0,188.72078619270712,639.0,239.72826454557207,639.0,214.2245253691396,8.437148637810846,0.0,0.0,0.0,0.0,0,0,0,not_projected_visible,0,0.0,90.0732650756836,1,1,0,98.34314670138889,12.0,92.0,194.0,0.016393229166666665,4.340277777777778e-06,11548.63671875,34.48653645833333,2.0,31.0,80.0,0.10990451388888889,0.0,2009.1253662109375
133,71007,13.200000196695328,38.0,1.0,0.35,9007,3.6131369202307595,-9.127729415893555,1,375.04048658379327,181.81857795579904,382.3850865122475,195.3828104114459,378.7127865480204,188.60069418362247,37.22589487742568,7.344599928454215,13.564232455646845,99.62386072328016,1.0,0,1,0,eligible,1,4.806343666819882,0.0721721202135086,0,0.0,183.63221150804932,0.0,199.01931111072557,0.0,191.32576130938745,31.940091483471853,0.0,0.0,0.0,0.0,0,0,0,not_projected_visible,0,4.845254344989281,-0.9904784560203552,0,nan,nan,nan,nan,nan,nan,nan,0.0,0.0,0.0,0.0,0,0,0,not_projected_visible,0,4.850680916515073,-179.9272918701172,0,nan,nan,nan,nan,nan,nan,nan,0.0,0.0,0.0,0.0,0,0,0,not_projected_visible,0,4.797860869126786,-179.92530822753906,0,nan,nan,nan,nan,nan,nan,nan,0.0,0.0,0.0,0.0,0,0,0,not_projected_visible,0,0.0,-89.92671966552734,0,639.0,189.47154296365585,639.0,245.22063977057638,639.0,217.34609136711612,7.747643844867273,0.0,0.0,0.0,0.0,0,0,0,not_projected_visible,0,0.0,90.0732650756836,1,1,0,97.74725694444444,12.0,91.0,194.0,0.016831597222222223,1.3020833333333334e-05,11577.126953125,34.26713541666667,2.0,31.0,80.0,0.11060329861111111,0.0,2009.166748046875
134,71009,13.300000198185444,38.0,1.0,0.35,9007,3.908061642638988,-9.565472602844238,1,377.99712575857023,181.82324146705614,385.37916899800047,195.3890611631036,381.68814737828535,188.60615131507987,37.22062808967738,7.3820432394302316,13.56581969604747,100.1434675745367,1.0,0,1,0,eligible,1,4.812792334573175,0.07217806577682495,0,0.0,183.60486801142687,0.0,198.82722326576106,0.0,191.21604563859398,32.26517713910406,0.0,0.0,0.0,0.0,0,0,0,not_projected_visible,0,4.881357828031808,-0.9479674696922302,0,nan,nan,nan,nan,nan,nan,nan,0.0,0.0,0.0,0.0,0,0,0,not_projected_visible,0,4.85068234705151,-179.9272918701172,0,nan,nan,nan,nan,nan,nan,nan,0.0,0.0,0.0,0.0,0,0,0,not_projected_visible,0,4.7978623011823816,-179.92530822753906,0,nan,nan,nan,nan,nan,nan,nan,0.0,0.0,0.0,0.0,0,0,0,not_projected_visible,0,0.0,-89.92671966552734,0,639.0,189.78742330382033,639.0,247.60925988804087,639.0,218.6983415959306,7.481566155089499,0.0,0.0,0.0,0.0,0,0,0,not_projected_visible,0,0.0,90.0732650756836,1,1,0,97.18789930555556,12.0,91.0,193.0,0.016519097222222223,1.736111111111111e-05,11744.3447265625,34.06889322916667,2.0,31.0,80.0,0.11171875,0.0,2036.361083984375
135,71011,13.40000019967556,38.0,1.0,0.35,9007,4.641751887486812,-11.404587745666504,1,390.4024449615222,181.75807776620942,397.98209310956685,195.39160430070103,394.19226903554454,188.57484103345524,37.03189571639509,7.579648148044669,13.633526534491608,103.33733414847717,1.0,0,1,0,eligible,1,4.830034479887382,0.07519294321537018,1,0.0,183.6315704246433,20.838524265801436,198.28529140341055,10.419262132900718,190.9584309140269,33.46445453373465,20.838524265801436,14.653720978767268,305.3619202003253,1.0,1,0,1,edge_touching_or_truncated,0,4.871912540618789,-0.7117003202438354,0,nan,nan,nan,nan,nan,nan,nan,0.0,0.0,0.0,0.0,0,0,0,not_projected_visible,0,4.850677101832104,-179.9272918701172,0,nan,nan,nan,nan,nan,nan,nan,0.0,0.0,0.0,0.0,0,0,0,not_projected_visible,0,4.7978665979407165,-179.92530822753906,0,nan,nan,nan,nan,nan,nan,nan,0.0,0.0,0.0,0.0,0,0,0,not_projected_visible,0,0.0,-89.92671966552734,0,639.0,190.83718377797564,639.0,257.7800419921285,639.0,224.30861288505207,6.50431628700073,0.0,0.0,0.0,0.0,0,0,0,not_projected_visible,0,0.0,90.0732650756836,2,1,1,96.4338845486111,12.0,90.0,192.0,0.01676215277777778,2.170138888888889e-05,11826.775390625,33.802829861111114,2.0,30.0,81.0,0.11547309027777777,0.0,2048.60107421875
136,71013,13.500000201165676,38.0,1.0,0.35,9007,4.710008123923012,-12.134601593017578,1,395.3964971278942,181.71458517592598,403.0642654443181,195.3918078260807,399.23038128610614,188.55319650100336,36.92140848216065,7.667768316423917,13.677222650154732,104.87377449353201,1.0,0,1,0,eligible,1,4.8272101153964035,0.0749141275882721,1,0.0,183.53255934540738,29.158007336144852,197.97921739537625,14.579003668072426,190.7558883703918,33.90372427033572,29.158007336144852,14.446658049968875,421.23576140376855,1.0,1,0,1,edge_touching_or_truncated,0,4.848689673847071,-0.7067565321922302,0,nan,nan,nan,nan,nan,nan,nan,0.0,0.0,0.0,0.0,0,0,0,not_projected_visible,0,4.850679009201118,-179.9272918701172,0,nan,nan,nan,nan,nan,nan,nan,0.0,0.0,0.0,0.0,0,0,0,not_projected_visible,0,4.7978651694378565,-179.92530822753906,0,nan,nan,nan,nan,nan,nan,nan,0.0,0.0,0.0,0.0,0,0,0,not_projected_visible,0,0.0,-89.92671966552734,0,639.0,191.3971882782272,639.0,262.5734509290872,639.0,226.9853196036572,6.136801450713637,0.0,0.0,0.0,0.0,0,0,0,not_projected_visible,0,0.0,90.0732650756836,2,1,1,95.92825086805556,12.0,90.0,193.0,0.017335069444444445,1.3020833333333334e-05,11970.5087890625,33.61625868055555,2.0,30.0,81.0,0.11763888888888889,0.0,2068.758056640625
137,71015,13.600000202655792,38.0,1.0,0.35,9007,4.394108797902154,-14.13322925567627,1,409.4533327315445,181.45040033993968,417.3942240200651,195.2581282757583,413.4237783758048,188.354264307849,36.596498461906286,7.940891288520618,13.807727935818633,109.64566647980496,1.0,0,1,0,eligible,1,4.8070958027080275,0.07176409661769867,1,0.0,183.1551954635822,51.25284304960297,197.07592693844663,25.626421524801486,190.11556120101443,35.08146082772798,51.25284304960297,13.920731474864425,713.4770654168944,1.0,1,0,1,edge_touching_or_truncated,0,4.771589037698274,-0.5579223036766052,0,nan,nan,nan,nan,nan,nan,nan,0.0,0.0,0.0,0.0,0,0,0,not_projected_visible,0,4.850680916594946,-179.9272918701172,0,nan,nan,nan,nan,nan,nan,nan,0.0,0.0,0.0,0.0,0,0,0,not_projected_visible,0,4.797862614078693,-179.92623901367188,0,nan,nan,nan,nan,nan,nan,nan,0.0,0.0,0.0,0.0,0,0,0,not_projected_visible,0,0.0,-89.92671966552734,0,639.0,193.26223241957968,639.0,280.2034915752996,639.0,236.73286199743964,5.081257379819061,0.0,0.0,0.0,0.0,0,0,0,not_projected_visible,0,0.0,90.0732650756836,2,1,1,95.45124565972222,12.0,89.0,195.0,0.019153645833333333,2.604166666666667e-05,12121.7333984375,33.43813368055555,2.0,30.0,81.0,0.12083767361111111,0.0,2091.385009765625
138,71017,13.700000204145908,38.0,1.0,0.35,9007,4.328359747108586,-14.958120346069336,1,415.2551608835482,181.37905003561974,423.31025350401717,195.24303734415832,419.2827071937827,188.31104368988903,36.454361569089656,8.05509262046894,13.863987308538583,111.67570185928419,1.0,0,1,0,eligible,1,4.805844215332489,0.075051449239254,1,4.433450640148148,183.07936477384993,59.94672397419341,196.8014518207558,32.19008730717078,189.94040829730287,35.558368950866736,55.513273334045266,13.72208704690587,761.7579689484476,1.0,0,1,0,eligible,1,4.753911474054858,-0.574981689453125,0,nan,nan,nan,nan,nan,nan,nan,0.0,0.0,0.0,0.0,0,0,0,not_projected_visible,0,4.8506790092365035,-179.9272918701172,0,nan,nan,nan,nan,nan,nan,nan,0.0,0.0,0.0,0.0,0,0,0,not_projected_visible,0,4.797862905281611,-179.92803955078125,0,nan,nan,nan,nan,nan,nan,nan,0.0,0.0,0.0,0.0,0,0,0,not_projected_visible,0,0.0,-89.92671966552734,0,639.0,194.09856223796106,639.0,288.4212262541845,639.0,241.25989424607278,4.708079867340675,0.0,0.0,0.0,0.0,0,0,0,not_projected_visible,0,0.0,90.0732650756836,2,2,0,94.84565104166667,12.0,89.0,195.0,0.020464409722222222,1.736111111111111e-05,12247.7265625,33.219440104166665,2.0,30.0,81.0,0.12510850694444445,0.0,2105.55029296875
139,71019,13.800000205636024,38.0,1.0,0.35,9007,4.3330998641851854,-17.075361251831055,1,430.7639298567441,181.37732948164117,439.1583250522046,195.4004201992707,434.9611274544743,188.38887484045594,36.05744481440245,8.394395195460504,14.023090717629543,117.71536534557623,1.0,0,1,0,eligible,1,4.823411677399671,0.07477773725986481,1,29.938447326378583,182.851928551154,81.70130622542797,196.08916069797834,55.819876775903275,189.47054462456617,36.74680844140519,51.76285889904939,13.23723214682434,685.1969798300289,1.0,0,1,0,eligible,1,4.74255968716473,-0.4742431640625,0,nan,nan,nan,nan,nan,nan,nan,0.0,0.0,0.0,0.0,0,0,0,not_projected_visible,0,4.8506794860520115,-179.9272918701172,0,nan,nan,nan,nan,nan,nan,nan,0.0,0.0,0.0,0.0,0,0,0,not_projected_visible,0,4.79786500821726,-179.92994689941406,0,nan,nan,nan,nan,nan,nan,nan,0.0,0.0,0.0,0.0,0,0,0,not_projected_visible,0,0.0,-89.92671966552734,0,639.0,198.10763771684154,639.0,322.1624176006472,639.0,260.1350276587444,3.656102795763296,0.0,0.0,0.0,0.0,0,0,0,not_projected_visible,0,0.0,90.0732650756836,2,2,0,94.46185763888889,12.0,89.0,194.0,0.02072048611111111,1.3020833333333334e-05,12025.6435546875,33.093515625,2.0,30.0,81.0,0.1277126736111111,0.0,2068.714111328125
140,71021,13.90000020712614,38.0,1.0,0.35,9007,4.373354482957608,-17.686105728149414,1,435.44152055443925,181.4018122517959,443.9505891205437,195.4767348424458,439.6960548374915,188.43927354712085,35.92995973741358,8.509068566104474,14.07492259064992,119.76448138645299,1.0,0,1,0,eligible,1,4.828061359630167,0.0747760683298111,1,37.06870708105874,182.81596794175394,87.83861388910309,195.9248991386553,62.45366048508092,189.3704335402046,37.075897975487564,50.76990680804435,13.108931196901352,665.5392152197469,1.0,0,1,0,eligible,1,4.759008897342165,-0.4832763671875,0,nan,nan,nan,nan,nan,nan,nan,0.0,0.0,0.0,0.0,0,0,0,not_projected_visible,0,4.850680916576042,-179.9272918701172,0,nan,nan,nan,nan,nan,nan,nan,0.0,0.0,0.0,0.0,0,0,0,not_projected_visible,0,4.797865516462126,-179.93014526367188,0,nan,nan,nan,nan,nan,nan,nan,0.0,0.0,0.0,0.0,0,0,0,not_projected_visible,0,0.0,-89.92671966552734,0,639.0,199.9156541248823,639.0,337.8717486453347,639.0,268.8937013851085,3.3192210849918418,0.0,0.0,0.0,0.0,0,0,0,not_projected_visible,0,0.0,90.0732650756836,2,2,0,94.17501302083333,9.0,89.0,195.0,0.02165798611111111,1.3020833333333334e-05,12073.642578125,32.986987847222224,2.0,30.0,82.0,0.12991319444444444,0.0,2070.064208984375
