"source_output_set","artifact_type","dataset_content","model_scope","condition","source_relative_path","repository_path","publication_status","license_basis","source_bytes","source_sha256","repository_bytes","repository_sha256","same_content_copies","provenance_note"
"acdc_entire_test","detection_log","ACDC","ACDC_ENTIRE","mixed","acdc_entire_test/entire_inference_results.csv","results/ACDC/ENTIRE/inference_results.csv","included_in_repository","Research-generated detection metadata","45828","707885bf0485636f5edb6136de3fc8bd5092b26d18187858ac6bcc60bee4fe92","45022","214831b81835db49328860f0f35dd982ea0ca3d944537678bfccaedc4fe9a82d","1",""
"acdc_entire_test","annotated_prediction","ACDC","ACDC_ENTIRE","mixed","acdc_entire_test/entire_visual_results/GOPR0122_frame_000001_rgb_anon.jpg","","withheld_acdc_redistribution_restriction","ACDC research-use licence: image redistribution prohibited","844496","1d1eedf902ca000fbe1d6430e8162e028ef79f4c7c5fa439cbbbad6a9db033fd","","","1",""
"acdc_entire_test","annotated_prediction","ACDC","ACDC_ENTIRE","mixed","acdc_entire_test/entire_visual_results/GOPR0122_frame_000018_rgb_anon.jpg","","withheld_acdc_redistribution_restriction","ACDC research-use licence: image redistribution prohibited","741295","5f25f4f1a9f56908589b1e7a3433c1eb675d90cc6dee4a80311ac518c3ea89ee","","","1",""
"acdc_entire_test","annotated_prediction","ACDC","ACDC_ENTIRE","mixed","acdc_entire_test/entire_visual_results/GOPR0122_frame_000028_rgb_anon.jpg","","withheld_acdc_redistribution_restriction","ACDC research-use licence: image redistribution prohibited","685504","dfd1b699d1cd86e1db32080582292d652f61777712fda02240e44c59135462ea","","","1",""
"acdc_entire_test","annotated_prediction","ACDC","ACDC_ENTIRE","mixed","acdc_entire_test/entire_visual_results/GOPR0122_frame_000040_rgb_anon.jpg","","withheld_acdc_redistribution_restriction","ACDC research-use licence: image redistribution prohibited","736027","339dab33ca9c0c9a9befc0375cf70bf99a2860cf1143a8ebfec09f6a84aa0645","","","1",""
"acdc_entire_test","annotated_prediction","ACDC","ACDC_ENTIRE","mixed","acdc_entire_test/entire_visual_results/GOPR0122_frame_000049_rgb_anon.jpg","","withheld_acdc_redistribution_restriction","ACDC research-use licence: image redistribution prohibited","782257","4b99a57a8edfef3fc0c5a11075e7cc7adc7002361ae0c52f033300ebcdc2c7b7","","","1",""
"acdc_entire_test","annotated_prediction","ACDC","ACDC_ENTIRE","mixed","acdc_entire_test/entire_visual_results/GOPR0122_frame_000057_rgb_anon.jpg","","withheld_acdc_redistribution_restriction","ACDC research-use licence: image redistribution prohibited","718568","b24a8d35f287f11bc29c8be4ead533c4fbc7ed9b9e32f9478b1c85da39513844","","","1",""
"acdc_entire_test","annotated_prediction","ACDC","ACDC_ENTIRE","mixed","acdc_entire_test/entire_visual_results/GOPR0122_frame_000064_rgb_anon.jpg","","withheld_acdc_redistribution_restriction","ACDC research-use licence: image redistribution prohibited","766250","08d8aafe1b09df05fe67d22923089fec2ab4affaf17ab7de547d6e4824d5e8d5","","","1",""
"acdc_entire_test","annotated_prediction","ACDC","ACDC_ENTIRE","mixed","acdc_entire_test/entire_visual_results/GOPR0122_frame_000070_rgb_anon.jpg","","withheld_acdc_redistribution_restriction","ACDC research-use licence: image redistribution prohibited","882892","8713a690369f9b3e8907c5728e7bffab6dc06baac0ca351bd6a2029bb1bb7ea8","","","1",""
"acdc_entire_test","annotated_prediction","ACDC","ACDC_ENTIRE","mixed","acdc_entire_test/entire_visual_results/GOPR0122_frame_000077_rgb_anon.jpg","","withheld_acdc_redistribution_restriction","ACDC research-use licence: image redistribution prohibited","758580","c7a2fbe61ef4c672200b9226263a88a04b642440d95842077d3231ecdce56679","","","1",""
"acdc_entire_test","annotated_prediction","ACDC","ACDC_ENTIRE","mixed","acdc_entire_test/entire_visual_results/GOPR0122_frame_000085_rgb_anon.jpg","","withheld_acdc_redistribution_restriction","ACDC research-use licence: image redistribution prohibited","669811","f9ff4b13f0c00f210fa856fb986f66e7d84c0df10d64b3d72cb9f91caaf86e8b","","","1",""
"acdc_entire_test","annotated_prediction","ACDC","ACDC_ENTIRE","mixed","acdc_entire_test/entire_visual_results/GOPR0122_frame_000092_rgb_anon.jpg","","withheld_acdc_redistribution_restriction","ACDC research-use licence: image redistribution prohibited","782077","89648355f28e75b13dae656dc1e44087e27bde6b6e413da3bc5ff189cbacb2b2","","","1",""
"acdc_entire_test","annotated_prediction","ACDC","ACDC_ENTIRE","mixed","acdc_entire_test/entire_visual_results/GOPR0122_frame_000099_rgb_anon.jpg","","withheld_acdc_redistribution_restriction","ACDC research-use licence: image redistribution prohibited","732203","50f8ed4554e300fa6833cf80426f57b7252e26537eceb4f42e649927dd1f10e0","","","1",""
"acdc_entire_test","annotated_prediction","ACDC","ACDC_ENTIRE","mixed","acdc_entire_test/entire_visual_results/GOPR0122_frame_000106_rgb_anon.jpg","","withheld_acdc_redistribution_restriction","ACDC research-use licence: image redistribution prohibited","738765","7a9ee84255223d123a6a6eaa8849ed6de1d4ca928db8c942fb99872518a245f0","","","1",""
"acdc_entire_test","annotated_prediction","ACDC","ACDC_ENTIRE","mixed","acdc_entire_test/entire_visual_results/GOPR0122_frame_000113_rgb_anon.jpg","","withheld_acdc_redistribution_restriction","ACDC research-use licence: image redistribution prohibited","600713","28ceef8f50e235e90f6c32dc57187bcb3027ae05c1b20ffdedacab27d7261e58","","","1",""
"acdc_entire_test","annotated_prediction","ACDC","ACDC_ENTIRE","mixed","acdc_entire_test/entire_visual_results/GOPR0122_frame_000121_rgb_anon.jpg","","withheld_acdc_redistribution_restriction","ACDC research-use licence: image redistribution prohibited","686872","d1eb84062c7655f3e1e795c98f02c10728d856f1610b562488c400e2b237fa97","","","1",""
"acdc_entire_test","annotated_prediction","ACDC","ACDC_ENTIRE","mixed","acdc_entire_test/entire_visual_results/GOPR0122_frame_000306_rgb_anon.jpg","","withheld_acdc_redistribution_restriction","ACDC research-use licence: image redistribution prohibited","707232","bc72a2298dfa668f67cd75498aed521ad752b6dcf5fd446ce03c2998a7c1e233","","","1",""
"acdc_entire_test","annotated_prediction","ACDC","ACDC_ENTIRE","mixed","acdc_entire_test/entire_visual_results/GOPR0122_frame_000312_rgb_anon.jpg","","withheld_acdc_redistribution_restriction","ACDC research-use licence: image redistribution prohibited","670060","a5d66aa9fcb05e2b767e97f0ff36335a276eed19a38900a6bd985cbba352fa5d","","","1",""
"acdc_entire_test","annotated_prediction","ACDC","ACDC_ENTIRE","mixed","acdc_entire_test/entire_visual_results/GOPR0122_frame_000317_rgb_anon.jpg","","withheld_acdc_redistribution_restriction","ACDC research-use licence: image redistribution prohibited","580016","2752aefb092aca17a39d8679ffcc7b5aba20be76f80ce105328d5081a2d9085f","","","1",""
"acdc_entire_test","annotated_prediction","ACDC","ACDC_ENTIRE","mixed","acdc_entire_test/entire_visual_results/GOPR0122_frame_000322_rgb_anon.jpg","","withheld_acdc_redistribution_restriction","ACDC research-use licence: image redistribution prohibited","671309","11063f64ad9418c267977c573aa07d7dde402f016fa5ee8bbd5757f8498eca9f","","","1",""
"acdc_entire_test","annotated_prediction","ACDC","ACDC_ENTIRE","mixed","acdc_entire_test/entire_visual_results/GOPR0122_frame_000327_rgb_anon.jpg","","withheld_acdc_redistribution_restriction","ACDC research-use licence: image redistribution prohibited","592741","12e9d1fca1ca1a0376a58a30f41aaf134982863eb489fbc7083986557320bcc0","","","1",""
"acdc_entire_test","annotated_prediction","ACDC","ACDC_ENTIRE","mixed","acdc_entire_test/entire_visual_results/GOPR0122_frame_000332_rgb_anon.jpg","","withheld_acdc_redistribution_restriction","ACDC research-use licence: image redistribution prohibited","637807","40c77c94b533a185399bd06bf5275d6ed20b958c89f6eb055f99faed922ecdea","","","1",""
"acdc_entire_test","annotated_prediction","ACDC","ACDC_ENTIRE","mixed","acdc_entire_test/entire_visual_results/GOPR0122_frame_000337_rgb_anon.jpg","","withheld_acdc_redistribution_restriction","ACDC research-use licence: image redistribution prohibited","611653","cef8062d384c466319a5e018ac4702debbce0f0e63acf2a4a7efc1fa5a233f5b","","","1",""
"acdc_entire_test","annotated_prediction","ACDC","ACDC_ENTIRE","mixed","acdc_entire_test/entire_visual_results/GOPR0122_frame_000344_rgb_anon.jpg","","withheld_acdc_redistribution_restriction","ACDC research-use licence: image redistribution prohibited","605062","c1e4701fff8f42582dfe687f088301cc6a242de9fe3e844cc1ae37acc2caa539","","","1",""
"acdc_entire_test","annotated_prediction","ACDC","ACDC_ENTIRE","mixed","acdc_entire_test/entire_visual_results/GOPR0122_frame_000352_rgb_anon.jpg","","withheld_acdc_redistribution_restriction","ACDC research-use licence: image redistribution prohibited","610940","e3b214b333091e1ca8221bb9d871f182f1ba4e5462fe41ac2e02213935e4c45d","","","1",""
"acdc_entire_test","annotated_prediction","ACDC","ACDC_ENTIRE","mixed","acdc_entire_test/entire_visual_results/GOPR0122_frame_000358_rgb_anon.jpg","","withheld_acdc_redistribution_restriction","ACDC research-use licence: image redistribution prohibited","721619","f36de7fa0bd80533af35bf05f45c0468e2ef9b3ed321b79feecfaea63d8f9f6b","","","1",""
"acdc_entire_test","annotated_prediction","ACDC","ACDC_ENTIRE","mixed","acdc_entire_test/entire_visual_results/GOPR0122_frame_000364_rgb_anon.jpg","","withheld_acdc_redistribution_restriction","ACDC research-use licence: image redistribution prohibited","696981","8c8e325f4474b006250b0f9dca9f305310c36dfc52e0fcab61c4cd2f41011ddd","","","1",""
"acdc_entire_test","annotated_prediction","ACDC","ACDC_ENTIRE","mixed","acdc_entire_test/entire_visual_results/GOPR0122_frame_000370_rgb_anon.jpg","","withheld_acdc_redistribution_restriction","ACDC research-use licence: image redistribution prohibited","663669","77a5f7b9bf4c98c7268047d96e37d9f78bfb7f23821e31636b74e57e03b3343b","","","1",""
"acdc_entire_test","annotated_prediction","ACDC","ACDC_ENTIRE","mixed","acdc_entire_test/entire_visual_results/GOPR0122_frame_000376_rgb_anon.jpg","","withheld_acdc_redistribution_restriction","ACDC research-use licence: image redistribution prohibited","742539","b96855f3ac1975b06955e90885912cdefdf86b681cb34f058b9e5ca137143b7c","","","1",""
"acdc_entire_test","annotated_prediction","ACDC","ACDC_ENTIRE","mixed","acdc_entire_test/entire_visual_results/GOPR0122_frame_000406_rgb_anon.jpg","","withheld_acdc_redistribution_restriction","ACDC research-use licence: image redistribution prohibited","626347","b3a05ce97063fd95231bfbca8b70932b631aac3f71196c637b01749abf0ed99a","","","1",""
"acdc_entire_test","annotated_prediction","ACDC","ACDC_ENTIRE","mixed","acdc_entire_test/entire_visual_results/GOPR0122_frame_000413_rgb_anon.jpg","","withheld_acdc_redistribution_restriction","ACDC research-use licence: image redistribution prohibited","552933","d672504b717910d633886e444d6b7097c0f7cc15f2ed1b034fe1784271aa3290","","","1",""
"acdc_entire_test","annotated_prediction","ACDC","ACDC_ENTIRE","mixed","acdc_entire_test/entire_visual_results/GOPR0122_frame_000419_rgb_anon.jpg","","withheld_acdc_redistribution_restriction","ACDC research-use licence: image redistribution prohibited","624619","b67d48f0d307727a95e891dd740719ef8b37b53af9d75c539a6748bbce76de8d","","","1",""
"acdc_entire_test","annotated_prediction","ACDC","ACDC_ENTIRE","mixed","acdc_entire_test/entire_visual_results/GOPR0122_frame_000425_rgb_anon.jpg","","withheld_acdc_redistribution_restriction","ACDC research-use licence: image redistribution prohibited","598125","a0fa82afbf0015411fd52cb3386787067c3cbe2748003fcb8d9972408dac85f7","","","1",""
"acdc_entire_test","annotated_prediction","ACDC","ACDC_ENTIRE","mixed","acdc_entire_test/entire_visual_results/GOPR0122_frame_000431_rgb_anon.jpg","","withheld_acdc_redistribution_restriction","ACDC research-use licence: image redistribution prohibited","609528","23e9828df6982243592d1143e4b7f358c8b9d0d6c1e39ef5112a04778add4753","","","1",""
"acdc_entire_test","annotated_prediction","ACDC","ACDC_ENTIRE","mixed","acdc_entire_test/entire_visual_results/GOPR0351_frame_000033_rgb_anon.jpg","","withheld_acdc_redistribution_restriction","ACDC research-use licence: image redistribution prohibited","215692","0bb25c6f0dcb6d3010e80bbf8fd07ef77a174a0da3b98033b76fb2de7fc4f6ab","","","1",""
"acdc_entire_test","annotated_prediction","ACDC","ACDC_ENTIRE","mixed","acdc_entire_test/entire_visual_results/GOPR0351_frame_000039_rgb_anon.jpg","","withheld_acdc_redistribution_restriction","ACDC research-use licence: image redistribution prohibited","347617","9b5ed118dbf6eedc41efb151640e6ff8fbafb8e54c354958999189329d523f99","","","1",""
"acdc_entire_test","annotated_prediction","ACDC","ACDC_ENTIRE","mixed","acdc_entire_test/entire_visual_results/GOPR0351_frame_000043_rgb_anon.jpg","","withheld_acdc_redistribution_restriction","ACDC research-use licence: image redistribution prohibited","375794","09d454f6efcc637830f3928e857404ba57f0abd62d285db1eafa5f29ff86ea58","","","3",""
"acdc_entire_test","annotated_prediction","ACDC","ACDC_ENTIRE","mixed","acdc_entire_test/entire_visual_results/GOPR0351_frame_000047_rgb_anon.jpg","","withheld_acdc_redistribution_restriction","ACDC research-use licence: image redistribution prohibited","378998","8b995bc58de61c773438f3039c0203db670d01c477124a542528e907876ad604","","","3",""
"acdc_entire_test","annotated_prediction","ACDC","ACDC_ENTIRE","mixed","acdc_entire_test/entire_visual_results/GOPR0351_frame_000049_rgb_anon.jpg","","withheld_acdc_redistribution_restriction","ACDC research-use licence: image redistribution prohibited","327682","b43557aa51b7b882b1327d664c6771788fab71ba6f9f367a8fd1af974fd22b8f","","","1",""
"acdc_entire_test","annotated_prediction","ACDC","ACDC_ENTIRE","mixed","acdc_entire_test/entire_visual_results/GOPR0351_frame_000053_rgb_anon.jpg","","withheld_acdc_redistribution_restriction","ACDC research-use licence: image redistribution prohibited","372744","8a7b329868e8ca75e20997ccc3cf1dec7efcd011d11a9380d21a010e0e4ac34f","","","1",""
"acdc_entire_test","annotated_prediction","ACDC","ACDC_ENTIRE","mixed","acdc_entire_test/entire_visual_results/GOPR0351_frame_000055_rgb_anon.jpg","","withheld_acdc_redistribution_restriction","ACDC research-use licence: image redistribution prohibited","437924","96c97bf542ea7cf9afa4de4c788fe009fafc6a71b2ffb89091db4eda11828dc3","","","1",""
"acdc_entire_test","annotated_prediction","ACDC","ACDC_ENTIRE","mixed","acdc_entire_test/entire_visual_results/GOPR0351_frame_000057_rgb_anon.jpg","","withheld_acdc_redistribution_restriction","ACDC research-use licence: image redistribution prohibited","438000","7d28ffccc3ef42fabd8a0cfc2af91946bac2eafceb371f421a7bba7a1427bd10","","","1",""
"acdc_entire_test","annotated_prediction","ACDC","ACDC_ENTIRE","mixed","acdc_entire_test/entire_visual_results/GOPR0351_frame_000059_rgb_anon.jpg","","withheld_acdc_redistribution_restriction","ACDC research-use licence: image redistribution prohibited","393120","9fa14b386657f28712f25d16503510d28aa4cda58462adfaa0e16ea2c16a7149","","","1",""
"acdc_entire_test","annotated_prediction","ACDC","ACDC_ENTIRE","mixed","acdc_entire_test/entire_visual_results/GOPR0351_frame_000061_rgb_anon.jpg","","withheld_acdc_redistribution_restriction","ACDC research-use licence: image redistribution prohibited","388286","74b1545b91646255548069f5ed111d46a277c2a52461fe533feba71b14d980d0","","","1",""
"acdc_entire_test","annotated_prediction","ACDC","ACDC_ENTIRE","mixed","acdc_entire_test/entire_visual_results/GOPR0351_frame_000063_rgb_anon.jpg","","withheld_acdc_redistribution_restriction","ACDC research-use licence: image redistribution prohibited","364575","30ceef550e92e10cf63ed3f44aefe26a03f9c133b11760e7f9fa73f6afdbfe90","","","1",""
"acdc_entire_test","annotated_prediction","ACDC","ACDC_ENTIRE","mixed","acdc_entire_test/entire_visual_results/GOPR0351_frame_000065_rgb_anon.jpg","","withheld_acdc_redistribution_restriction","ACDC research-use licence: image redistribution prohibited","384246","5e8ac0bf17f349888d7ff46cc8491491c706e785e2b466c20437abf2a5a1786e","","","1",""
"acdc_entire_test","annotated_prediction","ACDC","ACDC_ENTIRE","mixed","acdc_entire_test/entire_visual_results/GOPR0351_frame_000067_rgb_anon.jpg","","withheld_acdc_redistribution_restriction","ACDC research-use licence: image redistribution prohibited","387243","616f8e2fa217a340d53cd08e0a6498b3847b6b1d090fcd28dd22d32465cf3bf1","","","1",""
"acdc_entire_test","annotated_prediction","ACDC","ACDC_ENTIRE","mixed","acdc_entire_test/entire_visual_results/GOPR0351_frame_000069_rgb_anon.jpg","","withheld_acdc_redistribution_restriction","ACDC research-use licence: image redistribution prohibited","403303","cd29f0016fea670c0fc44d195a8493be17d15cce20498aa9ed64cdc568c13da8","","","1",""
"acdc_entire_test","annotated_prediction","ACDC","ACDC_ENTIRE","mixed","acdc_entire_test/entire_visual_results/GOPR0351_frame_000071_rgb_anon.jpg","","withheld_acdc_redistribution_restriction","ACDC research-use licence: image redistribution prohibited","363943","9383573c94fccfb8869caa42a835bf54cb44725200b4decab55944abb9d9a7ad","","","1",""
"acdc_entire_test","annotated_prediction","ACDC","ACDC_ENTIRE","mixed","acdc_entire_test/entire_visual_results/GOPR0351_frame_000079_rgb_anon.jpg","","withheld_acdc_redistribution_restriction","ACDC research-use licence: image redistribution prohibited","416190","796c30380d6d7ebd19697e331eebf1ab86a2f625f6bee581f3861c79f02a6688","","","1",""
"acdc_entire_test","annotated_prediction","ACDC","ACDC_ENTIRE","mixed","acdc_entire_test/entire_visual_results/GOPR0351_frame_000081_rgb_anon.jpg","","withheld_acdc_redistribution_restriction","ACDC research-use licence: image redistribution prohibited","406131","02d63a4cdd189fcb1ba2bca0e722b35b4d43011525caca6ae6b09aa7baf4c041","","","1",""
"acdc_entire_test","annotated_prediction","ACDC","ACDC_ENTIRE","mixed","acdc_entire_test/entire_visual_results/GOPR0351_frame_000083_rgb_anon.jpg","","withheld_acdc_redistribution_restriction","ACDC research-use licence: image redistribution prohibited","384223","cf2f7d570708f4079ce93cb23c716791686547465206c3da34b1b7c08a646151","","","1",""
"acdc_entire_test","annotated_prediction","ACDC","ACDC_ENTIRE","mixed","acdc_entire_test/entire_visual_results/GOPR0351_frame_000085_rgb_anon.jpg","","withheld_acdc_redistribution_restriction","ACDC research-use licence: image redistribution prohibited","396632","420cc81465abf9939c62c6daab4c4e4083183e2c56a4a6a4f80a20ea3bfb5739","","","1",""
"acdc_entire_test","annotated_prediction","ACDC","ACDC_ENTIRE","mixed","acdc_entire_test/entire_visual_results/GOPR0351_frame_000087_rgb_anon.jpg","","withheld_acdc_redistribution_restriction","ACDC research-use licence: image redistribution prohibited","322178","9627919d8897be8a90387c54b50ab60b93c5741e63abfad96a198459048376ec","","","1",""
"acdc_entire_test","annotated_prediction","ACDC","ACDC_ENTIRE","mixed","acdc_entire_test/entire_visual_results/GOPR0351_frame_000089_rgb_anon.jpg","","withheld_acdc_redistribution_restriction","ACDC research-use licence: image redistribution prohibited","379000","8b1ad2b7f83df1de5dfe476409495d099051fad23613e62da1768a6617b26901","","","1",""
"acdc_entire_test","annotated_prediction","ACDC","ACDC_ENTIRE","mixed","acdc_entire_test/entire_visual_results/GOPR0351_frame_000091_rgb_anon.jpg","","withheld_acdc_redistribution_restriction","ACDC research-use licence: image redistribution prohibited","384578","302ebda283082a2cb5579fdb92ba40262f61bf3f16cdf2dc0c0c79de4b5d4e58","","","1",""
"acdc_entire_test","annotated_prediction","ACDC","ACDC_ENTIRE","mixed","acdc_entire_test/entire_visual_results/GOPR0351_frame_000093_rgb_anon.jpg","","withheld_acdc_redistribution_restriction","ACDC research-use licence: image redistribution prohibited","332472","500afe645cadb72f940c2d4386d8361a9b1a6793c267006b007b7c1be14b8a21","","","1",""
"acdc_entire_test","annotated_prediction","ACDC","ACDC_ENTIRE","mixed","acdc_entire_test/entire_visual_results/GOPR0351_frame_000095_rgb_anon.jpg","","withheld_acdc_redistribution_restriction","ACDC research-use licence: image redistribution prohibited","389667","2ead414efc85410feeea0a2b0e4c9ed2b0373b253179bdb71001b49ee8cf339a","","","1",""
"acdc_entire_test","annotated_prediction","ACDC","ACDC_ENTIRE","mixed","acdc_entire_test/entire_visual_results/GOPR0351_frame_000099_rgb_anon.jpg","","withheld_acdc_redistribution_restriction","ACDC research-use licence: image redistribution prohibited","384467","eaccf0f822cd6580b13d2eb3dbf5ae550ac61649e7341ff11dc9ea6dd7b52c7f","","","1",""
"acdc_entire_test","annotated_prediction","ACDC","ACDC_ENTIRE","mixed","acdc_entire_test/entire_visual_results/GOPR0351_frame_000101_rgb_anon.jpg","","withheld_acdc_redistribution_restriction","ACDC research-use licence: image redistribution prohibited","425634","8c45e921a6b3767af702dbc16e1c107ac6a0904229e176aad9374df75f4938d4","","","1",""
"acdc_entire_test","annotated_prediction","ACDC","ACDC_ENTIRE","mixed","acdc_entire_test/entire_visual_results/GOPR0351_frame_000105_rgb_anon.jpg","","withheld_acdc_redistribution_restriction","ACDC research-use licence: image redistribution prohibited","405144","bbe926499f0e68a532140cc272875cf9d880a527f9008861b4f6610b6de14f4c","","","1",""
"acdc_entire_test","annotated_prediction","ACDC","ACDC_ENTIRE","mixed","acdc_entire_test/entire_visual_results/GOPR0351_frame_000111_rgb_anon.jpg","","withheld_acdc_redistribution_restriction","ACDC research-use licence: image redistribution prohibited","443325","2d7cfafa6c06fd9c05722d3aa60c81aef74c7293a7403e28b067b1c56c76e0a8","","","1",""
"acdc_entire_test","annotated_prediction","ACDC","ACDC_ENTIRE","mixed","acdc_entire_test/entire_visual_results/GOPR0351_frame_000113_rgb_anon.jpg","","withheld_acdc_redistribution_restriction","ACDC research-use licence: image redistribution prohibited","394482","5628bfc7985af654794d64f37dbd6f67a38b26032f3b49875137d7d174cac43b","","","1",""
"acdc_entire_test","annotated_prediction","ACDC","ACDC_ENTIRE","mixed","acdc_entire_test/entire_visual_results/GOPR0351_frame_000115_rgb_anon.jpg","","withheld_acdc_redistribution_restriction","ACDC research-use licence: image redistribution prohibited","413300","841b073ce3d4bffa7f6ceda52524512c9a2606ce6cae579b4cf3e1bdd8a69187","","","1",""
"acdc_entire_test","annotated_prediction","ACDC","ACDC_ENTIRE","mixed","acdc_entire_test/entire_visual_results/GOPR0351_frame_000121_rgb_anon.jpg","","withheld_acdc_redistribution_restriction","ACDC research-use licence: image redistribution prohibited","424992","83a4eae41e856ef73c26cbe48f3cda61e2c48197dcf86895d77794ee7d68a9a3","","","1",""
"acdc_entire_test","annotated_prediction","ACDC","ACDC_ENTIRE","mixed","acdc_entire_test/entire_visual_results/GOPR0351_frame_000124_rgb_anon.jpg","","withheld_acdc_redistribution_restriction","ACDC research-use licence: image redistribution prohibited","505741","f479df9d33d65b265538befda280bc83cd852969364248106c39848987390978","","","1",""
"acdc_entire_test","annotated_prediction","ACDC","ACDC_ENTIRE","mixed","acdc_entire_test/entire_visual_results/GOPR0351_frame_000128_rgb_anon.jpg","","withheld_acdc_redistribution_restriction","ACDC research-use licence: image redistribution prohibited","417868","5dc6907896fc771cc5f303b58bff14a6142221751304af88a6c7c12913a1dd64","","","1",""
"acdc_entire_test","annotated_prediction","ACDC","ACDC_ENTIRE","mixed","acdc_entire_test/entire_visual_results/GOPR0351_frame_000132_rgb_anon.jpg","","withheld_acdc_redistribution_restriction","ACDC research-use licence: image redistribution prohibited","444115","78d17de3db8d55eb132fa5d9c5ee7ceeff30de0abe54221e4facabc106947222","","","1",""
"acdc_entire_test","annotated_prediction","ACDC","ACDC_ENTIRE","mixed","acdc_entire_test/entire_visual_results/GOPR0351_frame_000141_rgb_anon.jpg","","withheld_acdc_redistribution_restriction","ACDC research-use licence: image redistribution prohibited","434080","49c3c40ad51bef9a3969f5022e20427a6c5e884f9189cdc69d0885862413ffe2","","","1",""
"acdc_entire_test","annotated_prediction","ACDC","ACDC_ENTIRE","mixed","acdc_entire_test/entire_visual_results/GOPR0351_frame_000143_rgb_anon.jpg","","withheld_acdc_redistribution_restriction","ACDC research-use licence: image redistribution prohibited","451977","55fb26760159042b1d46aef4e435f32a661d24316227a3b2910bb42b24b9cc07","","","1",""
"acdc_entire_test","annotated_prediction","ACDC","ACDC_ENTIRE","mixed","acdc_entire_test/entire_visual_results/GOPR0351_frame_000651_rgb_anon.jpg","","withheld_acdc_redistribution_restriction","ACDC research-use licence: image redistribution prohibited","390844","60ec08a1d5a781d66197434482b4539390e1cca65aa409c77fe595640909e9eb","","","1",""
"acdc_entire_test","annotated_prediction","ACDC","ACDC_ENTIRE","mixed","acdc_entire_test/entire_visual_results/GOPR0351_frame_000654_rgb_anon.jpg","","withheld_acdc_redistribution_restriction","ACDC research-use licence: image redistribution prohibited","466380","cf3cb6647d7fe46c7e967e37633c18a2e6534cd46c25a287dd5f20e05954fb74","","","2",""
"acdc_entire_test","annotated_prediction","ACDC","ACDC_ENTIRE","mixed","acdc_entire_test/entire_visual_results/GOPR0351_frame_000706_rgb_anon.jpg","","withheld_acdc_redistribution_restriction","ACDC research-use licence: image redistribution prohibited","454408","b25701ffff4d243900c7cfb8bc6eeb907006904bb0fe88bb4f0d2e721ec7f0e9","","","1",""
"acdc_entire_test","annotated_prediction","ACDC","ACDC_ENTIRE","mixed","acdc_entire_test/entire_visual_results/GOPR0351_frame_000709_rgb_anon.jpg","","withheld_acdc_redistribution_restriction","ACDC research-use licence: image redistribution prohibited","419418","2ff7659eea40f6a95e7a3d9519a43d5d83bca775a15acfa9605da0fb85b0a48a","","","1",""
"acdc_entire_test","annotated_prediction","ACDC","ACDC_ENTIRE","mixed","acdc_entire_test/entire_visual_results/GOPR0351_frame_000712_rgb_anon.jpg","","withheld_acdc_redistribution_restriction","ACDC research-use licence: image redistribution prohibited","486607","2eeb535f7baf31c33f4d0a14d5939aa7428ec9a381902e0caa83c34b28a3e4d8","","","1",""
"acdc_entire_test","annotated_prediction","ACDC","ACDC_ENTIRE","mixed","acdc_entire_test/entire_visual_results/GOPR0351_frame_000718_rgb_anon.jpg","","withheld_acdc_redistribution_restriction","ACDC research-use licence: image redistribution prohibited","504546","00ec07da840997f4b9de3ac1d1ef25d2f5bb2014ea40ad6cb9610e4299291051","","","1",""
"acdc_entire_test","annotated_prediction","ACDC","ACDC_ENTIRE","mixed","acdc_entire_test/entire_visual_results/GOPR0351_frame_000724_rgb_anon.jpg","","withheld_acdc_redistribution_restriction","ACDC research-use licence: image redistribution prohibited","376961","12b853913bd32d5aa5e1029afee451507449c4946561bd7432636155773b2c04","","","1",""
"acdc_entire_test","annotated_prediction","ACDC","ACDC_ENTIRE","mixed","acdc_entire_test/entire_visual_results/GOPR0351_frame_000727_rgb_anon.jpg","","withheld_acdc_redistribution_restriction","ACDC research-use licence: image redistribution prohibited","384734","a748fa0f0b1358bdcb73b1f94db9ddae524fa3f349faabcc2626a6f368b4f2a8","","","1",""
"acdc_entire_test","annotated_prediction","ACDC","ACDC_ENTIRE","mixed","acdc_entire_test/entire_visual_results/GOPR0351_frame_000742_rgb_anon.jpg","","withheld_acdc_redistribution_restriction","ACDC research-use licence: image redistribution prohibited","346646","078f6a08e63c714f92f71e1543c15bf5cac8e1763a9b8c7ceaaa4488a3c00505","","","1",""
"acdc_entire_test","annotated_prediction","ACDC","ACDC_ENTIRE","mixed","acdc_entire_test/entire_visual_results/GOPR0351_frame_000745_rgb_anon.jpg","","withheld_acdc_redistribution_restriction","ACDC research-use licence: image redistribution prohibited","418267","d5677e98abffc52788f6f12b0dc7b55e6de7d0f7abe7fb529abbc7dc86ccdbf9","","","1",""
"acdc_entire_test","annotated_prediction","ACDC","ACDC_ENTIRE","mixed","acdc_entire_test/entire_visual_results/GOPR0351_frame_000748_rgb_anon.jpg","","withheld_acdc_redistribution_restriction","ACDC research-use licence: image redistribution prohibited","493425","b865f8ee6d51319d14850ce5902bc4a88855378b095e98d16d1634f6e1f8d1b2","","","1",""
"acdc_entire_test","annotated_prediction","ACDC","ACDC_ENTIRE","mixed","acdc_entire_test/entire_visual_results/GOPR0351_frame_000754_rgb_anon.jpg","","withheld_acdc_redistribution_restriction","ACDC research-use licence: image redistribution prohibited","434644","db6b641e607f7a863e79a5d0d1897b7d78253c7e4d692f20da8e05428ea03479","","","1",""
"acdc_entire_test","annotated_prediction","ACDC","ACDC_ENTIRE","mixed","acdc_entire_test/entire_visual_results/GOPR0351_frame_000761_rgb_anon.jpg","","withheld_acdc_redistribution_restriction","ACDC research-use licence: image redistribution prohibited","393690","b91fe4b8e9460d6a153def2ca5b69d89e37ce1e88adc2bd56086bbb89bb31260","","","1",""
"acdc_entire_test","annotated_prediction","ACDC","ACDC_ENTIRE","mixed","acdc_entire_test/entire_visual_results/GOPR0351_frame_000770_rgb_anon.jpg","","withheld_acdc_redistribution_restriction","ACDC research-use licence: image redistribution prohibited","449765","d5a616b3e94a6031c65322362b679f53c2a0fde1451013ddd1d4919015ba8f50","","","1",""
"acdc_entire_test","annotated_prediction","ACDC","ACDC_ENTIRE","mixed","acdc_entire_test/entire_visual_results/GOPR0351_frame_000774_rgb_anon.jpg","","withheld_acdc_redistribution_restriction","ACDC research-use licence: image redistribution prohibited","378771","294f1e19a44923345c5f5663d03412e19a73a21dabae50765420aa9435e3383f","","","1",""
"acdc_entire_test","annotated_prediction","ACDC","ACDC_ENTIRE","mixed","acdc_entire_test/entire_visual_results/GOPR0351_frame_000809_rgb_anon.jpg","","withheld_acdc_redistribution_restriction","ACDC research-use licence: image redistribution prohibited","481444","95c764292dc3fb1bc3ecd1c21cb043a261f924d2a7caecf572fd04fca33dcd33","","","1",""
"acdc_entire_test","annotated_prediction","ACDC","ACDC_ENTIRE","mixed","acdc_entire_test/entire_visual_results/GOPR0351_frame_000814_rgb_anon.jpg","","withheld_acdc_redistribution_restriction","ACDC research-use licence: image redistribution prohibited","408819","286e66013fb9763b59a1ce9d7589fa1c7c23301337555b8f25db60eeb1dfdd6a","","","1",""
"acdc_entire_test","annotated_prediction","ACDC","ACDC_ENTIRE","mixed","acdc_entire_test/entire_visual_results/GOPR0351_frame_000818_rgb_anon.jpg","","withheld_acdc_redistribution_restriction","ACDC research-use licence: image redistribution prohibited","352891","04ced909ecc4a3ffe55a9a6b29da8fc5af34b9e36967c9387fa5f0211ec96877","","","1",""
"acdc_entire_test","annotated_prediction","ACDC","ACDC_ENTIRE","mixed","acdc_entire_test/entire_visual_results/GOPR0351_frame_000822_rgb_anon.jpg","","withheld_acdc_redistribution_restriction","ACDC research-use licence: image redistribution prohibited","410529","1bbd6d7481bbcf025e8bf4233d3d74fbf39f52a2ab35ccec3313740744f242a5","","","1",""
"acdc_entire_test","annotated_prediction","ACDC","ACDC_ENTIRE","mixed","acdc_entire_test/entire_visual_results/GOPR0351_frame_000825_rgb_anon.jpg","","withheld_acdc_redistribution_restriction","ACDC research-use licence: image redistribution prohibited","360599","6d5be111ecae010096de7d2f62b65b574d820bcad5fcd21459c84c608fe7621d","","","1",""
"acdc_entire_test","annotated_prediction","ACDC","ACDC_ENTIRE","mixed","acdc_entire_test/entire_visual_results/GOPR0356_frame_000321_rgb_anon.jpg","","withheld_acdc_redistribution_restriction","ACDC research-use licence: image redistribution prohibited","365286","8a140554f01c166458508c8a4ffb677bd8b58e2d6b3e1cb758c18fd2e77cefac","","","1",""
"acdc_entire_test","annotated_prediction","ACDC","ACDC_ENTIRE","mixed","acdc_entire_test/entire_visual_results/GOPR0356_frame_000324_rgb_anon.jpg","","withheld_acdc_redistribution_restriction","ACDC research-use licence: image redistribution prohibited","364532","860033334ec3c80b52d797a82a69adf06503ce5f60ecc1a372af7240428d735f","","","1",""
"acdc_entire_test","annotated_prediction","ACDC","ACDC_ENTIRE","mixed","acdc_entire_test/entire_visual_results/GOPR0356_frame_000327_rgb_anon.jpg","","withheld_acdc_redistribution_restriction","ACDC research-use licence: image redistribution prohibited","322193","d2ea0edc1eda30fc17f2346f62a894de52d249cc5a278d63c152313611801381","","","1",""
"acdc_entire_test","annotated_prediction","ACDC","ACDC_ENTIRE","mixed","acdc_entire_test/entire_visual_results/GOPR0356_frame_000330_rgb_anon.jpg","","withheld_acdc_redistribution_restriction","ACDC research-use licence: image redistribution prohibited","243183","33ea586f7c8d0230690aa0c5ba90f7c3379e23896b82c2df645c122941f371e3","","","1",""
"acdc_entire_test","annotated_prediction","ACDC","ACDC_ENTIRE","mixed","acdc_entire_test/entire_visual_results/GOPR0356_frame_000333_rgb_anon.jpg","","withheld_acdc_redistribution_restriction","ACDC research-use licence: image redistribution prohibited","249563","f18fb0762fe0927d02a556a41d662124ef05c6c9b4d7973c8b8b6cb181717f9d","","","1",""
"acdc_entire_test","annotated_prediction","ACDC","ACDC_ENTIRE","mixed","acdc_entire_test/entire_visual_results/GOPR0356_frame_000336_rgb_anon.jpg","","withheld_acdc_redistribution_restriction","ACDC research-use licence: image redistribution prohibited","384600","423ad65f1c01e590b21251d8a16019849e0c6b957f58f38e29668f7cbccbc782","","","1",""
"acdc_entire_test","annotated_prediction","ACDC","ACDC_ENTIRE","mixed","acdc_entire_test/entire_visual_results/GOPR0356_frame_000339_rgb_anon.jpg","","withheld_acdc_redistribution_restriction","ACDC research-use licence: image redistribution prohibited","415290","4f98ea77ff98dc705c299651ae77e36e01f3cb25a6e7849af17c6780398da9d0","","","1",""
"acdc_entire_test","annotated_prediction","ACDC","ACDC_ENTIRE","mixed","acdc_entire_test/entire_visual_results/GOPR0356_frame_000342_rgb_anon.jpg","","withheld_acdc_redistribution_restriction","ACDC research-use licence: image redistribution prohibited","431963","6980a75777f10be5940cfc26f861572db14764703f7b66dd869051ef4859670e","","","1",""
"acdc_entire_test","annotated_prediction","ACDC","ACDC_ENTIRE","mixed","acdc_entire_test/entire_visual_results/GOPR0356_frame_000345_rgb_anon.jpg","","withheld_acdc_redistribution_restriction","ACDC research-use licence: image redistribution prohibited","311687","64434528d9ad2aabd16423cfed0ef8de4816b954a5e71e00a7fe925a14f189c4","","","1",""
"acdc_entire_test","annotated_prediction","ACDC","ACDC_ENTIRE","mixed","acdc_entire_test/entire_visual_results/GOPR0356_frame_000348_rgb_anon.jpg","","withheld_acdc_redistribution_restriction","ACDC research-use licence: image redistribution prohibited","397070","0e6eb93b1794ecea0e0d01293e16de961e22b23d189b9d9e548e32cdbe9de8c6","","","1",""
"acdc_entire_test","annotated_prediction","ACDC","ACDC_ENTIRE","mixed","acdc_entire_test/entire_visual_results/GOPR0356_frame_000351_rgb_anon.jpg","","withheld_acdc_redistribution_restriction","ACDC research-use licence: image redistribution prohibited","332620","f523064b15c51ccd5e5743812a3ba3a5225b9a100d09c5140875258371c04647","","","1",""
"acdc_entire_test","annotated_prediction","ACDC","ACDC_ENTIRE","mixed","acdc_entire_test/entire_visual_results/GOPR0356_frame_000354_rgb_anon.jpg","","withheld_acdc_redistribution_restriction","ACDC research-use licence: image redistribution prohibited","409775","eedf10455dbead468de4ef50e72e026a996f41aec8d85dbf28b1c477390affdf","","","1",""
"acdc_entire_test","annotated_prediction","ACDC","ACDC_ENTIRE","mixed","acdc_entire_test/entire_visual_results/GOPR0356_frame_000357_rgb_anon.jpg","","withheld_acdc_redistribution_restriction","ACDC research-use licence: image redistribution prohibited","458129","9a821a755cea9a282b08a9bea17f0bc9f85cce78818e7e7731018bce5cbe6639","","","1",""
"acdc_entire_test","annotated_prediction","ACDC","ACDC_ENTIRE","mixed","acdc_entire_test/entire_visual_results/GOPR0356_frame_000360_rgb_anon.jpg","","withheld_acdc_redistribution_restriction","ACDC research-use licence: image redistribution prohibited","337188","3a56d954ff0346dfb095bd8471963a40be7676322da1f6ea27fbe222d4cf2b4b","","","1",""
"acdc_entire_test","annotated_prediction","ACDC","ACDC_ENTIRE","mixed","acdc_entire_test/entire_visual_results/GOPR0356_frame_000363_rgb_anon.jpg","","withheld_acdc_redistribution_restriction","ACDC research-use licence: image redistribution prohibited","423485","78db1c6352e6baeecdebfa2ada97c3cea86e52a67e58f67fd4faa8254c8a0628","","","1",""
"acdc_entire_test","annotated_prediction","ACDC","ACDC_ENTIRE","mixed","acdc_entire_test/entire_visual_results/GOPR0356_frame_000366_rgb_anon.jpg","","withheld_acdc_redistribution_restriction","ACDC research-use licence: image redistribution prohibited","410658","aa8ed6e53367113dca03b02f5d13889b7f8da9796f6d6657192df15fbabde430","","","1",""
"acdc_entire_test","annotated_prediction","ACDC","ACDC_ENTIRE","mixed","acdc_entire_test/entire_visual_results/GOPR0356_frame_000369_rgb_anon.jpg","","withheld_acdc_redistribution_restriction","ACDC research-use licence: image redistribution prohibited","386736","073039e484dfc3a7d96b136cedda9cafa5c562b6340a183d595d1de5ae4885c4","","","1",""
"acdc_entire_test","annotated_prediction","ACDC","ACDC_ENTIRE","mixed","acdc_entire_test/entire_visual_results/GOPR0356_frame_000372_rgb_anon.jpg","","withheld_acdc_redistribution_restriction","ACDC research-use licence: image redistribution prohibited","362679","3756c5bf20e8f57b7748fcb7467d9ecbd7142b08c0aee738bdb0a3e34be6611b","","","1",""
"acdc_entire_test","annotated_prediction","ACDC","ACDC_ENTIRE","mixed","acdc_entire_test/entire_visual_results/GOPR0356_frame_000375_rgb_anon.jpg","","withheld_acdc_redistribution_restriction","ACDC research-use licence: image redistribution prohibited","393605","1a7cc092d7ba5cfd3e00aee5972e740c2faf1c61899719fdade1d06a9b42d49f","","","1",""
"acdc_entire_test","annotated_prediction","ACDC","ACDC_ENTIRE","mixed","acdc_entire_test/entire_visual_results/GOPR0356_frame_000378_rgb_anon.jpg","","withheld_acdc_redistribution_restriction","ACDC research-use licence: image redistribution prohibited","405338","370246e7bed35633c6f2b21a37981c940b065c2dd43b20eaa30f4366d9258fc2","","","1",""
"acdc_entire_test","annotated_prediction","ACDC","ACDC_ENTIRE","mixed","acdc_entire_test/entire_visual_results/GOPR0356_frame_000382_rgb_anon.jpg","","withheld_acdc_redistribution_restriction","ACDC research-use licence: image redistribution prohibited","461020","ed5c257138389061305ea279cdde23fd19ea036c0496a0e2e9f45513f7f24af4","","","1",""
"acdc_entire_test","annotated_prediction","ACDC","ACDC_ENTIRE","mixed","acdc_entire_test/entire_visual_results/GOPR0356_frame_000386_rgb_anon.jpg","","withheld_acdc_redistribution_restriction","ACDC research-use licence: image redistribution prohibited","394948","c191ab1e380a80dc0440a1796909921c7dd7ae52f5112f6f7e2d915a3c13d32d","","","1",""
"acdc_entire_test","annotated_prediction","ACDC","ACDC_ENTIRE","mixed","acdc_entire_test/entire_visual_results/GOPR0356_frame_000391_rgb_anon.jpg","","withheld_acdc_redistribution_restriction","ACDC research-use licence: image redistribution prohibited","332781","bead2a13cb610f5705fde5729c502c634b9a801dcc4b467cab8b168d94ecba74","","","3",""
"acdc_entire_test","annotated_prediction","ACDC","ACDC_ENTIRE","mixed","acdc_entire_test/entire_visual_results/GOPR0356_frame_000395_rgb_anon.jpg","","withheld_acdc_redistribution_restriction","ACDC research-use licence: image redistribution prohibited","309938","1ec5641741835a4e106bd1cdfd1b2b78064245da04753c79e2ddc26da317a2e8","","","3",""
"acdc_entire_test","annotated_prediction","ACDC","ACDC_ENTIRE","mixed","acdc_entire_test/entire_visual_results/GOPR0356_frame_000398_rgb_anon.jpg","","withheld_acdc_redistribution_restriction","ACDC research-use licence: image redistribution prohibited","344851","8ecc2bc1ec38c918a16431cbcaeb073cd8f617e3cfa07c95d5fba5e4edf76bb3","","","1",""
"acdc_entire_test","annotated_prediction","ACDC","ACDC_ENTIRE","mixed","acdc_entire_test/entire_visual_results/GOPR0356_frame_000401_rgb_anon.jpg","","withheld_acdc_redistribution_restriction","ACDC research-use licence: image redistribution prohibited","376672","c43692ae239d48c0a5274ccf839e1a78cc89cdefb5554551dacf72a3be13c0dd","","","1",""
"acdc_entire_test","annotated_prediction","ACDC","ACDC_ENTIRE","mixed","acdc_entire_test/entire_visual_results/GOPR0356_frame_000404_rgb_anon.jpg","","withheld_acdc_redistribution_restriction","ACDC research-use licence: image redistribution prohibited","397871","28c3407e7a42cd4b2b786ff005368883d32c4f561fcaab416ef408644db0f65f","","","1",""
"acdc_entire_test","annotated_prediction","ACDC","ACDC_ENTIRE","mixed","acdc_entire_test/entire_visual_results/GOPR0356_frame_000408_rgb_anon.jpg","","withheld_acdc_redistribution_restriction","ACDC research-use licence: image redistribution prohibited","372362","1f93eac1f20d7e4dc43d2b0ac32a5f664abde65eb0d66601fde37443ba5eb905","","","1",""
"acdc_entire_test","annotated_prediction","ACDC","ACDC_ENTIRE","mixed","acdc_entire_test/entire_visual_results/GOPR0356_frame_000414_rgb_anon.jpg","","withheld_acdc_redistribution_restriction","ACDC research-use licence: image redistribution prohibited","385637","d860a22c8f1b3eb8664c33e990c54cee371a5960bd0cd8bf29cfb13a551d8b82","","","1",""
"acdc_entire_test","annotated_prediction","ACDC","ACDC_ENTIRE","mixed","acdc_entire_test/entire_visual_results/GOPR0356_frame_000418_rgb_anon.jpg","","withheld_acdc_redistribution_restriction","ACDC research-use licence: image redistribution prohibited","423452","6cdd90f0949cf34a272bb64d2ee22a2824f4e61c0938fb1b4a4bf5f57ecedd79","","","1",""
"acdc_entire_test","annotated_prediction","ACDC","ACDC_ENTIRE","mixed","acdc_entire_test/entire_visual_results/GOPR0356_frame_000421_rgb_anon.jpg","","withheld_acdc_redistribution_restriction","ACDC research-use licence: image redistribution prohibited","377324","57be9a534854bad0e1231e5bc7d4b8b5789c1ea074e798069ef0064fc32ac00f","","","1",""
"acdc_entire_test","annotated_prediction","ACDC","ACDC_ENTIRE","mixed","acdc_entire_test/entire_visual_results/GOPR0356_frame_000424_rgb_anon.jpg","","withheld_acdc_redistribution_restriction","ACDC research-use licence: image redistribution prohibited","333251","4308db54b9cf1b7da6907a16ef3a983b50b0ef4d119e153fb415a22ee0cb333e","","","1",""
"acdc_entire_test","annotated_prediction","ACDC","ACDC_ENTIRE","mixed","acdc_entire_test/entire_visual_results/GOPR0356_frame_000427_rgb_anon.jpg","","withheld_acdc_redistribution_restriction","ACDC research-use licence: image redistribution prohibited","456170","a07322eb4528762ca8070e5c0b44693673f42b593b0c05851bb31487cef147d5","","","1",""
"acdc_entire_test","annotated_prediction","ACDC","ACDC_ENTIRE","mixed","acdc_entire_test/entire_visual_results/GOPR0356_frame_000430_rgb_anon.jpg","","withheld_acdc_redistribution_restriction","ACDC research-use licence: image redistribution prohibited","380046","13a77312d5600b9cb0109230e821ec1a91d644879e2265f22af123e6e4356495","","","1",""
"acdc_entire_test","annotated_prediction","ACDC","ACDC_ENTIRE","mixed","acdc_entire_test/entire_visual_results/GOPR0356_frame_000433_rgb_anon.jpg","","withheld_acdc_redistribution_restriction","ACDC research-use licence: image redistribution prohibited","480604","f213957122419e287db1d27813a5449a9367b19c8df4b2a11f18a7278a9ef089","","","1",""
"acdc_entire_test","annotated_prediction","ACDC","ACDC_ENTIRE","mixed","acdc_entire_test/entire_visual_results/GOPR0356_frame_000437_rgb_anon.jpg","","withheld_acdc_redistribution_restriction","ACDC research-use licence: image redistribution prohibited","501210","b0810ae99f390a6ee6cf35dbb3bc2f00434609480bb1cfd3d673baec3e4ea2b6","","","1",""
"acdc_entire_test","annotated_prediction","ACDC","ACDC_ENTIRE","mixed","acdc_entire_test/entire_visual_results/GOPR0356_frame_000448_rgb_anon.jpg","","withheld_acdc_redistribution_restriction","ACDC research-use licence: image redistribution prohibited","490284","c0446badb173bf6cef602f39491af2b8675e3f3d3d90dc1e663ab21dae60844d","","","1",""
"acdc_entire_test","annotated_prediction","ACDC","ACDC_ENTIRE","mixed","acdc_entire_test/entire_visual_results/GOPR0356_frame_000452_rgb_anon.jpg","","withheld_acdc_redistribution_restriction","ACDC research-use licence: image redistribution prohibited","455088","95334a38cf71306b21c8ae6ad205b7c4ad1d982af47c982eaba37ed2da9e25fb","","","1",""
"acdc_entire_test","annotated_prediction","ACDC","ACDC_ENTIRE","mixed","acdc_entire_test/entire_visual_results/GOPR0356_frame_000455_rgb_anon.jpg","","withheld_acdc_redistribution_restriction","ACDC research-use licence: image redistribution prohibited","429809","d478a8e909fa15d6f35945da5e302d1d2688749e36d885dd6664438de8461a15","","","1",""
"acdc_entire_test","annotated_prediction","ACDC","ACDC_ENTIRE","mixed","acdc_entire_test/entire_visual_results/GOPR0356_frame_000458_rgb_anon.jpg","","withheld_acdc_redistribution_restriction","ACDC research-use licence: image redistribution prohibited","461341","435d9e79e3c175537dceac7c97d1b1cc3d7aec0c4a457d0621a866bcf96b7a44","","","1",""
"acdc_entire_test","annotated_prediction","ACDC","ACDC_ENTIRE","mixed","acdc_entire_test/entire_visual_results/GOPR0356_frame_000461_rgb_anon.jpg","","withheld_acdc_redistribution_restriction","ACDC research-use licence: image redistribution prohibited","452990","94a46033a2ad8e30c8f2a4511eeacc3f7dffeade7e89be21986f272ea69be467","","","1",""
"acdc_entire_test","annotated_prediction","ACDC","ACDC_ENTIRE","mixed","acdc_entire_test/entire_visual_results/GOPR0356_frame_000464_rgb_anon.jpg","","withheld_acdc_redistribution_restriction","ACDC research-use licence: image redistribution prohibited","360692","a8e4276d3b8a13d4d68ecca69965989c21a1bafd6ddd7ffac5c78ce17ab0a67f","","","1",""
"acdc_entire_test","annotated_prediction","ACDC","ACDC_ENTIRE","mixed","acdc_entire_test/entire_visual_results/GOPR0356_frame_000467_rgb_anon.jpg","","withheld_acdc_redistribution_restriction","ACDC research-use licence: image redistribution prohibited","394050","1d87710b38684c2b2b15eaedca4d7cbb6174e3fd028ce330b251b84f54b006e5","","","1",""
"acdc_entire_test","annotated_prediction","ACDC","ACDC_ENTIRE","mixed","acdc_entire_test/entire_visual_results/GOPR0356_frame_000470_rgb_anon.jpg","","withheld_acdc_redistribution_restriction","ACDC research-use licence: image redistribution prohibited","440165","09750d6d1a19b681bc5012291c12f12ffeca5a4e8dc451ec76e3fd8fda7b196c","","","1",""
"acdc_entire_test","annotated_prediction","ACDC","ACDC_ENTIRE","mixed","acdc_entire_test/entire_visual_results/GOPR0356_frame_000473_rgb_anon.jpg","","withheld_acdc_redistribution_restriction","ACDC research-use licence: image redistribution prohibited","388409","03dcc2e6ade352e8762d33d7665e9056f0b2203c752bed245a595393ded2ab9a","","","2",""
"acdc_entire_test","annotated_prediction","ACDC","ACDC_ENTIRE","mixed","acdc_entire_test/entire_visual_results/GOPR0356_frame_000476_rgb_anon.jpg","","withheld_acdc_redistribution_restriction","ACDC research-use licence: image redistribution prohibited","308865","dee44416f68067845a03278682dd9f2cc7b0119cf17a2c8552ff5ee29b29bb09","","","1",""
"acdc_entire_test","annotated_prediction","ACDC","ACDC_ENTIRE","mixed","acdc_entire_test/entire_visual_results/GOPR0356_frame_000479_rgb_anon.jpg","","withheld_acdc_redistribution_restriction","ACDC research-use licence: image redistribution prohibited","303023","08e596e60a660e39d152f34a89972f337c46c183c5f394e2449ed6ff5572e1c9","","","1",""
"acdc_entire_test","annotated_prediction","ACDC","ACDC_ENTIRE","mixed","acdc_entire_test/entire_visual_results/GOPR0356_frame_000482_rgb_anon.jpg","","withheld_acdc_redistribution_restriction","ACDC research-use licence: image redistribution prohibited","371249","549f734753be6556e2f1369775235e94bb07bead5797974df00db174d0a84d6d","","","2",""
"acdc_entire_test","annotated_prediction","ACDC","ACDC_ENTIRE","mixed","acdc_entire_test/entire_visual_results/GOPR0356_frame_000485_rgb_anon.jpg","","withheld_acdc_redistribution_restriction","ACDC research-use licence: image redistribution prohibited","419161","a4056a92ce88e84da1570e8195ffc57479b495cacd597891376ea72d2fa6fa1f","","","3",""
"acdc_entire_test","annotated_prediction","ACDC","ACDC_ENTIRE","mixed","acdc_entire_test/entire_visual_results/GOPR0356_frame_000488_rgb_anon.jpg","","withheld_acdc_redistribution_restriction","ACDC research-use licence: image redistribution prohibited","350112","067db71531d918de7b11389befbe5986629d3ef304399997ccdea904d571bded","","","1",""
"acdc_entire_test","annotated_prediction","ACDC","ACDC_ENTIRE","mixed","acdc_entire_test/entire_visual_results/GOPR0400_frame_000058_rgb_anon.jpg","","withheld_acdc_redistribution_restriction","ACDC research-use licence: image redistribution prohibited","487904","21e95b68cd92cc09fe0dd33395348a823689dd531dcd2dd0f256e67d09ac4864","","","1",""
"acdc_entire_test","annotated_prediction","ACDC","ACDC_ENTIRE","mixed","acdc_entire_test/entire_visual_results/GOPR0400_frame_000087_rgb_anon.jpg","","withheld_acdc_redistribution_restriction","ACDC research-use licence: image redistribution prohibited","429378","f18ef316a01d3da9779450281c068295751839b5b8739b3eaf66276a96260dab","","","1",""
"acdc_entire_test","annotated_prediction","ACDC","ACDC_ENTIRE","mixed","acdc_entire_test/entire_visual_results/GOPR0400_frame_000094_rgb_anon.jpg","","withheld_acdc_redistribution_restriction","ACDC research-use licence: image redistribution prohibited","444188","9ded1ed5e4659008f5edd44448aac094b0e2b2ffefcc77087f6efc38e07cfaeb","","","1",""
"acdc_entire_test","annotated_prediction","ACDC","ACDC_ENTIRE","mixed","acdc_entire_test/entire_visual_results/GOPR0400_frame_000107_rgb_anon.jpg","","withheld_acdc_redistribution_restriction","ACDC research-use licence: image redistribution prohibited","467543","baa11a1244a8457492f4ceddfdd7fc9f878382712ad98828f0ce82965791b331","","","1",""
"acdc_entire_test","annotated_prediction","ACDC","ACDC_ENTIRE","mixed","acdc_entire_test/entire_visual_results/GOPR0400_frame_000114_rgb_anon.jpg","","withheld_acdc_redistribution_restriction","ACDC research-use licence: image redistribution prohibited","496535","ed2b30e4731f5fac9e58bd15115318daf8659d92dfcb96018c85e65d05925d4d","","","1",""
"acdc_entire_test","annotated_prediction","ACDC","ACDC_ENTIRE","mixed","acdc_entire_test/entire_visual_results/GOPR0400_frame_000125_rgb_anon.jpg","","withheld_acdc_redistribution_restriction","ACDC research-use licence: image redistribution prohibited","467981","9c4340d8ae226491e34566885350148ed4c7a8223c06e2c660cfc1e7c3084b2f","","","1",""
"acdc_entire_test","annotated_prediction","ACDC","ACDC_ENTIRE","mixed","acdc_entire_test/entire_visual_results/GOPR0400_frame_000150_rgb_anon.jpg","","withheld_acdc_redistribution_restriction","ACDC research-use licence: image redistribution prohibited","486876","376e893896a05f5efd8a3d1006ac76f6cade8e27d858d94ab3aaa44c7ff002a5","","","1",""
"acdc_entire_test","annotated_prediction","ACDC","ACDC_ENTIRE","mixed","acdc_entire_test/entire_visual_results/GOPR0402_frame_000120_rgb_anon.jpg","","withheld_acdc_redistribution_restriction","ACDC research-use licence: image redistribution prohibited","500787","bedae61d8dee5e1552454f1fb03801bcfb8645cc31734f8bc255c7998b086a1f","","","1",""
"acdc_entire_test","annotated_prediction","ACDC","ACDC_ENTIRE","mixed","acdc_entire_test/entire_visual_results/GOPR0402_frame_000134_rgb_anon.jpg","","withheld_acdc_redistribution_restriction","ACDC research-use licence: image redistribution prohibited","572402","3b97b0b7393db14b56cf554f8f1084e62f830cf880fea607dd50d6af8c9e8d3d","","","1",""
"acdc_entire_test","annotated_prediction","ACDC","ACDC_ENTIRE","mixed","acdc_entire_test/entire_visual_results/GOPR0402_frame_000154_rgb_anon.jpg","","withheld_acdc_redistribution_restriction","ACDC research-use licence: image redistribution prohibited","424250","3247d607afe51f253ed0a7ff9e2d51148dc84c06d30b507b150d5b6ccfdd663e","","","1",""
"acdc_entire_test","annotated_prediction","ACDC","ACDC_ENTIRE","mixed","acdc_entire_test/entire_visual_results/GOPR0402_frame_000186_rgb_anon.jpg","","withheld_acdc_redistribution_restriction","ACDC research-use licence: image redistribution prohibited","450067","922f11de86572803ef555573c928e6f469422028c195c6b91a5e83b605dea4fe","","","1",""
"acdc_entire_test","annotated_prediction","ACDC","ACDC_ENTIRE","mixed","acdc_entire_test/entire_visual_results/GOPR0402_frame_000194_rgb_anon.jpg","","withheld_acdc_redistribution_restriction","ACDC research-use licence: image redistribution prohibited","592928","32c532160c214a81f07bf30052d8e4e7d74cbfea8f0281d5c358380c1291fcc0","","","1",""
"acdc_entire_test","annotated_prediction","ACDC","ACDC_ENTIRE","mixed","acdc_entire_test/entire_visual_results/GOPR0402_frame_000214_rgb_anon.jpg","","withheld_acdc_redistribution_restriction","ACDC research-use licence: image redistribution prohibited","590928","1cd8be8cf3b6dcc466afae54f92d865833552262aafe8f6049859b565f5f64f7","","","1",""
"acdc_entire_test","annotated_prediction","ACDC","ACDC_ENTIRE","mixed","acdc_entire_test/entire_visual_results/GOPR0402_frame_000234_rgb_anon.jpg","","withheld_acdc_redistribution_restriction","ACDC research-use licence: image redistribution prohibited","574395","d84523f74c8871f5f293c2ece1fbeb13812fa7386f81647637676a49e259960c","","","1",""
"acdc_entire_test","annotated_prediction","ACDC","ACDC_ENTIRE","mixed","acdc_entire_test/entire_visual_results/GOPR0402_frame_000254_rgb_anon.jpg","","withheld_acdc_redistribution_restriction","ACDC research-use licence: image redistribution prohibited","748757","a35dc3af629bb2e2c269005074ebaf65f34a09eb95d2c2c754e907fb0cd1f3bd","","","1",""
"acdc_entire_test","annotated_prediction","ACDC","ACDC_ENTIRE","mixed","acdc_entire_test/entire_visual_results/GOPR0402_frame_000294_rgb_anon.jpg","","withheld_acdc_redistribution_restriction","ACDC research-use licence: image redistribution prohibited","591347","0302d371a0b2253de0c72ace7127f76dc52db48fb5d5a32e3e1687a945dc4d97","","","1",""
"acdc_entire_test","annotated_prediction","ACDC","ACDC_ENTIRE","mixed","acdc_entire_test/entire_visual_results/GOPR0402_frame_000304_rgb_anon.jpg","","withheld_acdc_redistribution_restriction","ACDC research-use licence: image redistribution prohibited","580020","79d7c430b5a69eff7f44671e4a5a16a9e2987611e6e109a186cd0050a67eccfd","","","1",""
"acdc_entire_test","annotated_prediction","ACDC","ACDC_ENTIRE","mixed","acdc_entire_test/entire_visual_results/GOPR0402_frame_000315_rgb_anon.jpg","","withheld_acdc_redistribution_restriction","ACDC research-use licence: image redistribution prohibited","547990","e19cddb4bed984f66f5eb1d481e85d22470a70befc4873e5a4c385ca9084a6d6","","","1",""
"acdc_entire_test","annotated_prediction","ACDC","ACDC_ENTIRE","mixed","acdc_entire_test/entire_visual_results/GOPR0402_frame_000320_rgb_anon.jpg","","withheld_acdc_redistribution_restriction","ACDC research-use licence: image redistribution prohibited","620659","5216dd1013f8cfee9a19a74cca8d3089868495ef0e519a4101b5f8d3db860aeb","","","1",""
"acdc_entire_test","annotated_prediction","ACDC","ACDC_ENTIRE","mixed","acdc_entire_test/entire_visual_results/GOPR0402_frame_000331_rgb_anon.jpg","","withheld_acdc_redistribution_restriction","ACDC research-use licence: image redistribution prohibited","549533","d6be38aec837f48d5febacf3a593b5fbf665c8ac41142d4794f54c5fc16fda2d","","","1",""
"acdc_entire_test","annotated_prediction","ACDC","ACDC_ENTIRE","mixed","acdc_entire_test/entire_visual_results/GOPR0402_frame_000336_rgb_anon.jpg","","withheld_acdc_redistribution_restriction","ACDC research-use licence: image redistribution prohibited","466734","a202cfd0522d1f3d22099ec96f92649ea2f735a6577a46175ea2abe2db632a0e","","","1",""
"acdc_entire_test","annotated_prediction","ACDC","ACDC_ENTIRE","mixed","acdc_entire_test/entire_visual_results/GOPR0402_frame_000351_rgb_anon.jpg","","withheld_acdc_redistribution_restriction","ACDC research-use licence: image redistribution prohibited","474574","6678593964f62c31b21652d7aa32eecf05bd74184bf450f3c119e3af9e3d2180","","","1",""
"acdc_entire_test","annotated_prediction","ACDC","ACDC_ENTIRE","mixed","acdc_entire_test/entire_visual_results/GOPR0402_frame_000365_rgb_anon.jpg","","withheld_acdc_redistribution_restriction","ACDC research-use licence: image redistribution prohibited","543451","46be746a2574dab10b405f300af89d1d1b88bc583005f604bdd9c8ea502f874d","","","1",""
"acdc_entire_test","annotated_prediction","ACDC","ACDC_ENTIRE","mixed","acdc_entire_test/entire_visual_results/GOPR0402_frame_000369_rgb_anon.jpg","","withheld_acdc_redistribution_restriction","ACDC research-use licence: image redistribution prohibited","540896","fa69b584c8df8926a60e3ffdd9e0f374d7efb76f9ef61940e642e46e74efde08","","","1",""
"acdc_entire_test","annotated_prediction","ACDC","ACDC_ENTIRE","mixed","acdc_entire_test/entire_visual_results/GOPR0402_frame_000384_rgb_anon.jpg","","withheld_acdc_redistribution_restriction","ACDC research-use licence: image redistribution prohibited","586967","32b422bcb43821aee127599e14ab7f6e11d001df49d3c1ddbcb5729d1feeab9f","","","1",""
"acdc_entire_test","annotated_prediction","ACDC","ACDC_ENTIRE","mixed","acdc_entire_test/entire_visual_results/GOPR0402_frame_000402_rgb_anon.jpg","","withheld_acdc_redistribution_restriction","ACDC research-use licence: image redistribution prohibited","577929","1254152265c8a269e1d60e998ce49e0f371a88cd98a6131457a54d48e8c55c19","","","1",""
"acdc_entire_test","annotated_prediction","ACDC","ACDC_ENTIRE","mixed","acdc_entire_test/entire_visual_results/GOPR0402_frame_000408_rgb_anon.jpg","","withheld_acdc_redistribution_restriction","ACDC research-use licence: image redistribution prohibited","503209","ccf64fa55a77225e5ff21979b6ce79e930049b530603624880638b089f4fb57b","","","1",""
"acdc_entire_test","annotated_prediction","ACDC","ACDC_ENTIRE","mixed","acdc_entire_test/entire_visual_results/GOPR0402_frame_000424_rgb_anon.jpg","","withheld_acdc_redistribution_restriction","ACDC research-use licence: image redistribution prohibited","390827","403b9eb3acc8a1398b692fc80648e8591b834e530be8209145ca98c8bf44dd30","","","1",""
"acdc_entire_test","annotated_prediction","ACDC","ACDC_ENTIRE","mixed","acdc_entire_test/entire_visual_results/GOPR0402_frame_000429_rgb_anon.jpg","","withheld_acdc_redistribution_restriction","ACDC research-use licence: image redistribution prohibited","491511","7d56170c2b24d343b56f9281c92ba35adb75daa2685bdcc34ac6e1f9d930121b","","","1",""
"acdc_entire_test","annotated_prediction","ACDC","ACDC_ENTIRE","mixed","acdc_entire_test/entire_visual_results/GOPR0402_frame_000435_rgb_anon.jpg","","withheld_acdc_redistribution_restriction","ACDC research-use licence: image redistribution prohibited","595851","05f3cac83e2161850b32678a52e45a73ae998bc7796ac6192b01c45d6ed5a760","","","1",""
"acdc_entire_test","annotated_prediction","ACDC","ACDC_ENTIRE","mixed","acdc_entire_test/entire_visual_results/GOPR0402_frame_000441_rgb_anon.jpg","","withheld_acdc_redistribution_restriction","ACDC research-use licence: image redistribution prohibited","560129","4fa7e366bebf640793ec4901fb786507452b01a85a8b1953a83eda38c5409453","","","1",""
"acdc_entire_test","annotated_prediction","ACDC","ACDC_ENTIRE","mixed","acdc_entire_test/entire_visual_results/GOPR0402_frame_000457_rgb_anon.jpg","","withheld_acdc_redistribution_restriction","ACDC research-use licence: image redistribution prohibited","582215","76d9ec5249f0dfc327d39659aab9c7b97ae169a43d6cfb820c20091f373fffc1","","","1",""
"acdc_entire_test","annotated_prediction","ACDC","ACDC_ENTIRE","mixed","acdc_entire_test/entire_visual_results/GOPR0402_frame_000741_rgb_anon.jpg","","withheld_acdc_redistribution_restriction","ACDC research-use licence: image redistribution prohibited","509645","06c549a8cfc64572f25a0bc48a2b96575f80ce6815f0d117f78447bb3d041862","","","1",""
"acdc_entire_test","annotated_prediction","ACDC","ACDC_ENTIRE","mixed","acdc_entire_test/entire_visual_results/GOPR0402_frame_000748_rgb_anon.jpg","","withheld_acdc_redistribution_restriction","ACDC research-use licence: image redistribution prohibited","530337","6148cc92d7b47afa4e67a290602f22bc66b5a2e54ca07b8f5b9237bcc405b738","","","1",""
"acdc_entire_test","annotated_prediction","ACDC","ACDC_ENTIRE","mixed","acdc_entire_test/entire_visual_results/GOPR0402_frame_000755_rgb_anon.jpg","","withheld_acdc_redistribution_restriction","ACDC research-use licence: image redistribution prohibited","530212","23f77b480888cde1dc4e9d1d218f42fb09455aec0e27394da2d511b41c0bab75","","","1",""
"acdc_entire_test","annotated_prediction","ACDC","ACDC_ENTIRE","mixed","acdc_entire_test/entire_visual_results/GOPR0402_frame_000761_rgb_anon.jpg","","withheld_acdc_redistribution_restriction","ACDC research-use licence: image redistribution prohibited","551450","2ee62c9e28d00ee9d557f802a651df20e335837dcbb9decc161b936561adad70","","","1",""
"acdc_entire_test","annotated_prediction","ACDC","ACDC_ENTIRE","mixed","acdc_entire_test/entire_visual_results/GOPR0476_frame_000761_rgb_anon.jpg","","withheld_acdc_redistribution_restriction","ACDC research-use licence: image redistribution prohibited","370999","0e8c47f0d2943258c297ead85fd3bdc7337b217b53585d8fca4b19c493c83d83","","","1",""
"acdc_entire_test","annotated_prediction","ACDC","ACDC_ENTIRE","mixed","acdc_entire_test/entire_visual_results/GOPR0476_frame_000769_rgb_anon.jpg","","withheld_acdc_redistribution_restriction","ACDC research-use licence: image redistribution prohibited","396289","c65d475b159d4daf0c9f633ae785af78b9a901c2a7212a712d61274f6f86db0e","","","1",""
"acdc_entire_test","annotated_prediction","ACDC","ACDC_ENTIRE","mixed","acdc_entire_test/entire_visual_results/GOPR0476_frame_000775_rgb_anon.jpg","","withheld_acdc_redistribution_restriction","ACDC research-use licence: image redistribution prohibited","413904","85f313d81f466184bd017906ee991cc55583a3b4f60f52552c703d746c298649","","","1",""
"acdc_entire_test","annotated_prediction","ACDC","ACDC_ENTIRE","mixed","acdc_entire_test/entire_visual_results/GOPR0476_frame_000781_rgb_anon.jpg","","withheld_acdc_redistribution_restriction","ACDC research-use licence: image redistribution prohibited","403155","83d96f9e0b0fe862ccb858e736a8b2a10188fd2262df69138da8f4959a745175","","","1",""
"acdc_entire_test","annotated_prediction","ACDC","ACDC_ENTIRE","mixed","acdc_entire_test/entire_visual_results/GOPR0476_frame_000788_rgb_anon.jpg","","withheld_acdc_redistribution_restriction","ACDC research-use licence: image redistribution prohibited","483028","d7851b7c1af722a5f32089b523a2f88b6aba7e5403b055fd0d44c8db16042386","","","1",""
"acdc_entire_test","annotated_prediction","ACDC","ACDC_ENTIRE","mixed","acdc_entire_test/entire_visual_results/GOPR0476_frame_000798_rgb_anon.jpg","","withheld_acdc_redistribution_restriction","ACDC research-use licence: image redistribution prohibited","353337","b0d782dac466a915552250c2d6d3c4ed9b153a5b4d28217113a90aa2604e04c1","","","1",""
"acdc_entire_test","annotated_prediction","ACDC","ACDC_ENTIRE","mixed","acdc_entire_test/entire_visual_results/GOPR0476_frame_000826_rgb_anon.jpg","","withheld_acdc_redistribution_restriction","ACDC research-use licence: image redistribution prohibited","479244","50ef67650579d7363a996b6d5f9446b8e623cc59f5865d491d15db6b1bf859af","","","1",""
"acdc_entire_test","annotated_prediction","ACDC","ACDC_ENTIRE","mixed","acdc_entire_test/entire_visual_results/GOPR0476_frame_000834_rgb_anon.jpg","","withheld_acdc_redistribution_restriction","ACDC research-use licence: image redistribution prohibited","519812","72c75e98938cd93975ab2bf5a674acc7ccaec342aa4c95b47b6df437d5aef35f","","","1",""
"acdc_entire_test","annotated_prediction","ACDC","ACDC_ENTIRE","mixed","acdc_entire_test/entire_visual_results/GOPR0476_frame_000840_rgb_anon.jpg","","withheld_acdc_redistribution_restriction","ACDC research-use licence: image redistribution prohibited","473158","3cdf31b3771d46bd2417f1d0f1ce1c7c6420a0acc0ad1d77b886a5049474207a","","","1",""
"acdc_entire_test","annotated_prediction","ACDC","ACDC_ENTIRE","mixed","acdc_entire_test/entire_visual_results/GOPR0476_frame_000845_rgb_anon.jpg","","withheld_acdc_redistribution_restriction","ACDC research-use licence: image redistribution prohibited","474161","ac354377ca17705cf258b53153eeea589d1450adc8b7cac8532cf79a39914814","","","1",""
"acdc_entire_test","annotated_prediction","ACDC","ACDC_ENTIRE","mixed","acdc_entire_test/entire_visual_results/GOPR0476_frame_000850_rgb_anon.jpg","","withheld_acdc_redistribution_restriction","ACDC research-use licence: image redistribution prohibited","447387","664e327acd4e5d24f522c99aedc8fe0f52108f32124e577cbf3290817baa8826","","","1",""
"acdc_entire_test","annotated_prediction","ACDC","ACDC_ENTIRE","mixed","acdc_entire_test/entire_visual_results/GOPR0476_frame_000854_rgb_anon.jpg","","withheld_acdc_redistribution_restriction","ACDC research-use licence: image redistribution prohibited","478146","99c58316c96dda62469701dd37ab4c9fd3767bb353b0224192d2b61e5fc9f2bf","","","1",""
"acdc_entire_test","annotated_prediction","ACDC","ACDC_ENTIRE","mixed","acdc_entire_test/entire_visual_results/GOPR0476_frame_000859_rgb_anon.jpg","","withheld_acdc_redistribution_restriction","ACDC research-use licence: image redistribution prohibited","488358","1a593c7e4a86386d971c855b55df8d2bc2a4377d0a9710f52b22d9e4e865fcc6","","","1",""
"acdc_entire_test","annotated_prediction","ACDC","ACDC_ENTIRE","mixed","acdc_entire_test/entire_visual_results/GOPR0476_frame_000864_rgb_anon.jpg","","withheld_acdc_redistribution_restriction","ACDC research-use licence: image redistribution prohibited","513257","7450e2f310357374b7855baabae9177068d0f91df96ab170f45a07902618ebab","","","1",""
"acdc_entire_test","annotated_prediction","ACDC","ACDC_ENTIRE","mixed","acdc_entire_test/entire_visual_results/GOPR0476_frame_000869_rgb_anon.jpg","","withheld_acdc_redistribution_restriction","ACDC research-use licence: image redistribution prohibited","446159","1be6e0941869991ba072a8f18e012682f492e5ea66f6ac1cba240d42fed5e63f","","","1",""
"acdc_entire_test","annotated_prediction","ACDC","ACDC_ENTIRE","mixed","acdc_entire_test/entire_visual_results/GOPR0476_frame_000874_rgb_anon.jpg","","withheld_acdc_redistribution_restriction","ACDC research-use licence: image redistribution prohibited","406608","e19612907bc3cae3823cb20a9bcc6407721e19f371d0b1b957fe53c60aa3808d","","","1",""
"acdc_entire_test","annotated_prediction","ACDC","ACDC_ENTIRE","mixed","acdc_entire_test/entire_visual_results/GOPR0476_frame_000879_rgb_anon.jpg","","withheld_acdc_redistribution_restriction","ACDC research-use licence: image redistribution prohibited","469643","7c74898e592762a7b3d7c50ea0f36a3e0dac6bf385dd960baef1de48c03f8b6c","","","1",""
"acdc_entire_test","annotated_prediction","ACDC","ACDC_ENTIRE","mixed","acdc_entire_test/entire_visual_results/GOPR0476_frame_000884_rgb_anon.jpg","","withheld_acdc_redistribution_restriction","ACDC research-use licence: image redistribution prohibited","506480","935c6f503b8d90519c63e2cad8515fbbacfe7c5c3a0a8cd853b11ce341e86b86","","","1",""
"acdc_entire_test","annotated_prediction","ACDC","ACDC_ENTIRE","mixed","acdc_entire_test/entire_visual_results/GOPR0476_frame_000889_rgb_anon.jpg","","withheld_acdc_redistribution_restriction","ACDC research-use licence: image redistribution prohibited","480559","a948036394712675a5bfdd34d730a114195b20fe7a1d98fafce38f8d49b48daa","","","1",""
"acdc_entire_test","annotated_prediction","ACDC","ACDC_ENTIRE","mixed","acdc_entire_test/entire_visual_results/GOPR0476_frame_000894_rgb_anon.jpg","","withheld_acdc_redistribution_restriction","ACDC research-use licence: image redistribution prohibited","564173","87db3371e90dd4da985d0011c4fbf23f085510db30fd94c56d793a0bce547a3a","","","1",""
"acdc_entire_test","annotated_prediction","ACDC","ACDC_ENTIRE","mixed","acdc_entire_test/entire_visual_results/GOPR0476_frame_000899_rgb_anon.jpg","","withheld_acdc_redistribution_restriction","ACDC research-use licence: image redistribution prohibited","557714","831ba2f270a975e8aec468fcd71e1e68a2caa8658dd27a3e053ec8fde5846dea","","","1",""
"acdc_entire_test","annotated_prediction","ACDC","ACDC_ENTIRE","mixed","acdc_entire_test/entire_visual_results/GOPR0476_frame_000904_rgb_anon.jpg","","withheld_acdc_redistribution_restriction","ACDC research-use licence: image redistribution prohibited","636196","65f6e83776f41c925462deb56c5ead8631378057bc5db8dcf117c113328bc558","","","1",""
"acdc_entire_test","annotated_prediction","ACDC","ACDC_ENTIRE","mixed","acdc_entire_test/entire_visual_results/GOPR0476_frame_000910_rgb_anon.jpg","","withheld_acdc_redistribution_restriction","ACDC research-use licence: image redistribution prohibited","478907","80c886ccf026e061fdfbbb160c571691ba3ab122e9ca3977bd9b8380ff18edc4","","","1",""
"acdc_entire_test","annotated_prediction","ACDC","ACDC_ENTIRE","mixed","acdc_entire_test/entire_visual_results/GOPR0476_frame_000916_rgb_anon.jpg","","withheld_acdc_redistribution_restriction","ACDC research-use licence: image redistribution prohibited","597429","879d2a3e6c0424c467beb42ac6039b737e592864e497159d34696549e0a39d5e","","","1",""
"acdc_entire_test","annotated_prediction","ACDC","ACDC_ENTIRE","mixed","acdc_entire_test/entire_visual_results/GOPR0476_frame_000921_rgb_anon.jpg","","withheld_acdc_redistribution_restriction","ACDC research-use licence: image redistribution prohibited","438227","a7b19e876ea7dbe036a5a1de74eb1599ef7c2687c483edefdd0e04abcc38f7ea","","","1",""
"acdc_entire_test","annotated_prediction","ACDC","ACDC_ENTIRE","mixed","acdc_entire_test/entire_visual_results/GOPR0476_frame_000926_rgb_anon.jpg","","withheld_acdc_redistribution_restriction","ACDC research-use licence: image redistribution prohibited","489172","9ee001fdd301651737a749749a543dd754b93db08bdd7a374dbec36b27f908ec","","","1",""
"acdc_entire_test","annotated_prediction","ACDC","ACDC_ENTIRE","mixed","acdc_entire_test/entire_visual_results/GOPR0476_frame_000931_rgb_anon.jpg","","withheld_acdc_redistribution_restriction","ACDC research-use licence: image redistribution prohibited","422711","8f848473c616bf489a4cc71f904200005e2517a1f641b4b5a4bd015b539ef693","","","1",""
"acdc_entire_test","annotated_prediction","ACDC","ACDC_ENTIRE","mixed","acdc_entire_test/entire_visual_results/GOPR0476_frame_000935_rgb_anon.jpg","","withheld_acdc_redistribution_restriction","ACDC research-use licence: image redistribution prohibited","394158","a193d984839890c3e197fda44062b1baaad27c828512d15a7c094c437423488d","","","1",""
"acdc_entire_test","annotated_prediction","ACDC","ACDC_ENTIRE","mixed","acdc_entire_test/entire_visual_results/GOPR0476_frame_000940_rgb_anon.jpg","","withheld_acdc_redistribution_restriction","ACDC research-use licence: image redistribution prohibited","422351","68db004a39dde6a63477519cf7291fb979be81bb68324091038a315d2c85e89d","","","1",""
"acdc_entire_test","annotated_prediction","ACDC","ACDC_ENTIRE","mixed","acdc_entire_test/entire_visual_results/GOPR0476_frame_000944_rgb_anon.jpg","","withheld_acdc_redistribution_restriction","ACDC research-use licence: image redistribution prohibited","427805","ab63bfbd74ed9f46c2a65cdf4eb155fc14d0ee47fcfddfcc1647593e5c8d8f16","","","1",""
"acdc_entire_test","annotated_prediction","ACDC","ACDC_ENTIRE","mixed","acdc_entire_test/entire_visual_results/GOPR0476_frame_000948_rgb_anon.jpg","","withheld_acdc_redistribution_restriction","ACDC research-use licence: image redistribution prohibited","419243","9c280976186be0f2a4119693e7ae1c1e600928ca51439ab09382f278a4398d13","","","1",""
"acdc_entire_test","annotated_prediction","ACDC","ACDC_ENTIRE","mixed","acdc_entire_test/entire_visual_results/GOPR0476_frame_000952_rgb_anon.jpg","","withheld_acdc_redistribution_restriction","ACDC research-use licence: image redistribution prohibited","548818","ac2fe650218c22ee8564125b85d14555befd1b314f9e316f052362d4fb328d82","","","1",""
"acdc_fog_test","annotated_prediction","ACDC","ACDC_FOG","fog","acdc_fog_test/final_results/GOPR0476_frame_000761_rgb_anon.jpg","","withheld_acdc_redistribution_restriction","ACDC research-use licence: image redistribution prohibited","370492","470ac52f0b431efde64ed0ade3f5df37c21704d412223b969a34672ca7b3ab2f","","","2",""
"acdc_fog_test","annotated_prediction","ACDC","ACDC_FOG","fog","acdc_fog_test/final_results/GOPR0476_frame_000769_rgb_anon.jpg","","withheld_acdc_redistribution_restriction","ACDC research-use licence: image redistribution prohibited","394394","bca68a8c8c4d1698b0de03d089466368bf5f3053d0885bbf7679f9feb120961f","","","2",""
"acdc_fog_test","annotated_prediction","ACDC","ACDC_FOG","fog","acdc_fog_test/final_results/GOPR0476_frame_000775_rgb_anon.jpg","","withheld_acdc_redistribution_restriction","ACDC research-use licence: image redistribution prohibited","412612","f69591fe5222d9b4cf55ca2442dbb187b06ebb9b8d04a291a3cd5126ee286df2","","","2",""
"acdc_fog_test","annotated_prediction","ACDC","ACDC_FOG","fog","acdc_fog_test/final_results/GOPR0476_frame_000781_rgb_anon.jpg","","withheld_acdc_redistribution_restriction","ACDC research-use licence: image redistribution prohibited","399103","5171d61245d3d219eb00a6775c258b6a70a209f22cb4dec087a36a816c2fde6a","","","2",""
"acdc_fog_test","annotated_prediction","ACDC","ACDC_FOG","fog","acdc_fog_test/final_results/GOPR0476_frame_000788_rgb_anon.jpg","","withheld_acdc_redistribution_restriction","ACDC research-use licence: image redistribution prohibited","475620","2d08ed8eca848df2a08d175f3052235add345e69088be913a371dd380acea507","","","2",""
"acdc_fog_test","annotated_prediction","ACDC","ACDC_FOG","fog","acdc_fog_test/final_results/GOPR0476_frame_000798_rgb_anon.jpg","","withheld_acdc_redistribution_restriction","ACDC research-use licence: image redistribution prohibited","355469","4b146c85f677ee1208ddcfabd0f34acc215ebf7451c40b60ee4ef26a3278e25e","","","2",""
"acdc_fog_test","annotated_prediction","ACDC","ACDC_FOG","fog","acdc_fog_test/final_results/GOPR0476_frame_000826_rgb_anon.jpg","","withheld_acdc_redistribution_restriction","ACDC research-use licence: image redistribution prohibited","479426","ca7d44a96a29172169ad0da550102e5f75c571c315feab66de9cadb1c1a35dcd","","","2",""
"acdc_fog_test","annotated_prediction","ACDC","ACDC_FOG","fog","acdc_fog_test/final_results/GOPR0476_frame_000834_rgb_anon.jpg","","withheld_acdc_redistribution_restriction","ACDC research-use licence: image redistribution prohibited","519955","9262d35680504e843214713f8f5fca952b1c3bf4d53c6b98b7a7a16b44fdc310","","","2",""
"acdc_fog_test","annotated_prediction","ACDC","ACDC_FOG","fog","acdc_fog_test/final_results/GOPR0476_frame_000840_rgb_anon.jpg","","withheld_acdc_redistribution_restriction","ACDC research-use licence: image redistribution prohibited","491279","7b9a3d0bbe4e9683a02fd1b35fe4cb05f446bb5bac4261745cc177e80f5aa3d1","","","2",""
"acdc_fog_test","annotated_prediction","ACDC","ACDC_FOG","fog","acdc_fog_test/final_results/GOPR0476_frame_000845_rgb_anon.jpg","","withheld_acdc_redistribution_restriction","ACDC research-use licence: image redistribution prohibited","473128","7a84a2c57aa6aff597512c4471d95acc040e6d350c1bea29a589008670b7ba08","","","2",""
"acdc_fog_test","annotated_prediction","ACDC","ACDC_FOG","fog","acdc_fog_test/final_results/GOPR0476_frame_000850_rgb_anon.jpg","","withheld_acdc_redistribution_restriction","ACDC research-use licence: image redistribution prohibited","448683","d2ba0005ff24d0dce692f025bcb1d8e9ed5cb2f9734957216b1826797592d4ae","","","2",""
"acdc_fog_test","annotated_prediction","ACDC","ACDC_FOG","fog","acdc_fog_test/final_results/GOPR0476_frame_000854_rgb_anon.jpg","","withheld_acdc_redistribution_restriction","ACDC research-use licence: image redistribution prohibited","483476","7a7a77791ef7df9ae5571656f2a216219dd8746621dbe11a3fd10fc2b6d225d0","","","2",""
"acdc_fog_test","annotated_prediction","ACDC","ACDC_FOG","fog","acdc_fog_test/final_results/GOPR0476_frame_000859_rgb_anon.jpg","","withheld_acdc_redistribution_restriction","ACDC research-use licence: image redistribution prohibited","483663","a865bae1c889d55de535ffa96ae1ac0ae12645cef92691a07b8d7014c5dea4e6","","","2",""
"acdc_fog_test","annotated_prediction","ACDC","ACDC_FOG","fog","acdc_fog_test/final_results/GOPR0476_frame_000864_rgb_anon.jpg","","withheld_acdc_redistribution_restriction","ACDC research-use licence: image redistribution prohibited","510754","27d2323d4682fab20d577ae5abde4bc7bbc4b2122f280529ca220df5ac259f84","","","2",""
"acdc_fog_test","annotated_prediction","ACDC","ACDC_FOG","fog","acdc_fog_test/final_results/GOPR0476_frame_000869_rgb_anon.jpg","","withheld_acdc_redistribution_restriction","ACDC research-use licence: image redistribution prohibited","446383","9b08ea5da39f375293f045c466eba46530be0086f768fa95047dd751b5cae8b4","","","2",""
"acdc_fog_test","annotated_prediction","ACDC","ACDC_FOG","fog","acdc_fog_test/final_results/GOPR0476_frame_000874_rgb_anon.jpg","","withheld_acdc_redistribution_restriction","ACDC research-use licence: image redistribution prohibited","406706","860864e05e9267fdacb0d4479a7d32d9632f36b4d2983c410abcbe08335db5c2","","","2",""
"acdc_fog_test","annotated_prediction","ACDC","ACDC_FOG","fog","acdc_fog_test/final_results/GOPR0476_frame_000879_rgb_anon.jpg","","withheld_acdc_redistribution_restriction","ACDC research-use licence: image redistribution prohibited","468494","4e28b418b95a0742654db37563ba4ec8f9d47d09c3cd2449428d66231b8adaca","","","2",""
"acdc_fog_test","annotated_prediction","ACDC","ACDC_FOG","fog","acdc_fog_test/final_results/GOPR0476_frame_000884_rgb_anon.jpg","","withheld_acdc_redistribution_restriction","ACDC research-use licence: image redistribution prohibited","510360","c762eb518ead54fbc955b789a5792df74121748ce9173c391e35b8a855bd03a9","","","2",""
"acdc_fog_test","annotated_prediction","ACDC","ACDC_FOG","fog","acdc_fog_test/final_results/GOPR0476_frame_000889_rgb_anon.jpg","","withheld_acdc_redistribution_restriction","ACDC research-use licence: image redistribution prohibited","481995","7a1dff32bf3ddd3c1f859923b105d908d0f8ff83f5c3483c8129070b85543cbf","","","2",""
"acdc_fog_test","annotated_prediction","ACDC","ACDC_FOG","fog","acdc_fog_test/final_results/GOPR0476_frame_000894_rgb_anon.jpg","","withheld_acdc_redistribution_restriction","ACDC research-use licence: image redistribution prohibited","566745","a5a42ca7dd239d2cff02185941dd4f31a0572ee9be7204237ca3d2f01bee28ad","","","2",""
"acdc_fog_test","annotated_prediction","ACDC","ACDC_FOG","fog","acdc_fog_test/final_results/GOPR0476_frame_000899_rgb_anon.jpg","","withheld_acdc_redistribution_restriction","ACDC research-use licence: image redistribution prohibited","566357","c19a437debdfaf070d718de027b49a73d2c0b61d44829bcad20aa0dab2a3d4b4","","","2",""
"acdc_fog_test","annotated_prediction","ACDC","ACDC_FOG","fog","acdc_fog_test/final_results/GOPR0476_frame_000904_rgb_anon.jpg","","withheld_acdc_redistribution_restriction","ACDC research-use licence: image redistribution prohibited","636603","6dea8e94f3970da1b7afb7759f83f5e8a87537bf283ca867790fe8d1724c18c8","","","2",""
"acdc_fog_test","annotated_prediction","ACDC","ACDC_FOG","fog","acdc_fog_test/final_results/GOPR0476_frame_000910_rgb_anon.jpg","","withheld_acdc_redistribution_restriction","ACDC research-use licence: image redistribution prohibited","472108","1f3e5ce26fe2bc427467bf6c5a349944812ef38fbed5f9cd087ccca504a928ac","","","2",""
"acdc_fog_test","annotated_prediction","ACDC","ACDC_FOG","fog","acdc_fog_test/final_results/GOPR0476_frame_000916_rgb_anon.jpg","","withheld_acdc_redistribution_restriction","ACDC research-use licence: image redistribution prohibited","599527","8bf3f3f62b3d7e6f8eae38777c4b3ff0688ed502a2331be22d8d61adcfa84bbb","","","2",""
"acdc_fog_test","annotated_prediction","ACDC","ACDC_FOG","fog","acdc_fog_test/final_results/GOPR0476_frame_000921_rgb_anon.jpg","","withheld_acdc_redistribution_restriction","ACDC research-use licence: image redistribution prohibited","434536","9dd115224ec58112a97a722674bedb9816abaf71428866b77b74ce2aae164765","","","2",""
"acdc_fog_test","annotated_prediction","ACDC","ACDC_FOG","fog","acdc_fog_test/final_results/GOPR0476_frame_000926_rgb_anon.jpg","","withheld_acdc_redistribution_restriction","ACDC research-use licence: image redistribution prohibited","486461","8e34621f964020bd56a22c313700fb68f0a45068d73d161424466cd02d8b19df","","","2",""
"acdc_fog_test","annotated_prediction","ACDC","ACDC_FOG","fog","acdc_fog_test/final_results/GOPR0476_frame_000931_rgb_anon.jpg","","withheld_acdc_redistribution_restriction","ACDC research-use licence: image redistribution prohibited","421920","38ca2404e41c4a9b880382b09b5065e299b204e6174da1815f14df3d1bf31c5d","","","2",""
"acdc_fog_test","annotated_prediction","ACDC","ACDC_FOG","fog","acdc_fog_test/final_results/GOPR0476_frame_000935_rgb_anon.jpg","","withheld_acdc_redistribution_restriction","ACDC research-use licence: image redistribution prohibited","394563","4cfdb9a37bca97c40d7bf0c5a00947ea2fafa5fd71092bf27b16404b98245645","","","2",""
"acdc_fog_test","annotated_prediction","ACDC","ACDC_FOG","fog","acdc_fog_test/final_results/GOPR0476_frame_000940_rgb_anon.jpg","","withheld_acdc_redistribution_restriction","ACDC research-use licence: image redistribution prohibited","423497","0c833c0021944e1ef6d50022c2c56eb842c0ffa568cc637bc0a951e890075d8c","","","2",""
"acdc_fog_test","annotated_prediction","ACDC","ACDC_FOG","fog","acdc_fog_test/final_results/GOPR0476_frame_000944_rgb_anon.jpg","","withheld_acdc_redistribution_restriction","ACDC research-use licence: image redistribution prohibited","428641","83bddc5b923524c5edee1f6f709f5d8b6f0b87a51808ff25cb0da4493fa2a4e0","","","2",""
"acdc_fog_test","annotated_prediction","ACDC","ACDC_FOG","fog","acdc_fog_test/final_results/GOPR0476_frame_000948_rgb_anon.jpg","","withheld_acdc_redistribution_restriction","ACDC research-use licence: image redistribution prohibited","418059","57402fd28dbc0dd10c1005faa559e7dc3590330077148435b2ca77904f03d2a9","","","2",""
"acdc_fog_test","annotated_prediction","ACDC","ACDC_FOG","fog","acdc_fog_test/final_results/GOPR0476_frame_000952_rgb_anon.jpg","","withheld_acdc_redistribution_restriction","ACDC research-use licence: image redistribution prohibited","548781","8ae7787533eaf744d4d4b12d1fe6b098f9a8a6f393de0ed442ad5b2c57fc0538","","","2",""
"acdc_fog_test","annotated_prediction","ACDC","ACDC_FOG","fog","acdc_fog_test/final_results/GOPR0476_frame_000957_rgb_anon.jpg","","withheld_acdc_redistribution_restriction","ACDC research-use licence: image redistribution prohibited","489560","6360c9ec4440ae9907b3f6c7868fa19fcfbfca5275bd418d8c10c64663dd3c60","","","2",""
"acdc_fog_test","annotated_prediction","ACDC","ACDC_FOG","fog","acdc_fog_test/final_results/GOPR0476_frame_000962_rgb_anon.jpg","","withheld_acdc_redistribution_restriction","ACDC research-use licence: image redistribution prohibited","451847","072e48fccd6305b12918cf239b93a6758cad61b5f108fb849e0af5d403f95cea","","","2",""
"acdc_fog_test","annotated_prediction","ACDC","ACDC_FOG","fog","acdc_fog_test/final_results/GOPR0476_frame_000982_rgb_anon.jpg","","withheld_acdc_redistribution_restriction","ACDC research-use licence: image redistribution prohibited","454653","c71900d6c5c0ab23ac7daf29737c0e8888018398ff664cfd22a2302e71d9429e","","","2",""
"acdc_fog_test","annotated_prediction","ACDC","ACDC_FOG","fog","acdc_fog_test/final_results/GOPR0476_frame_001002_rgb_anon.jpg","","withheld_acdc_redistribution_restriction","ACDC research-use licence: image redistribution prohibited","473882","980ac1005eb133feceaa6c5c4e6f4ae60caf3ebc7fbe0c01931d466c7e5c8de4","","","2",""
"acdc_fog_test","annotated_prediction","ACDC","ACDC_FOG","fog","acdc_fog_test/final_results/GOPR0476_frame_001007_rgb_anon.jpg","","withheld_acdc_redistribution_restriction","ACDC research-use licence: image redistribution prohibited","522739","5f7b14d6d4fff56af53f1dff87340b7e1cb632adb043d739231c08383f1720f2","","","2",""
"acdc_fog_test","annotated_prediction","ACDC","ACDC_FOG","fog","acdc_fog_test/final_results/GOPR0476_frame_001011_rgb_anon.jpg","","withheld_acdc_redistribution_restriction","ACDC research-use licence: image redistribution prohibited","525306","78b3134f33176fab407e7da49c3ba15693dbc4655b759b7e0b9278f349b68bac","","","2",""
"acdc_fog_test","annotated_prediction","ACDC","ACDC_FOG","fog","acdc_fog_test/final_results/GOPR0476_frame_001015_rgb_anon.jpg","","withheld_acdc_redistribution_restriction","ACDC research-use licence: image redistribution prohibited","441347","361759462d095d7473e123bec9b79065bf57b16a003a298ad635aaeba87d9909","","","2",""
"acdc_fog_test","annotated_prediction","ACDC","ACDC_FOG","fog","acdc_fog_test/final_results/GOPR0476_frame_001019_rgb_anon.jpg","","withheld_acdc_redistribution_restriction","ACDC research-use licence: image redistribution prohibited","477923","5e171da4c142996ab38a444a18ce3311bf6255f8c6454a4c3349b0dbfa84995b","","","2",""
"acdc_fog_test","annotated_prediction","ACDC","ACDC_FOG","fog","acdc_fog_test/final_results/GOPR0476_frame_001024_rgb_anon.jpg","","withheld_acdc_redistribution_restriction","ACDC research-use licence: image redistribution prohibited","506111","2db364834071be48758c5ff7045084df472dca1dee367ec67377cb30452afa51","","","2",""
"acdc_fog_test","annotated_prediction","ACDC","ACDC_FOG","fog","acdc_fog_test/final_results/GOPR0476_frame_001029_rgb_anon.jpg","","withheld_acdc_redistribution_restriction","ACDC research-use licence: image redistribution prohibited","475586","fb121c24859b572f5d643780cbbf6088f37168dcf71145ff62681eada026c70a","","","2",""
"acdc_fog_test","annotated_prediction","ACDC","ACDC_FOG","fog","acdc_fog_test/final_results/GOPR0476_frame_001033_rgb_anon.jpg","","withheld_acdc_redistribution_restriction","ACDC research-use licence: image redistribution prohibited","382935","f1d5bc41f61b8dc495180bbd3a3ee3a8c871842c923c151e61b70265dad508f7","","","2",""
"acdc_fog_test","annotated_prediction","ACDC","ACDC_FOG","fog","acdc_fog_test/final_results/GOPR0476_frame_001039_rgb_anon.jpg","","withheld_acdc_redistribution_restriction","ACDC research-use licence: image redistribution prohibited","386230","b0c3f32426361327e0f61c9cd7b27f46056bfc36d5c555d2fb0f8c0fb99de1ee","","","2",""
"acdc_fog_test","annotated_prediction","ACDC","ACDC_FOG","fog","acdc_fog_test/final_results/GOPR0476_frame_001055_rgb_anon.jpg","","withheld_acdc_redistribution_restriction","ACDC research-use licence: image redistribution prohibited","493710","7731a50b2db0dd1561e02d5497d1106c635da5dded4b2e8d85a1b180d5cbbb5d","","","2",""
"acdc_fog_test","annotated_prediction","ACDC","ACDC_FOG","fog","acdc_fog_test/final_results/GOPR0476_frame_001060_rgb_anon.jpg","","withheld_acdc_redistribution_restriction","ACDC research-use licence: image redistribution prohibited","392637","4d739f24cfea9f64825007ae7bddb162a70a6f3a5ed77a5e3913cb7e35b70d4a","","","2",""
"acdc_fog_test","annotated_prediction","ACDC","ACDC_FOG","fog","acdc_fog_test/final_results/GP010476_frame_000001_rgb_anon.jpg","","withheld_acdc_redistribution_restriction","ACDC research-use licence: image redistribution prohibited","414869","8e0001184dcf0c520bfde9d00b9d22d3b60acb1224f8a8f960f1f2955281474d","","","2",""
"acdc_fog_test","annotated_prediction","ACDC","ACDC_FOG","fog","acdc_fog_test/final_results/GP010476_frame_000006_rgb_anon.jpg","","withheld_acdc_redistribution_restriction","ACDC research-use licence: image redistribution prohibited","397680","00f37e8c1e747296d75f1bd0376bfe95234b694bb18f09f01ba2ddc5cf90f235","","","2",""
"acdc_fog_test","annotated_prediction","ACDC","ACDC_FOG","fog","acdc_fog_test/final_results/GP010476_frame_000010_rgb_anon.jpg","","withheld_acdc_redistribution_restriction","ACDC research-use licence: image redistribution prohibited","407929","08b9bd9f99cb9c712a939f2cdea1fd1bb54f6bdd1fa75ac62243fe6d04e63dbe","","","2",""
"acdc_fog_test","annotated_prediction","ACDC","ACDC_FOG","fog","acdc_fog_test/final_results/GP010476_frame_000014_rgb_anon.jpg","","withheld_acdc_redistribution_restriction","ACDC research-use licence: image redistribution prohibited","444773","d767d9bd42785df8f978f55d86209ddabb3e778849f8c637d4f17d4bfa651e76","","","2",""
"acdc_fog_test","annotated_prediction","ACDC","ACDC_FOG","fog","acdc_fog_test/final_results/GP010476_frame_000018_rgb_anon.jpg","","withheld_acdc_redistribution_restriction","ACDC research-use licence: image redistribution prohibited","453092","bddb8cec7338fb4c0ada4ff8f5cb1f3d083415230592cd12fece35099ce557cf","","","2",""
"acdc_fog_test","annotated_prediction","ACDC","ACDC_FOG","fog","acdc_fog_test/final_results/GP010476_frame_000022_rgb_anon.jpg","","withheld_acdc_redistribution_restriction","ACDC research-use licence: image redistribution prohibited","472237","0f0e6f2870844fdaa105e27d87329520f1d7807503947f45d0554b7f7198b61b","","","2",""
"acdc_fog_test","annotated_prediction","ACDC","ACDC_FOG","fog","acdc_fog_test/final_results/GP010476_frame_000026_rgb_anon.jpg","","withheld_acdc_redistribution_restriction","ACDC research-use licence: image redistribution prohibited","507277","d76771822ee2670a29d643cbb06067567e317251fcb03a21cf8e5aaa3e81ec0f","","","2",""
"acdc_fog_test","annotated_prediction","ACDC","ACDC_FOG","fog","acdc_fog_test/final_results/GP010476_frame_000031_rgb_anon.jpg","","withheld_acdc_redistribution_restriction","ACDC research-use licence: image redistribution prohibited","584836","5d32211f16901a79aa86ed253bfe4c754e1ff11379721e82b9f1020197cb49b0","","","2",""
"acdc_fog_test","annotated_prediction","ACDC","ACDC_FOG","fog","acdc_fog_test/final_results/GP010476_frame_000051_rgb_anon.jpg","","withheld_acdc_redistribution_restriction","ACDC research-use licence: image redistribution prohibited","493210","edee505ecc8965e3fdb0b05f7b60bc7040b554c16152812670d0a94eef8d6e8d","","","2",""
"acdc_fog_test","annotated_prediction","ACDC","ACDC_FOG","fog","acdc_fog_test/final_results/GP010476_frame_000058_rgb_anon.jpg","","withheld_acdc_redistribution_restriction","ACDC research-use licence: image redistribution prohibited","401744","3f65ca97a780416482ab5f85e2ab8805e28b7a8c4dfbcccc638fcd17d6179c6e","","","2",""
"acdc_fog_test","annotated_prediction","ACDC","ACDC_FOG","fog","acdc_fog_test/final_results/GP010476_frame_000063_rgb_anon.jpg","","withheld_acdc_redistribution_restriction","ACDC research-use licence: image redistribution prohibited","396813","93f4e4143a70a0755a3618f39b4b955c5f24933218e76b4f8980f6a30cd45359","","","2",""
"acdc_fog_test","annotated_prediction","ACDC","ACDC_FOG","fog","acdc_fog_test/final_results/GP010476_frame_000068_rgb_anon.jpg","","withheld_acdc_redistribution_restriction","ACDC research-use licence: image redistribution prohibited","442056","972c3436e8cf1e2005da22ecf6bd0126dac07aa5207f8a85245d97171d1c2264","","","2",""
"acdc_fog_test","annotated_prediction","ACDC","ACDC_FOG","fog","acdc_fog_test/final_results/GP010476_frame_000073_rgb_anon.jpg","","withheld_acdc_redistribution_restriction","ACDC research-use licence: image redistribution prohibited","408255","3cd514b4831de143094d2212ce9290d268689871b94fe6512331c7b7a56cee14","","","2",""
"acdc_fog_test","annotated_prediction","ACDC","ACDC_FOG","fog","acdc_fog_test/final_results/GP010476_frame_000078_rgb_anon.jpg","","withheld_acdc_redistribution_restriction","ACDC research-use licence: image redistribution prohibited","443436","23b27de9b0b96aee0d4f132e6ecd0a842d43adcdbc7871c7a1f3e06589bc40b4","","","2",""
"acdc_fog_test","annotated_prediction","ACDC","ACDC_FOG","fog","acdc_fog_test/final_results/GP010476_frame_000084_rgb_anon.jpg","","withheld_acdc_redistribution_restriction","ACDC research-use licence: image redistribution prohibited","574212","3d039b392644680f7c7c47730d74115fc740ba4db334a87afec0c23d9c9f5b69","","","2",""
"acdc_fog_test","annotated_prediction","ACDC","ACDC_FOG","fog","acdc_fog_test/final_results/GP010476_frame_000095_rgb_anon.jpg","","withheld_acdc_redistribution_restriction","ACDC research-use licence: image redistribution prohibited","603893","9c180d871563264be998a922b4e7d6b7fd386cd39a2e68511e64133fa366fdce","","","2",""
"acdc_fog_test","annotated_prediction","ACDC","ACDC_FOG","fog","acdc_fog_test/final_results/GP010476_frame_000102_rgb_anon.jpg","","withheld_acdc_redistribution_restriction","ACDC research-use licence: image redistribution prohibited","461094","5d536e7d0928795985b3c159a50a101fff6513457a6d4221eff0fec4b054b0a8","","","2",""
"acdc_fog_test","annotated_prediction","ACDC","ACDC_FOG","fog","acdc_fog_test/final_results/GP010476_frame_000108_rgb_anon.jpg","","withheld_acdc_redistribution_restriction","ACDC research-use licence: image redistribution prohibited","459533","0202751b8f9efb22b61c44b9799fcd62f80d4e06c2ccceb8ddedb57285b08d02","","","2",""
"acdc_fog_test","annotated_prediction","ACDC","ACDC_FOG","fog","acdc_fog_test/final_results/GP010476_frame_000114_rgb_anon.jpg","","withheld_acdc_redistribution_restriction","ACDC research-use licence: image redistribution prohibited","588212","518a11a2d66c3cf38e397454d17a4aa32e1cef569a37d8f620d46d0c14a80e68","","","2",""
"acdc_fog_test","annotated_prediction","ACDC","ACDC_FOG","fog","acdc_fog_test/final_results/GP010476_frame_000120_rgb_anon.jpg","","withheld_acdc_redistribution_restriction","ACDC research-use licence: image redistribution prohibited","565864","28591d22f257f07fd97a354fa5922d751f463942f01db5bb786606b29620a22c","","","2",""
"acdc_fog_test","annotated_prediction","ACDC","ACDC_FOG","fog","acdc_fog_test/final_results/GP010476_frame_000125_rgb_anon.jpg","","withheld_acdc_redistribution_restriction","ACDC research-use licence: image redistribution prohibited","447472","9473344db1db828778742dbbd17d149999b5d2c92c5ce8b5611fc0d8dbeb9562","","","2",""
"acdc_fog_test","annotated_prediction","ACDC","ACDC_FOG","fog","acdc_fog_test/final_results/GP010476_frame_000131_rgb_anon.jpg","","withheld_acdc_redistribution_restriction","ACDC research-use licence: image redistribution prohibited","440830","5326cc12f5276038ed6b3678146dc315e46ad11c2bb8d48bcfbb3c98dad0a70b","","","2",""
"acdc_fog_test","annotated_prediction","ACDC","ACDC_FOG","fog","acdc_fog_test/final_results/GP010476_frame_000137_rgb_anon.jpg","","withheld_acdc_redistribution_restriction","ACDC research-use licence: image redistribution prohibited","425256","605efed44a54905e5f61f7746083d3be3dcb320a54d9c153bd95268338fe975f","","","2",""
"acdc_fog_test","annotated_prediction","ACDC","ACDC_FOG","fog","acdc_fog_test/final_results/GP010476_frame_000142_rgb_anon.jpg","","withheld_acdc_redistribution_restriction","ACDC research-use licence: image redistribution prohibited","401371","adb2819f0588492c08e5d77916f8244f98ce6f072e5547c5ce3c8b07fa44676c","","","2",""
"acdc_fog_test","annotated_prediction","ACDC","ACDC_FOG","fog","acdc_fog_test/final_results/GP010476_frame_000147_rgb_anon.jpg","","withheld_acdc_redistribution_restriction","ACDC research-use licence: image redistribution prohibited","500149","036620049c7d903126892cf629ce0660023277cdb032bd9d053f9c56af9f6c6e","","","2",""
"acdc_fog_test","annotated_prediction","ACDC","ACDC_FOG","fog","acdc_fog_test/final_results/GP010476_frame_000161_rgb_anon.jpg","","withheld_acdc_redistribution_restriction","ACDC research-use licence: image redistribution prohibited","490333","1ca108afec0a9e70ee3dbc29062c1fb9a655ddb56bcdf7d8ed2c5f33b222853e","","","2",""
"acdc_fog_test","annotated_prediction","ACDC","ACDC_FOG","fog","acdc_fog_test/final_results/GP010476_frame_000181_rgb_anon.jpg","","withheld_acdc_redistribution_restriction","ACDC research-use licence: image redistribution prohibited","526133","2c88add743ab8312f3f53f3eba28e37d14de522c764cd66ab004b011446b3d11","","","2",""
"acdc_fog_test","annotated_prediction","ACDC","ACDC_FOG","fog","acdc_fog_test/final_results/GP010476_frame_000194_rgb_anon.jpg","","withheld_acdc_redistribution_restriction","ACDC research-use licence: image redistribution prohibited","394636","d76aff7791a710f32904600669f56960abc2a62df4e961cff92dddf6ff4dd04b","","","2",""
"acdc_fog_test","annotated_prediction","ACDC","ACDC_FOG","fog","acdc_fog_test/final_results/GP010476_frame_000199_rgb_anon.jpg","","withheld_acdc_redistribution_restriction","ACDC research-use licence: image redistribution prohibited","360404","08c5ca2e57753feb190228b3ca8d9d371052d1ce1eccf520ad09024381819ae1","","","2",""
"acdc_fog_test","annotated_prediction","ACDC","ACDC_FOG","fog","acdc_fog_test/final_results/GP010476_frame_000204_rgb_anon.jpg","","withheld_acdc_redistribution_restriction","ACDC research-use licence: image redistribution prohibited","506968","d54bb439d50c9c116adefc034db58f66a37fbf1ea0a099389bf33ad00f48c955","","","2",""
"acdc_fog_test","annotated_prediction","ACDC","ACDC_FOG","fog","acdc_fog_test/final_results/GP010476_frame_000242_rgb_anon.jpg","","withheld_acdc_redistribution_restriction","ACDC research-use licence: image redistribution prohibited","392263","05bdaa7e7ac165f9ab612f96ade7d7ea19269ee5abe0e11ac1b8c374ee76f90e","","","2",""
"acdc_fog_test","annotated_prediction","ACDC","ACDC_FOG","fog","acdc_fog_test/final_results/GP010476_frame_000255_rgb_anon.jpg","","withheld_acdc_redistribution_restriction","ACDC research-use licence: image redistribution prohibited","357344","bac35c8916c9da2783eeebf66d89830b0f8f136a74c7e20bc1ef411e9309985d","","","2",""
"acdc_fog_test","annotated_prediction","ACDC","ACDC_FOG","fog","acdc_fog_test/final_results/GP020475_frame_000054_rgb_anon.jpg","","withheld_acdc_redistribution_restriction","ACDC research-use licence: image redistribution prohibited","459603","fbb5c3d053ccae0cf59c5172f5b2a21d6c979a4141f0e6f03bba0e4a65ddca65","","","2",""
"acdc_fog_test","annotated_prediction","ACDC","ACDC_FOG","fog","acdc_fog_test/final_results/GP020475_frame_000061_rgb_anon.jpg","","withheld_acdc_redistribution_restriction","ACDC research-use licence: image redistribution prohibited","482643","c65d54f33ddeff70f67b967bed138fba5ee512e5594e282934cfef82462b6ab5","","","2",""
"acdc_fog_test","annotated_prediction","ACDC","ACDC_FOG","fog","acdc_fog_test/final_results/GP020475_frame_000081_rgb_anon.jpg","","withheld_acdc_redistribution_restriction","ACDC research-use licence: image redistribution prohibited","539635","234fdfa6b126832212f723ae637eea8cb6c0b8450f1b1fdc8df2ef217eb36619","","","2",""
"acdc_fog_test","annotated_prediction","ACDC","ACDC_FOG","fog","acdc_fog_test/final_results/GP020475_frame_000088_rgb_anon.jpg","","withheld_acdc_redistribution_restriction","ACDC research-use licence: image redistribution prohibited","418817","e65349568faf55ae0103259c1a6a1f46e9bcc33c161581fa26113bd64d9d6df2","","","2",""
"acdc_fog_test","annotated_prediction","ACDC","ACDC_FOG","fog","acdc_fog_test/final_results/GP020475_frame_000094_rgb_anon.jpg","","withheld_acdc_redistribution_restriction","ACDC research-use licence: image redistribution prohibited","394902","d8e20b8b17a3ed479fdcc0615aea76fa908dfa238969dcc343417a656aac5bd0","","","2",""
"acdc_fog_test","annotated_prediction","ACDC","ACDC_FOG","fog","acdc_fog_test/final_results/GP020475_frame_000100_rgb_anon.jpg","","withheld_acdc_redistribution_restriction","ACDC research-use licence: image redistribution prohibited","437760","c6042bde0110a32de74e122d7c890f71893794202aba1b2f512930794c4c3103","","","2",""
"acdc_fog_test","annotated_prediction","ACDC","ACDC_FOG","fog","acdc_fog_test/final_results/GP020475_frame_000109_rgb_anon.jpg","","withheld_acdc_redistribution_restriction","ACDC research-use licence: image redistribution prohibited","442507","4e74ee150f11a0ad62bf8623d8bf026f51355a5c935f25346ed315e9175d794e","","","2",""
"acdc_fog_test","annotated_prediction","ACDC","ACDC_FOG","fog","acdc_fog_test/final_results/GP020475_frame_000119_rgb_anon.jpg","","withheld_acdc_redistribution_restriction","ACDC research-use licence: image redistribution prohibited","509561","5b709078badb25851610af2533e591e66fbe660e41c861f6c3a698bd0c41961c","","","2",""
"acdc_fog_test","annotated_prediction","ACDC","ACDC_FOG","fog","acdc_fog_test/final_results/GP020475_frame_000125_rgb_anon.jpg","","withheld_acdc_redistribution_restriction","ACDC research-use licence: image redistribution prohibited","506431","c3b0db3587b86bdc3dff047d77ed1aa354aafa9c428b62065eefaa5b661f4118","","","2",""
"acdc_fog_test","annotated_prediction","ACDC","ACDC_FOG","fog","acdc_fog_test/final_results/GP020475_frame_000130_rgb_anon.jpg","","withheld_acdc_redistribution_restriction","ACDC research-use licence: image redistribution prohibited","451138","31d1355bbb00bc83c3038f3e79040bcb99caa7d7e8750db83295d57e364a3447","","","2",""
"acdc_fog_test","annotated_prediction","ACDC","ACDC_FOG","fog","acdc_fog_test/final_results/GP020475_frame_000135_rgb_anon.jpg","","withheld_acdc_redistribution_restriction","ACDC research-use licence: image redistribution prohibited","485670","4890c5f8d704f2c5cd27a0756ea1ff36f30464d72d80c71dc8c3329e6fc5d61d","","","2",""
"acdc_fog_test","annotated_prediction","ACDC","ACDC_FOG","fog","acdc_fog_test/final_results/GP020475_frame_000140_rgb_anon.jpg","","withheld_acdc_redistribution_restriction","ACDC research-use licence: image redistribution prohibited","468091","7dcc9f31fb24794c4f9ae8e5393cb699938a45ce1fcbdd0dda6a82abcb12e68a","","","2",""
"acdc_fog_test","annotated_prediction","ACDC","ACDC_FOG","fog","acdc_fog_test/final_results/GP020475_frame_000160_rgb_anon.jpg","","withheld_acdc_redistribution_restriction","ACDC research-use licence: image redistribution prohibited","553772","a022e23d09981aac8732874294128ddd6badba0a47539c4e637eb7deb709268f","","","2",""
"acdc_fog_test","annotated_prediction","ACDC","ACDC_FOG","fog","acdc_fog_test/final_results/GP020475_frame_000173_rgb_anon.jpg","","withheld_acdc_redistribution_restriction","ACDC research-use licence: image redistribution prohibited","423799","fb1093ff38d9d4de12e063c32dcbe0cdd4fed711ed9b05e4f1e909d333968b8d","","","2",""
"acdc_fog_test","annotated_prediction","ACDC","ACDC_FOG","fog","acdc_fog_test/final_results/GP020475_frame_000179_rgb_anon.jpg","","withheld_acdc_redistribution_restriction","ACDC research-use licence: image redistribution prohibited","529314","50374a8814614fcceb4be6b1796df28f2f58c69bfe9682a5acad80567d0ae8b2","","","2",""
"acdc_fog_test","annotated_prediction","ACDC","ACDC_FOG","fog","acdc_fog_test/final_results/GP020475_frame_000184_rgb_anon.jpg","","withheld_acdc_redistribution_restriction","ACDC research-use licence: image redistribution prohibited","473048","d122460e2beaf81fc091b6ac234dead7096d18786326cf976b85690166a86e91","","","2",""
"acdc_fog_test","annotated_prediction","ACDC","ACDC_FOG","fog","acdc_fog_test/final_results/GP020475_frame_000189_rgb_anon.jpg","","withheld_acdc_redistribution_restriction","ACDC research-use licence: image redistribution prohibited","418103","6c6e055612f1af9907d7232680ace978b178c7aaab1ac4b3e5778ef68cd830b3","","","2",""
"acdc_fog_test","annotated_prediction","ACDC","ACDC_FOG","fog","acdc_fog_test/final_results/GP020475_frame_000194_rgb_anon.jpg","","withheld_acdc_redistribution_restriction","ACDC research-use licence: image redistribution prohibited","455988","8c54e8221a898191c390ad52c4b1db7707e90009583232a92301fd0164b85bce","","","2",""
"acdc_fog_test","annotated_prediction","ACDC","ACDC_FOG","fog","acdc_fog_test/final_results/GP020475_frame_000199_rgb_anon.jpg","","withheld_acdc_redistribution_restriction","ACDC research-use licence: image redistribution prohibited","448739","d096b32b2b3f6ab12e55a83b26fd2b22251584eeb18f10a4cf74af7b9077ec75","","","2",""
"acdc_fog_test","annotated_prediction","ACDC","ACDC_FOG","fog","acdc_fog_test/final_results/GP020475_frame_000204_rgb_anon.jpg","","withheld_acdc_redistribution_restriction","ACDC research-use licence: image redistribution prohibited","401912","6cba77b68d2a5ed53b73adb0bf105a80acf2d6ecffa2bbd3d4c9aa8437e36653","","","2",""
"acdc_fog_test","annotated_prediction","ACDC","ACDC_FOG","fog","acdc_fog_test/final_results/GP020475_frame_000209_rgb_anon.jpg","","withheld_acdc_redistribution_restriction","ACDC research-use licence: image redistribution prohibited","441253","48645f29a2fee78478fba5ee23d1bb84229e9e935620600c47a93d27efa7593c","","","2",""
"acdc_fog_test","annotated_prediction","ACDC","ACDC_FOG","fog","acdc_fog_test/final_results/GP020475_frame_000229_rgb_anon.jpg","","withheld_acdc_redistribution_restriction","ACDC research-use licence: image redistribution prohibited","480898","919f0ad55b4979e211dcf41f1d1fb3911d50005c28254805555f2fcae933a04e","","","2",""
"acdc_night_test","detection_log","ACDC","ACDC_NIGHT","night","acdc_night_test/night_inference_results.csv","results/ACDC/NIGHT/inference_results.csv","included_in_repository","Research-generated detection metadata","16322","b0f334c04d069eb8e31ae69ff42ee5477686a00b71def69f7a57a6bdf28c1840","16035","cfc1c3bcbf0f303ef8fd8fd87a0da602f0b9c9d5235cbee1cecfca5bde7df0e0","1",""
"acdc_night_test","annotated_prediction","ACDC","ACDC_NIGHT","night","acdc_night_test/visual_detections/GOPR0351_frame_000033_rgb_anon.jpg","","withheld_acdc_redistribution_restriction","ACDC research-use licence: image redistribution prohibited","215339","92fd1de77d318c7a24c1d6085e55991e354473bd95f9d83f007fc12c0f122d11","","","1",""
"acdc_night_test","annotated_prediction","ACDC","ACDC_NIGHT","night","acdc_night_test/visual_detections/GOPR0351_frame_000039_rgb_anon.jpg","","withheld_acdc_redistribution_restriction","ACDC research-use licence: image redistribution prohibited","347657","55662961f4e78bc4f0251c86a1bd05983b156a4f00440bd18ed10e146c23b364","","","1",""
"acdc_night_test","annotated_prediction","ACDC","ACDC_NIGHT","night","acdc_night_test/visual_detections/GOPR0351_frame_000043_rgb_anon.jpg","","withheld_acdc_redistribution_restriction","ACDC research-use licence: image redistribution prohibited","375794","09d454f6efcc637830f3928e857404ba57f0abd62d285db1eafa5f29ff86ea58","","","3",""
"acdc_night_test","annotated_prediction","ACDC","ACDC_NIGHT","night","acdc_night_test/visual_detections/GOPR0351_frame_000047_rgb_anon.jpg","","withheld_acdc_redistribution_restriction","ACDC research-use licence: image redistribution prohibited","378998","8b995bc58de61c773438f3039c0203db670d01c477124a542528e907876ad604","","","3",""
"acdc_night_test","annotated_prediction","ACDC","ACDC_NIGHT","night","acdc_night_test/visual_detections/GOPR0351_frame_000049_rgb_anon.jpg","","withheld_acdc_redistribution_restriction","ACDC research-use licence: image redistribution prohibited","327629","e82a1eaa0b0ea165d5c14ff1ccdef85bfce33814611141770f34375d6da6e31c","","","1",""
"acdc_night_test","annotated_prediction","ACDC","ACDC_NIGHT","night","acdc_night_test/visual_detections/GOPR0351_frame_000053_rgb_anon.jpg","","withheld_acdc_redistribution_restriction","ACDC research-use licence: image redistribution prohibited","366871","6345bf34f51b03494658a2e4add5db16fbdc2586818a9869affc2812b906c69b","","","1",""
"acdc_night_test","annotated_prediction","ACDC","ACDC_NIGHT","night","acdc_night_test/visual_detections/GOPR0351_frame_000055_rgb_anon.jpg","","withheld_acdc_redistribution_restriction","ACDC research-use licence: image redistribution prohibited","434688","7e7df881cda43835239d735c7dec48a0ea84effae3e3ca2e2840f9cd4a382598","","","1",""
"acdc_night_test","annotated_prediction","ACDC","ACDC_NIGHT","night","acdc_night_test/visual_detections/GOPR0351_frame_000057_rgb_anon.jpg","","withheld_acdc_redistribution_restriction","ACDC research-use licence: image redistribution prohibited","442825","6a08b5b7523a9f9df4a059639b8cce01c7557c0710b822bb9700efb59bf3b1ba","","","1",""
"acdc_night_test","annotated_prediction","ACDC","ACDC_NIGHT","night","acdc_night_test/visual_detections/GOPR0351_frame_000059_rgb_anon.jpg","","withheld_acdc_redistribution_restriction","ACDC research-use licence: image redistribution prohibited","394624","467775101f2a8639d7e125cafdc78992f27be7f7941d5fd5efcf53ef69c6f884","","","1",""
"acdc_night_test","annotated_prediction","ACDC","ACDC_NIGHT","night","acdc_night_test/visual_detections/GOPR0351_frame_000061_rgb_anon.jpg","","withheld_acdc_redistribution_restriction","ACDC research-use licence: image redistribution prohibited","387586","cbc4762e1832d70ee6d3f4e7926b552f27841a103bb65c7d16c1840a1175274b","","","1",""
"acdc_night_test","annotated_prediction","ACDC","ACDC_NIGHT","night","acdc_night_test/visual_detections/GOPR0351_frame_000063_rgb_anon.jpg","","withheld_acdc_redistribution_restriction","ACDC research-use licence: image redistribution prohibited","364743","cc2055dc48836e21612b21d8dc3eee6eeb0f840e4b32322b5238a11961339c7e","","","1",""
"acdc_night_test","annotated_prediction","ACDC","ACDC_NIGHT","night","acdc_night_test/visual_detections/GOPR0351_frame_000065_rgb_anon.jpg","","withheld_acdc_redistribution_restriction","ACDC research-use licence: image redistribution prohibited","384289","fe168a0db6ccd3b07fa16b82d7678935c9038e824bbb5a23652cdada53e50869","","","1",""
"acdc_night_test","annotated_prediction","ACDC","ACDC_NIGHT","night","acdc_night_test/visual_detections/GOPR0351_frame_000067_rgb_anon.jpg","","withheld_acdc_redistribution_restriction","ACDC research-use licence: image redistribution prohibited","394807","919a2c3cbaded0670b707a7492acb83b7d04ba009212e7489e95f5bd419c2b72","","","1",""
"acdc_night_test","annotated_prediction","ACDC","ACDC_NIGHT","night","acdc_night_test/visual_detections/GOPR0351_frame_000069_rgb_anon.jpg","","withheld_acdc_redistribution_restriction","ACDC research-use licence: image redistribution prohibited","404099","b581568ec1e50288439f26fad8b5fad26b026dbb3309726b3fbfb608529305bc","","","1",""
"acdc_night_test","annotated_prediction","ACDC","ACDC_NIGHT","night","acdc_night_test/visual_detections/GOPR0351_frame_000071_rgb_anon.jpg","","withheld_acdc_redistribution_restriction","ACDC research-use licence: image redistribution prohibited","363953","97d6352fe6ec3b6da9f2f36c0fcbfb62554a89c90875a2b25d280bc16854aaa1","","","1",""
"acdc_night_test","annotated_prediction","ACDC","ACDC_NIGHT","night","acdc_night_test/visual_detections/GOPR0351_frame_000079_rgb_anon.jpg","","withheld_acdc_redistribution_restriction","ACDC research-use licence: image redistribution prohibited","415354","e7b4c056c7241c87103be0ede4a5ec5f2e9e3b71779717733a0b4077360045ef","","","1",""
"acdc_night_test","annotated_prediction","ACDC","ACDC_NIGHT","night","acdc_night_test/visual_detections/GOPR0351_frame_000081_rgb_anon.jpg","","withheld_acdc_redistribution_restriction","ACDC research-use licence: image redistribution prohibited","405912","4aba244c7e4c004734b6962575457756cb49a8b858be754573f30781a644417d","","","1",""
"acdc_night_test","annotated_prediction","ACDC","ACDC_NIGHT","night","acdc_night_test/visual_detections/GOPR0351_frame_000083_rgb_anon.jpg","","withheld_acdc_redistribution_restriction","ACDC research-use licence: image redistribution prohibited","383484","ad91c166931f40826f1fe82cfae37fb339b3ea44c21089b7fad5ba88f4d2b8d8","","","1",""
"acdc_night_test","annotated_prediction","ACDC","ACDC_NIGHT","night","acdc_night_test/visual_detections/GOPR0351_frame_000085_rgb_anon.jpg","","withheld_acdc_redistribution_restriction","ACDC research-use licence: image redistribution prohibited","393528","3b6112c35f705dd54e070ce87872c4616ebe9f1ea3ca4b8d7140dc4c334ee238","","","1",""
"acdc_night_test","annotated_prediction","ACDC","ACDC_NIGHT","night","acdc_night_test/visual_detections/GOPR0351_frame_000087_rgb_anon.jpg","","withheld_acdc_redistribution_restriction","ACDC research-use licence: image redistribution prohibited","331725","74ed403c2344d8c19e8fb5c45da4002f8787dd9cf00a42b34538458968cb02cb","","","1",""
"acdc_night_test","annotated_prediction","ACDC","ACDC_NIGHT","night","acdc_night_test/visual_detections/GOPR0351_frame_000089_rgb_anon.jpg","","withheld_acdc_redistribution_restriction","ACDC research-use licence: image redistribution prohibited","379110","840d9e97dc84ec254326a208601d2072d2df50f212bd6a5c17ba6c8c400e8535","","","1",""
"acdc_night_test","annotated_prediction","ACDC","ACDC_NIGHT","night","acdc_night_test/visual_detections/GOPR0351_frame_000091_rgb_anon.jpg","","withheld_acdc_redistribution_restriction","ACDC research-use licence: image redistribution prohibited","383773","8844a8795f7c4c3917da33f203d10961ebcdbec3f2ad8f81efdb61c8baf28e0e","","","1",""
"acdc_night_test","annotated_prediction","ACDC","ACDC_NIGHT","night","acdc_night_test/visual_detections/GOPR0351_frame_000093_rgb_anon.jpg","","withheld_acdc_redistribution_restriction","ACDC research-use licence: image redistribution prohibited","338210","b2fa495be5796ba13fc3cafebe6ca047ad0c80491e935d63cbd140eb6b91dc12","","","1",""
"acdc_night_test","annotated_prediction","ACDC","ACDC_NIGHT","night","acdc_night_test/visual_detections/GOPR0351_frame_000095_rgb_anon.jpg","","withheld_acdc_redistribution_restriction","ACDC research-use licence: image redistribution prohibited","391216","6f053d092293f25a8ea21c7c694a5e0443dc72e3626b3b33e652b052b797093a","","","1",""
"acdc_night_test","annotated_prediction","ACDC","ACDC_NIGHT","night","acdc_night_test/visual_detections/GOPR0351_frame_000099_rgb_anon.jpg","","withheld_acdc_redistribution_restriction","ACDC research-use licence: image redistribution prohibited","373857","dc4a6242192e5f12147a56cb264714ab3d754222a481282b280c133f399d461d","","","1",""
"acdc_night_test","annotated_prediction","ACDC","ACDC_NIGHT","night","acdc_night_test/visual_detections/GOPR0351_frame_000101_rgb_anon.jpg","","withheld_acdc_redistribution_restriction","ACDC research-use licence: image redistribution prohibited","432249","f7fe6ed6568e5ab2bc06c907796cded82bd1fc1f31855224d4d8d504b38d047f","","","1",""
"acdc_night_test","annotated_prediction","ACDC","ACDC_NIGHT","night","acdc_night_test/visual_detections/GOPR0351_frame_000105_rgb_anon.jpg","","withheld_acdc_redistribution_restriction","ACDC research-use licence: image redistribution prohibited","406490","7cd9c0a3fef883bda700c00a2a7d06fb01d9d18d9806d78d48bd90287a8fb37e","","","1",""
"acdc_night_test","annotated_prediction","ACDC","ACDC_NIGHT","night","acdc_night_test/visual_detections/GOPR0351_frame_000111_rgb_anon.jpg","","withheld_acdc_redistribution_restriction","ACDC research-use licence: image redistribution prohibited","435145","5b820e1e9f9e0ac51653b4b9fae93344d624dbd79865029893f0c5b6b4d422b3","","","1",""
"acdc_night_test","annotated_prediction","ACDC","ACDC_NIGHT","night","acdc_night_test/visual_detections/GOPR0351_frame_000113_rgb_anon.jpg","","withheld_acdc_redistribution_restriction","ACDC research-use licence: image redistribution prohibited","390994","0cffe1937f00d80973e2b80ecd6583385be05bc58e10c0b2e6a9482304c72fc6","","","1",""
"acdc_night_test","annotated_prediction","ACDC","ACDC_NIGHT","night","acdc_night_test/visual_detections/GOPR0351_frame_000115_rgb_anon.jpg","","withheld_acdc_redistribution_restriction","ACDC research-use licence: image redistribution prohibited","407108","46b6c07ddf65b306affec5018b0226573aaada4873cd54faef9b90034899dfcf","","","1",""
"acdc_night_test","annotated_prediction","ACDC","ACDC_NIGHT","night","acdc_night_test/visual_detections/GOPR0351_frame_000121_rgb_anon.jpg","","withheld_acdc_redistribution_restriction","ACDC research-use licence: image redistribution prohibited","424915","35b15cf7766101580dffb89184e4afbfcd1f8dc49d28e4777909eeb01bafadbb","","","1",""
"acdc_night_test","annotated_prediction","ACDC","ACDC_NIGHT","night","acdc_night_test/visual_detections/GOPR0351_frame_000124_rgb_anon.jpg","","withheld_acdc_redistribution_restriction","ACDC research-use licence: image redistribution prohibited","506510","2ec6b150572bfa2452a327f3d717fade4267cf9fb6e7c2c5d6f10ec5ad615ae8","","","1",""
"acdc_night_test","annotated_prediction","ACDC","ACDC_NIGHT","night","acdc_night_test/visual_detections/GOPR0351_frame_000128_rgb_anon.jpg","","withheld_acdc_redistribution_restriction","ACDC research-use licence: image redistribution prohibited","417465","626cd19d4823267e20adaf4d3197ff58e1c16b563c2eb8c834f8dfa3115e1fa2","","","1",""
"acdc_night_test","annotated_prediction","ACDC","ACDC_NIGHT","night","acdc_night_test/visual_detections/GOPR0351_frame_000132_rgb_anon.jpg","","withheld_acdc_redistribution_restriction","ACDC research-use licence: image redistribution prohibited","458305","e0f068fbf08ebf2ee9ea9278a37547b1f2933370885e63418fccb84566b26a63","","","1",""
"acdc_night_test","annotated_prediction","ACDC","ACDC_NIGHT","night","acdc_night_test/visual_detections/GOPR0351_frame_000141_rgb_anon.jpg","","withheld_acdc_redistribution_restriction","ACDC research-use licence: image redistribution prohibited","415094","f129f3db0d211b709583f513e0e1d9b78d85fdb474f1e0d43e954cd3fff2b299","","","1",""
"acdc_night_test","annotated_prediction","ACDC","ACDC_NIGHT","night","acdc_night_test/visual_detections/GOPR0351_frame_000143_rgb_anon.jpg","","withheld_acdc_redistribution_restriction","ACDC research-use licence: image redistribution prohibited","438922","cae87babd493c42b2e6e8b5508729d35e1133084db0d43fc7e57812cce62e840","","","1",""
"acdc_night_test","annotated_prediction","ACDC","ACDC_NIGHT","night","acdc_night_test/visual_detections/GOPR0351_frame_000651_rgb_anon.jpg","","withheld_acdc_redistribution_restriction","ACDC research-use licence: image redistribution prohibited","390672","4bd8feb8a618bfb2eaeef2bbde5ce5b479abc65084111648bd6bc08781d06a06","","","1",""
"acdc_night_test","annotated_prediction","ACDC","ACDC_NIGHT","night","acdc_night_test/visual_detections/GOPR0351_frame_000654_rgb_anon.jpg","","withheld_acdc_redistribution_restriction","ACDC research-use licence: image redistribution prohibited","478182","fb46dd964f9eab925ada590a6bfaaed9206c9a9c9257ce9d97517b203b994647","","","1",""
"acdc_night_test","annotated_prediction","ACDC","ACDC_NIGHT","night","acdc_night_test/visual_detections/GOPR0351_frame_000706_rgb_anon.jpg","","withheld_acdc_redistribution_restriction","ACDC research-use licence: image redistribution prohibited","464776","e454014d27877446887114fb748de84db845d9bcd26e2cb8a1a034c2b882544a","","","1",""
"acdc_night_test","annotated_prediction","ACDC","ACDC_NIGHT","night","acdc_night_test/visual_detections/GOPR0351_frame_000709_rgb_anon.jpg","","withheld_acdc_redistribution_restriction","ACDC research-use licence: image redistribution prohibited","419363","b59378593964f8ae73f0cb67b6782230239141a153c369fa41374cca8e5b6e23","","","1",""
"acdc_night_test","annotated_prediction","ACDC","ACDC_NIGHT","night","acdc_night_test/visual_detections/GOPR0351_frame_000712_rgb_anon.jpg","","withheld_acdc_redistribution_restriction","ACDC research-use licence: image redistribution prohibited","491321","7eb52f69483d6f063abe7b836b89b8eae77d0fab23932bd1dd5f4c2b763f824d","","","1",""
"acdc_night_test","annotated_prediction","ACDC","ACDC_NIGHT","night","acdc_night_test/visual_detections/GOPR0351_frame_000718_rgb_anon.jpg","","withheld_acdc_redistribution_restriction","ACDC research-use licence: image redistribution prohibited","498571","9e5a306528e8a526e078904842d11c46c0bb7369f6cd73e23a8084e2755cf332","","","1",""
"acdc_night_test","annotated_prediction","ACDC","ACDC_NIGHT","night","acdc_night_test/visual_detections/GOPR0351_frame_000724_rgb_anon.jpg","","withheld_acdc_redistribution_restriction","ACDC research-use licence: image redistribution prohibited","376726","0a05e4337bc5de4d2f498e57f723f662eb8069c2fbc0f98adb10780660920ffc","","","1",""
"acdc_night_test","annotated_prediction","ACDC","ACDC_NIGHT","night","acdc_night_test/visual_detections/GOPR0351_frame_000727_rgb_anon.jpg","","withheld_acdc_redistribution_restriction","ACDC research-use licence: image redistribution prohibited","392051","c74672ad8f5df7906d5a6845a9f0eeb9263f6f2fb7982fc4aaa756afe3d352a8","","","1",""
"acdc_night_test","annotated_prediction","ACDC","ACDC_NIGHT","night","acdc_night_test/visual_detections/GOPR0351_frame_000742_rgb_anon.jpg","","withheld_acdc_redistribution_restriction","ACDC research-use licence: image redistribution prohibited","346507","29fb141e6f1d521075352a6b1da185e297a63902c958f5d6f78fcb9d824e4dc3","","","1",""
"acdc_night_test","annotated_prediction","ACDC","ACDC_NIGHT","night","acdc_night_test/visual_detections/GOPR0351_frame_000745_rgb_anon.jpg","","withheld_acdc_redistribution_restriction","ACDC research-use licence: image redistribution prohibited","404789","a5dfed726670483e630dffddac0bc32c3e5b24fdedc5248822847eefb84ef7a9","","","1",""
"acdc_night_test","annotated_prediction","ACDC","ACDC_NIGHT","night","acdc_night_test/visual_detections/GOPR0351_frame_000748_rgb_anon.jpg","","withheld_acdc_redistribution_restriction","ACDC research-use licence: image redistribution prohibited","491724","be6279c075b21fa9de8a0870e6c7a0779a5f64794ec622f0e01a6ff205dbf885","","","1",""
"acdc_night_test","annotated_prediction","ACDC","ACDC_NIGHT","night","acdc_night_test/visual_detections/GOPR0351_frame_000754_rgb_anon.jpg","","withheld_acdc_redistribution_restriction","ACDC research-use licence: image redistribution prohibited","423126","a4730d63b4dc453b4fcb827de0e4237aaa8dfec5fa336d500dab412db91c5a97","","","1",""
"acdc_night_test","annotated_prediction","ACDC","ACDC_NIGHT","night","acdc_night_test/visual_detections/GOPR0351_frame_000761_rgb_anon.jpg","","withheld_acdc_redistribution_restriction","ACDC research-use licence: image redistribution prohibited","377520","eaed43c7f0bc1d5e44da4a9c475e93d330b1b328135435aa8302fbc24c4adf47","","","1",""
"acdc_night_test","annotated_prediction","ACDC","ACDC_NIGHT","night","acdc_night_test/visual_detections/GOPR0351_frame_000770_rgb_anon.jpg","","withheld_acdc_redistribution_restriction","ACDC research-use licence: image redistribution prohibited","443365","2b6a77443b75b6add701602fff4021c140f3a168a04eb00153384f027fc1fceb","","","1",""
"acdc_night_test","annotated_prediction","ACDC","ACDC_NIGHT","night","acdc_night_test/visual_detections/GOPR0351_frame_000774_rgb_anon.jpg","","withheld_acdc_redistribution_restriction","ACDC research-use licence: image redistribution prohibited","375037","4689eb8d17dd44b4b8c9159264697a5401f9b241003ca1310fa8485b1e400563","","","1",""
"acdc_night_test","annotated_prediction","ACDC","ACDC_NIGHT","night","acdc_night_test/visual_detections/GOPR0351_frame_000809_rgb_anon.jpg","","withheld_acdc_redistribution_restriction","ACDC research-use licence: image redistribution prohibited","481265","e5dfce480837f16ca3700189a6312b5bdb7229725a7f946cfab1b8f8b6c5a59c","","","1",""
"acdc_night_test","annotated_prediction","ACDC","ACDC_NIGHT","night","acdc_night_test/visual_detections/GOPR0351_frame_000814_rgb_anon.jpg","","withheld_acdc_redistribution_restriction","ACDC research-use licence: image redistribution prohibited","413082","206c09cb458a0f0816c0e3326af445b926d8a1a0d41ee3b83b8acc8843d9c8ab","","","1",""
"acdc_night_test","annotated_prediction","ACDC","ACDC_NIGHT","night","acdc_night_test/visual_detections/GOPR0351_frame_000818_rgb_anon.jpg","","withheld_acdc_redistribution_restriction","ACDC research-use licence: image redistribution prohibited","352458","0516a582b867d02403db3a4a06c0383a856934b8736105a8fc39813fd337102a","","","1",""
"acdc_night_test","annotated_prediction","ACDC","ACDC_NIGHT","night","acdc_night_test/visual_detections/GOPR0351_frame_000822_rgb_anon.jpg","","withheld_acdc_redistribution_restriction","ACDC research-use licence: image redistribution prohibited","410584","3912460fbf8f1269535a790d39873a6cbba68bce295f96c5344f03f2db2add8e","","","1",""
"acdc_night_test","annotated_prediction","ACDC","ACDC_NIGHT","night","acdc_night_test/visual_detections/GOPR0351_frame_000825_rgb_anon.jpg","","withheld_acdc_redistribution_restriction","ACDC research-use licence: image redistribution prohibited","359891","303a5347623d810f78000c672424d16adce6b000ad8f4779f572d57a8a2d7063","","","1",""
"acdc_night_test","annotated_prediction","ACDC","ACDC_NIGHT","night","acdc_night_test/visual_detections/GOPR0356_frame_000321_rgb_anon.jpg","","withheld_acdc_redistribution_restriction","ACDC research-use licence: image redistribution prohibited","367256","a8af055c614400502afa7a3f3112e6782415dd48c574fe2f9d75ec73627c982b","","","1",""
"acdc_night_test","annotated_prediction","ACDC","ACDC_NIGHT","night","acdc_night_test/visual_detections/GOPR0356_frame_000324_rgb_anon.jpg","","withheld_acdc_redistribution_restriction","ACDC research-use licence: image redistribution prohibited","364687","b89aebc8f3b508755e30641c8ccf42ef68d20855fe33d7910425ef0cc12560a8","","","1",""
"acdc_night_test","annotated_prediction","ACDC","ACDC_NIGHT","night","acdc_night_test/visual_detections/GOPR0356_frame_000327_rgb_anon.jpg","","withheld_acdc_redistribution_restriction","ACDC research-use licence: image redistribution prohibited","321988","b28ccdf97d54a517409893ff8de476dcf2607e075504810926b7f7dc3ffd30ed","","","1",""
"acdc_night_test","annotated_prediction","ACDC","ACDC_NIGHT","night","acdc_night_test/visual_detections/GOPR0356_frame_000330_rgb_anon.jpg","","withheld_acdc_redistribution_restriction","ACDC research-use licence: image redistribution prohibited","242928","1b09783b2d66290d3cca2e11b9f874d18465aa071d959980822b82d0a59885fa","","","1",""
"acdc_night_test","annotated_prediction","ACDC","ACDC_NIGHT","night","acdc_night_test/visual_detections/GOPR0356_frame_000333_rgb_anon.jpg","","withheld_acdc_redistribution_restriction","ACDC research-use licence: image redistribution prohibited","250229","dd19a05fa2ce082c819f7abcf9c45c40f91a75438455265cd90b62dd219f47e5","","","1",""
"acdc_night_test","annotated_prediction","ACDC","ACDC_NIGHT","night","acdc_night_test/visual_detections/GOPR0356_frame_000336_rgb_anon.jpg","","withheld_acdc_redistribution_restriction","ACDC research-use licence: image redistribution prohibited","378914","5d319c85f12cda02fa6a09ffb7133e379da2ec4f735a3f1f32b46d6cd0bd7953","","","1",""
"acdc_night_test","annotated_prediction","ACDC","ACDC_NIGHT","night","acdc_night_test/visual_detections/GOPR0356_frame_000339_rgb_anon.jpg","","withheld_acdc_redistribution_restriction","ACDC research-use licence: image redistribution prohibited","419640","68ff85dca2949019e34710cb94eee6887457e3cd01073ca4f89d672002c33fc7","","","1",""
"acdc_night_test","annotated_prediction","ACDC","ACDC_NIGHT","night","acdc_night_test/visual_detections/GOPR0356_frame_000342_rgb_anon.jpg","","withheld_acdc_redistribution_restriction","ACDC research-use licence: image redistribution prohibited","431392","a34d6a3e96b23b5cb66066ca82d29fe8a5bf745fc12d0bceacba3f4b6de682b2","","","1",""
"acdc_night_test","annotated_prediction","ACDC","ACDC_NIGHT","night","acdc_night_test/visual_detections/GOPR0356_frame_000345_rgb_anon.jpg","","withheld_acdc_redistribution_restriction","ACDC research-use licence: image redistribution prohibited","311228","03c4b6459b97282bf057b988910a54f8036156d42256984eaeca04b25240217c","","","1",""
"acdc_night_test","annotated_prediction","ACDC","ACDC_NIGHT","night","acdc_night_test/visual_detections/GOPR0356_frame_000348_rgb_anon.jpg","","withheld_acdc_redistribution_restriction","ACDC research-use licence: image redistribution prohibited","397234","ebfb4a8747a37cfa2079e6b258560cfae986697757365ccf42eb1c62b104233c","","","1",""
"acdc_night_test","annotated_prediction","ACDC","ACDC_NIGHT","night","acdc_night_test/visual_detections/GOPR0356_frame_000351_rgb_anon.jpg","","withheld_acdc_redistribution_restriction","ACDC research-use licence: image redistribution prohibited","332473","2eab6a3aa7ee0bea9489da8850ac255eee2482c8b48f64ce1cda527c0528a5c1","","","1",""
"acdc_night_test","annotated_prediction","ACDC","ACDC_NIGHT","night","acdc_night_test/visual_detections/GOPR0356_frame_000354_rgb_anon.jpg","","withheld_acdc_redistribution_restriction","ACDC research-use licence: image redistribution prohibited","409571","98fc8d3b9389bde4b789daeb0a029f5ca29ceb917c7c4b85764d93a45132d2bc","","","1",""
"acdc_night_test","annotated_prediction","ACDC","ACDC_NIGHT","night","acdc_night_test/visual_detections/GOPR0356_frame_000357_rgb_anon.jpg","","withheld_acdc_redistribution_restriction","ACDC research-use licence: image redistribution prohibited","455144","b02dcebcdbd876724cb6eccffe83d2118a4ea01c561771934570f3802e1e7b61","","","1",""
"acdc_night_test","annotated_prediction","ACDC","ACDC_NIGHT","night","acdc_night_test/visual_detections/GOPR0356_frame_000360_rgb_anon.jpg","","withheld_acdc_redistribution_restriction","ACDC research-use licence: image redistribution prohibited","338506","89689458b6a18558f078ca4ce029fe38fab53460bb5f5f3371e372d1a87173b0","","","1",""
"acdc_night_test","annotated_prediction","ACDC","ACDC_NIGHT","night","acdc_night_test/visual_detections/GOPR0356_frame_000363_rgb_anon.jpg","","withheld_acdc_redistribution_restriction","ACDC research-use licence: image redistribution prohibited","425225","4ab778dbff494de18bd89952f597a3bed78ae50afb183d7005d3fca83deb60c8","","","1",""
"acdc_night_test","annotated_prediction","ACDC","ACDC_NIGHT","night","acdc_night_test/visual_detections/GOPR0356_frame_000366_rgb_anon.jpg","","withheld_acdc_redistribution_restriction","ACDC research-use licence: image redistribution prohibited","406754","1961ddfba9468bc742962d72523b2ca84d048b4a26928eb453bdcf6f19d91017","","","1",""
"acdc_night_test","annotated_prediction","ACDC","ACDC_NIGHT","night","acdc_night_test/visual_detections/GOPR0356_frame_000369_rgb_anon.jpg","","withheld_acdc_redistribution_restriction","ACDC research-use licence: image redistribution prohibited","386824","eb02f2b7c18b4292225669b7f8f21f90416a21db0421ccccf3a80f1e0d1d6f94","","","1",""
"acdc_night_test","annotated_prediction","ACDC","ACDC_NIGHT","night","acdc_night_test/visual_detections/GOPR0356_frame_000372_rgb_anon.jpg","","withheld_acdc_redistribution_restriction","ACDC research-use licence: image redistribution prohibited","361092","22f219b2288513ac8c5d4d985940037887e5f67d056d466f86c7481e1da82908","","","1",""
"acdc_night_test","annotated_prediction","ACDC","ACDC_NIGHT","night","acdc_night_test/visual_detections/GOPR0356_frame_000375_rgb_anon.jpg","","withheld_acdc_redistribution_restriction","ACDC research-use licence: image redistribution prohibited","396082","24969c8b0a38c667ac08be6c48c25f0961100156cf5de1dbb24de01005d65f6f","","","1",""
"acdc_night_test","annotated_prediction","ACDC","ACDC_NIGHT","night","acdc_night_test/visual_detections/GOPR0356_frame_000378_rgb_anon.jpg","","withheld_acdc_redistribution_restriction","ACDC research-use licence: image redistribution prohibited","412252","cad5f9415cf1484f8fbb84faaf638d6461d70e61afd7a048f2a8297debc9b828","","","1",""
"acdc_night_test","annotated_prediction","ACDC","ACDC_NIGHT","night","acdc_night_test/visual_detections/GOPR0356_frame_000382_rgb_anon.jpg","","withheld_acdc_redistribution_restriction","ACDC research-use licence: image redistribution prohibited","464690","3c128a965bb2d59a7a909d6904eae2dd7ec9bfde334444cef8a3684ff4970734","","","1",""
"acdc_night_test","annotated_prediction","ACDC","ACDC_NIGHT","night","acdc_night_test/visual_detections/GOPR0356_frame_000386_rgb_anon.jpg","","withheld_acdc_redistribution_restriction","ACDC research-use licence: image redistribution prohibited","394199","6cf77a05ce1b0c1602637f095eacc5e40a0a1c49b499d32700cdb72c2adb5358","","","1",""
"acdc_night_test","annotated_prediction","ACDC","ACDC_NIGHT","night","acdc_night_test/visual_detections/GOPR0356_frame_000391_rgb_anon.jpg","","withheld_acdc_redistribution_restriction","ACDC research-use licence: image redistribution prohibited","332781","bead2a13cb610f5705fde5729c502c634b9a801dcc4b467cab8b168d94ecba74","","","3",""
"acdc_night_test","annotated_prediction","ACDC","ACDC_NIGHT","night","acdc_night_test/visual_detections/GOPR0356_frame_000395_rgb_anon.jpg","","withheld_acdc_redistribution_restriction","ACDC research-use licence: image redistribution prohibited","309938","1ec5641741835a4e106bd1cdfd1b2b78064245da04753c79e2ddc26da317a2e8","","","3",""
"acdc_night_test","annotated_prediction","ACDC","ACDC_NIGHT","night","acdc_night_test/visual_detections/GOPR0356_frame_000398_rgb_anon.jpg","","withheld_acdc_redistribution_restriction","ACDC research-use licence: image redistribution prohibited","340194","a378a5b0a9958e2d2eacb1346885a4474f5fb79fbb28078f5de8f0acda312c14","","","2",""
"acdc_night_test","annotated_prediction","ACDC","ACDC_NIGHT","night","acdc_night_test/visual_detections/GOPR0356_frame_000401_rgb_anon.jpg","","withheld_acdc_redistribution_restriction","ACDC research-use licence: image redistribution prohibited","376212","ed62c3db60e7c20c6270c3803fbd0337937e4f9cbf8e641519216f5bbe65b000","","","1",""
"acdc_night_test","annotated_prediction","ACDC","ACDC_NIGHT","night","acdc_night_test/visual_detections/GOPR0356_frame_000404_rgb_anon.jpg","","withheld_acdc_redistribution_restriction","ACDC research-use licence: image redistribution prohibited","398070","2dfcb81edb378656854cd69f5b506df674b61ef83075d270589d067067c88d99","","","1",""
"acdc_night_test","annotated_prediction","ACDC","ACDC_NIGHT","night","acdc_night_test/visual_detections/GOPR0356_frame_000408_rgb_anon.jpg","","withheld_acdc_redistribution_restriction","ACDC research-use licence: image redistribution prohibited","375752","1f184b623ca2968d885e17b3cfd0b4221f78de9a066ebad4b1a115e2174450f7","","","1",""
"acdc_night_test","annotated_prediction","ACDC","ACDC_NIGHT","night","acdc_night_test/visual_detections/GOPR0356_frame_000414_rgb_anon.jpg","","withheld_acdc_redistribution_restriction","ACDC research-use licence: image redistribution prohibited","389631","f0cab7398f86b264a479f7ff2b75d20ccc4584749f939edf3d04d9e659aec7f0","","","1",""
"acdc_night_test","annotated_prediction","ACDC","ACDC_NIGHT","night","acdc_night_test/visual_detections/GOPR0356_frame_000418_rgb_anon.jpg","","withheld_acdc_redistribution_restriction","ACDC research-use licence: image redistribution prohibited","426130","0c090a5fce13deef9640992bc19d67f47d2ba5a6ce6ca2cbb357c9bd0128d083","","","1",""
"acdc_night_test","annotated_prediction","ACDC","ACDC_NIGHT","night","acdc_night_test/visual_detections/GOPR0356_frame_000421_rgb_anon.jpg","","withheld_acdc_redistribution_restriction","ACDC research-use licence: image redistribution prohibited","375790","ac9f151d2152dac5a7d2004f18a287ce9a8c9b3981e017f702a7a1ab4720a7b7","","","1",""
"acdc_night_test","annotated_prediction","ACDC","ACDC_NIGHT","night","acdc_night_test/visual_detections/GOPR0356_frame_000424_rgb_anon.jpg","","withheld_acdc_redistribution_restriction","ACDC research-use licence: image redistribution prohibited","334874","af49893ad6be7c41542acada4984e3a01b106cc0a6db7269c42cec921c509d7b","","","1",""
"acdc_night_test","annotated_prediction","ACDC","ACDC_NIGHT","night","acdc_night_test/visual_detections/GOPR0356_frame_000427_rgb_anon.jpg","","withheld_acdc_redistribution_restriction","ACDC research-use licence: image redistribution prohibited","455758","dd64a0124ca60dd7f39e1653ff61e6f1ab86e060171d21dcdc7c9413b7e4ecfb","","","1",""
"acdc_night_test","annotated_prediction","ACDC","ACDC_NIGHT","night","acdc_night_test/visual_detections/GOPR0356_frame_000430_rgb_anon.jpg","","withheld_acdc_redistribution_restriction","ACDC research-use licence: image redistribution prohibited","378600","0208ac416df0c572edec8cfa06009a362c4889e99fae0489064ea49a4a4adb9f","","","2",""
"acdc_night_test","annotated_prediction","ACDC","ACDC_NIGHT","night","acdc_night_test/visual_detections/GOPR0356_frame_000433_rgb_anon.jpg","","withheld_acdc_redistribution_restriction","ACDC research-use licence: image redistribution prohibited","473135","4ffab7404b50351e3a15a98eef29ab45d993fa49a581fb15cd20e8c792edb902","","","1",""
"acdc_night_test","annotated_prediction","ACDC","ACDC_NIGHT","night","acdc_night_test/visual_detections/GOPR0356_frame_000437_rgb_anon.jpg","","withheld_acdc_redistribution_restriction","ACDC research-use licence: image redistribution prohibited","507777","0ee9352208d6749b23c139e5ebd7cb04f7a2531f511aa5cc66c91f55c6a2a311","","","1",""
"acdc_night_test","annotated_prediction","ACDC","ACDC_NIGHT","night","acdc_night_test/visual_detections/GOPR0356_frame_000448_rgb_anon.jpg","","withheld_acdc_redistribution_restriction","ACDC research-use licence: image redistribution prohibited","489293","c87ee564fd3222fd655e161bbe2a6c6dc74386978d46bfb315b04662172d835e","","","1",""
"acdc_night_test","annotated_prediction","ACDC","ACDC_NIGHT","night","acdc_night_test/visual_detections/GOPR0356_frame_000452_rgb_anon.jpg","","withheld_acdc_redistribution_restriction","ACDC research-use licence: image redistribution prohibited","465881","8f20d3bc249273eef7cd925f30b4871d3a1eb9c969cffda95bc247f3e6539625","","","1",""
"acdc_night_test","annotated_prediction","ACDC","ACDC_NIGHT","night","acdc_night_test/visual_detections/GOPR0356_frame_000455_rgb_anon.jpg","","withheld_acdc_redistribution_restriction","ACDC research-use licence: image redistribution prohibited","421618","50dcf0fa8bf84b85a5fe9b341694cb44cece6b5d3b4ca9e07e888d9b601f0c43","","","1",""
"acdc_night_test","annotated_prediction","ACDC","ACDC_NIGHT","night","acdc_night_test/visual_detections/GOPR0356_frame_000458_rgb_anon.jpg","","withheld_acdc_redistribution_restriction","ACDC research-use licence: image redistribution prohibited","464334","a738693ac21e57c7e2d9b186c446ee04f10557fb2b2db921205718d86cec0bc7","","","1",""
"acdc_night_test","annotated_prediction","ACDC","ACDC_NIGHT","night","acdc_night_test/visual_detections/GOPR0356_frame_000461_rgb_anon.jpg","","withheld_acdc_redistribution_restriction","ACDC research-use licence: image redistribution prohibited","451223","1d65de110f176ab578a73900d25f552d8bb5e7be0e29fc3624febe2b66212a25","","","1",""
"acdc_night_test","annotated_prediction","ACDC","ACDC_NIGHT","night","acdc_night_test/visual_detections/GOPR0356_frame_000464_rgb_anon.jpg","","withheld_acdc_redistribution_restriction","ACDC research-use licence: image redistribution prohibited","361443","614a64498ca3952ea5bfc722ce372b3737699612f8d59862cb3cfae8d0484a77","","","1",""
"acdc_night_test","annotated_prediction","ACDC","ACDC_NIGHT","night","acdc_night_test/visual_detections/GOPR0356_frame_000467_rgb_anon.jpg","","withheld_acdc_redistribution_restriction","ACDC research-use licence: image redistribution prohibited","389858","5c64cdb6db782c30f606e85dc56374631c844ddcd0ae9fd2df934a8c093b1c11","","","2",""
"acdc_night_test","annotated_prediction","ACDC","ACDC_NIGHT","night","acdc_night_test/visual_detections/GOPR0356_frame_000470_rgb_anon.jpg","","withheld_acdc_redistribution_restriction","ACDC research-use licence: image redistribution prohibited","449817","d75008fd4918deecdb329d6a518129efedc6ae944673e7b7846f6c9acfc0438f","","","1",""
"acdc_night_test","annotated_prediction","ACDC","ACDC_NIGHT","night","acdc_night_test/visual_detections/GOPR0356_frame_000473_rgb_anon.jpg","","withheld_acdc_redistribution_restriction","ACDC research-use licence: image redistribution prohibited","388409","03dcc2e6ade352e8762d33d7665e9056f0b2203c752bed245a595393ded2ab9a","","","2",""
"acdc_night_test","annotated_prediction","ACDC","ACDC_NIGHT","night","acdc_night_test/visual_detections/GOPR0356_frame_000476_rgb_anon.jpg","","withheld_acdc_redistribution_restriction","ACDC research-use licence: image redistribution prohibited","308249","ee73126a7b8fddd3a6872739000a10afb8073e7e8a1574d53e38c358fcd38602","","","1",""
"acdc_night_test","annotated_prediction","ACDC","ACDC_NIGHT","night","acdc_night_test/visual_detections/GOPR0356_frame_000479_rgb_anon.jpg","","withheld_acdc_redistribution_restriction","ACDC research-use licence: image redistribution prohibited","291694","1a517b6f53263149d313b21fbf1e060152b06821a14c2a13630ab28372594dc4","","","2",""
"acdc_night_test","annotated_prediction","ACDC","ACDC_NIGHT","night","acdc_night_test/visual_detections/GOPR0356_frame_000482_rgb_anon.jpg","","withheld_acdc_redistribution_restriction","ACDC research-use licence: image redistribution prohibited","374965","3ffcc8ec6dc3c441f9a7f711118092a9439bb0c8c4ade5fbb1872224e192c709","","","1",""
"acdc_night_test","annotated_prediction","ACDC","ACDC_NIGHT","night","acdc_night_test/visual_detections/GOPR0356_frame_000485_rgb_anon.jpg","","withheld_acdc_redistribution_restriction","ACDC research-use licence: image redistribution prohibited","419161","a4056a92ce88e84da1570e8195ffc57479b495cacd597891376ea72d2fa6fa1f","","","3",""
"acdc_night_test","annotated_prediction","ACDC","ACDC_NIGHT","night","acdc_night_test/visual_detections/GOPR0356_frame_000488_rgb_anon.jpg","","withheld_acdc_redistribution_restriction","ACDC research-use licence: image redistribution prohibited","337849","78bdc159619382819bf27fcba22fc06c44e6d64ca59edef9bee8a9f0423e2b5e","","","2",""
"acdc_rain_test","annotated_prediction","ACDC","ACDC_RAIN","rain","acdc_rain_test/final_results/GOPR0400_frame_000058_rgb_anon.jpg","","withheld_acdc_redistribution_restriction","ACDC research-use licence: image redistribution prohibited","487997","0f26e21f17e4fb54a2da8724fd66ca6833f2bac6ddd8b4c600b36a109356e7bc","","","2",""
"acdc_rain_test","annotated_prediction","ACDC","ACDC_RAIN","rain","acdc_rain_test/final_results/GOPR0400_frame_000087_rgb_anon.jpg","","withheld_acdc_redistribution_restriction","ACDC research-use licence: image redistribution prohibited","425712","826d7a5f2a97b8c0f731c4500b17ca5653e5f8691e37ad6b2c4c0b0dc9980e42","","","2",""
"acdc_rain_test","annotated_prediction","ACDC","ACDC_RAIN","rain","acdc_rain_test/final_results/GOPR0400_frame_000094_rgb_anon.jpg","","withheld_acdc_redistribution_restriction","ACDC research-use licence: image redistribution prohibited","444182","6ba06ee97f9c4ecc6c047c1d094b5761bbd6820ae3947b96ddace144894a9303","","","2",""
"acdc_rain_test","annotated_prediction","ACDC","ACDC_RAIN","rain","acdc_rain_test/final_results/GOPR0400_frame_000107_rgb_anon.jpg","","withheld_acdc_redistribution_restriction","ACDC research-use licence: image redistribution prohibited","469334","7d0091079339d451cda1be6c6b70eee516dc7ec3f27588a6994bb0121d876367","","","2",""
"acdc_rain_test","annotated_prediction","ACDC","ACDC_RAIN","rain","acdc_rain_test/final_results/GOPR0400_frame_000114_rgb_anon.jpg","","withheld_acdc_redistribution_restriction","ACDC research-use licence: image redistribution prohibited","496431","c39f7db98631fa2624f8449152e485267027eeae86efcd935491de1018e80663","","","2",""
"acdc_rain_test","annotated_prediction","ACDC","ACDC_RAIN","rain","acdc_rain_test/final_results/GOPR0400_frame_000125_rgb_anon.jpg","","withheld_acdc_redistribution_restriction","ACDC research-use licence: image redistribution prohibited","467819","ea15a7ef1cfe9208b6dfe298e26abad184aa10abfdb0ef1bf787833784752b51","","","2",""
"acdc_rain_test","annotated_prediction","ACDC","ACDC_RAIN","rain","acdc_rain_test/final_results/GOPR0400_frame_000150_rgb_anon.jpg","","withheld_acdc_redistribution_restriction","ACDC research-use licence: image redistribution prohibited","486867","72c1fc2b6c9473313aae16c5be627b30ecaef0077f88699be2dc88e74df18162","","","2",""
"acdc_rain_test","annotated_prediction","ACDC","ACDC_RAIN","rain","acdc_rain_test/final_results/GOPR0402_frame_000120_rgb_anon.jpg","","withheld_acdc_redistribution_restriction","ACDC research-use licence: image redistribution prohibited","499172","244dcc5092cd1e37629258233b186004e0885d979b66f9e7f7f8b90002d01658","","","2",""
"acdc_rain_test","annotated_prediction","ACDC","ACDC_RAIN","rain","acdc_rain_test/final_results/GOPR0402_frame_000134_rgb_anon.jpg","","withheld_acdc_redistribution_restriction","ACDC research-use licence: image redistribution prohibited","572474","7ed9dd9e747da0105ae503228beaf3229ada77d9ed5289f299a40df48fc54554","","","2",""
"acdc_rain_test","annotated_prediction","ACDC","ACDC_RAIN","rain","acdc_rain_test/final_results/GOPR0402_frame_000154_rgb_anon.jpg","","withheld_acdc_redistribution_restriction","ACDC research-use licence: image redistribution prohibited","428173","c4343000cdeec185520028a0fa953f1625d0448c30a1b6a7799857286e3ff13e","","","2",""
"acdc_rain_test","annotated_prediction","ACDC","ACDC_RAIN","rain","acdc_rain_test/final_results/GOPR0402_frame_000186_rgb_anon.jpg","","withheld_acdc_redistribution_restriction","ACDC research-use licence: image redistribution prohibited","451647","8c93bec40a702fcc561842786d95bfa1ba7b914d0ed7d3b1c3d6b9ff6f5f2f64","","","2",""
"acdc_rain_test","annotated_prediction","ACDC","ACDC_RAIN","rain","acdc_rain_test/final_results/GOPR0402_frame_000194_rgb_anon.jpg","","withheld_acdc_redistribution_restriction","ACDC research-use licence: image redistribution prohibited","595959","4e6558ea333e6f532953e715869601d8002a140b7fece7a8a84b2eb6343abee0","","","2",""
"acdc_rain_test","annotated_prediction","ACDC","ACDC_RAIN","rain","acdc_rain_test/final_results/GOPR0402_frame_000214_rgb_anon.jpg","","withheld_acdc_redistribution_restriction","ACDC research-use licence: image redistribution prohibited","587685","d2835303572c7baca0c9700d246605fc3b313181dc9c146e47c76434b15ed04d","","","2",""
"acdc_rain_test","annotated_prediction","ACDC","ACDC_RAIN","rain","acdc_rain_test/final_results/GOPR0402_frame_000234_rgb_anon.jpg","","withheld_acdc_redistribution_restriction","ACDC research-use licence: image redistribution prohibited","575608","dc5afb46eabcd4e78263441aea75930d21b4d700a8538568870376e9901b47ca","","","2",""
"acdc_rain_test","annotated_prediction","ACDC","ACDC_RAIN","rain","acdc_rain_test/final_results/GOPR0402_frame_000254_rgb_anon.jpg","","withheld_acdc_redistribution_restriction","ACDC research-use licence: image redistribution prohibited","749425","add269fe3e664a9787b6e907233bb074ba8034c3e35eb69ea48facfbc3c379c8","","","2",""
"acdc_rain_test","annotated_prediction","ACDC","ACDC_RAIN","rain","acdc_rain_test/final_results/GOPR0402_frame_000294_rgb_anon.jpg","","withheld_acdc_redistribution_restriction","ACDC research-use licence: image redistribution prohibited","584589","f0018d99fc3fd477ef9c1c25b0111e8124be6d34a46dac51c3420a9f8a4f84ae","","","2",""
"acdc_rain_test","annotated_prediction","ACDC","ACDC_RAIN","rain","acdc_rain_test/final_results/GOPR0402_frame_000304_rgb_anon.jpg","","withheld_acdc_redistribution_restriction","ACDC research-use licence: image redistribution prohibited","585254","26edccb10515e0827e88d8909f983304dcc31aac9d0befb19adc0802ff74780d","","","2",""
"acdc_rain_test","annotated_prediction","ACDC","ACDC_RAIN","rain","acdc_rain_test/final_results/GOPR0402_frame_000315_rgb_anon.jpg","","withheld_acdc_redistribution_restriction","ACDC research-use licence: image redistribution prohibited","560695","7cc0efed5eab55e55bbaf32eebd23a9f8c5b642bb60f96f3a64afd03d8bae7e9","","","2",""
"acdc_rain_test","annotated_prediction","ACDC","ACDC_RAIN","rain","acdc_rain_test/final_results/GOPR0402_frame_000320_rgb_anon.jpg","","withheld_acdc_redistribution_restriction","ACDC research-use licence: image redistribution prohibited","623366","f386be9766db1475e0947fb5dac84f528988b9bde0665001c9a4f3376e87fcc2","","","2",""
"acdc_rain_test","annotated_prediction","ACDC","ACDC_RAIN","rain","acdc_rain_test/final_results/GOPR0402_frame_000331_rgb_anon.jpg","","withheld_acdc_redistribution_restriction","ACDC research-use licence: image redistribution prohibited","549004","e5fdaec30e2cbf0fb8732e484051986a795c168e2b3d00bdc9b1e9a358df43ca","","","2",""
"acdc_rain_test","annotated_prediction","ACDC","ACDC_RAIN","rain","acdc_rain_test/final_results/GOPR0402_frame_000336_rgb_anon.jpg","","withheld_acdc_redistribution_restriction","ACDC research-use licence: image redistribution prohibited","475454","346bdd4fff6512b0d4183a99c8d14b8065387532d92d43cf61bbdc659bb4d1aa","","","2",""
"acdc_rain_test","annotated_prediction","ACDC","ACDC_RAIN","rain","acdc_rain_test/final_results/GOPR0402_frame_000351_rgb_anon.jpg","","withheld_acdc_redistribution_restriction","ACDC research-use licence: image redistribution prohibited","474440","b8a415de8e8cbd6af33011a6014a088841f052465e6cda20b85a68469fa57e42","","","2",""
"acdc_rain_test","annotated_prediction","ACDC","ACDC_RAIN","rain","acdc_rain_test/final_results/GOPR0402_frame_000365_rgb_anon.jpg","","withheld_acdc_redistribution_restriction","ACDC research-use licence: image redistribution prohibited","544153","f3a1343c60419dfe8e85cd05c96d4d70d6aeae58e7ac33abfd30a1b5237338fb","","","2",""
"acdc_rain_test","annotated_prediction","ACDC","ACDC_RAIN","rain","acdc_rain_test/final_results/GOPR0402_frame_000369_rgb_anon.jpg","","withheld_acdc_redistribution_restriction","ACDC research-use licence: image redistribution prohibited","539436","468cadeb5d646bec22dacdfce679e5e86202f869c3dc0099c07d2bfb1edbe0c7","","","2",""
"acdc_rain_test","annotated_prediction","ACDC","ACDC_RAIN","rain","acdc_rain_test/final_results/GOPR0402_frame_000384_rgb_anon.jpg","","withheld_acdc_redistribution_restriction","ACDC research-use licence: image redistribution prohibited","590661","dc5c4b5245de88615d77774705b19d1267f3386e4dbde31721d3c97a649ef5aa","","","2",""
"acdc_rain_test","annotated_prediction","ACDC","ACDC_RAIN","rain","acdc_rain_test/final_results/GOPR0402_frame_000402_rgb_anon.jpg","","withheld_acdc_redistribution_restriction","ACDC research-use licence: image redistribution prohibited","577313","ac92e056e124ee85feeb50519dc1ebbb6d0e3178369ce4928166b4d3f70b182a","","","2",""
"acdc_rain_test","annotated_prediction","ACDC","ACDC_RAIN","rain","acdc_rain_test/final_results/GOPR0402_frame_000408_rgb_anon.jpg","","withheld_acdc_redistribution_restriction","ACDC research-use licence: image redistribution prohibited","495546","423b543a7f97a5559ebdb94854a983d894d958c10cdec9af5717adc83d796904","","","2",""
"acdc_rain_test","annotated_prediction","ACDC","ACDC_RAIN","rain","acdc_rain_test/final_results/GOPR0402_frame_000424_rgb_anon.jpg","","withheld_acdc_redistribution_restriction","ACDC research-use licence: image redistribution prohibited","390741","4196750ec56cac6a4b2bcf71c2fd8e76c40bcbb58d63bdb67e4dc9ccbc5b108a","","","2",""
"acdc_rain_test","annotated_prediction","ACDC","ACDC_RAIN","rain","acdc_rain_test/final_results/GOPR0402_frame_000429_rgb_anon.jpg","","withheld_acdc_redistribution_restriction","ACDC research-use licence: image redistribution prohibited","492250","3ea64544b8dd8996ba5f6f457e3663175c5c10d5c27a2b596c4de9ca67d279c8","","","2",""
"acdc_rain_test","annotated_prediction","ACDC","ACDC_RAIN","rain","acdc_rain_test/final_results/GOPR0402_frame_000435_rgb_anon.jpg","","withheld_acdc_redistribution_restriction","ACDC research-use licence: image redistribution prohibited","599219","7d142ed792371a9cf017cea41e0ea7e89d8763a750ad0a2fd19b67aa365e1071","","","2",""
"acdc_rain_test","annotated_prediction","ACDC","ACDC_RAIN","rain","acdc_rain_test/final_results/GOPR0402_frame_000441_rgb_anon.jpg","","withheld_acdc_redistribution_restriction","ACDC research-use licence: image redistribution prohibited","560385","843f9930ed7038c2a552d294031ee8788d12991c64895fc467e926d2fa06b5c1","","","2",""
"acdc_rain_test","annotated_prediction","ACDC","ACDC_RAIN","rain","acdc_rain_test/final_results/GOPR0402_frame_000457_rgb_anon.jpg","","withheld_acdc_redistribution_restriction","ACDC research-use licence: image redistribution prohibited","589937","7e0c95f04854aa9a4d369a6be373b22da0213ea0d16707c9a9352cfdc4ae4011","","","2",""
"acdc_rain_test","annotated_prediction","ACDC","ACDC_RAIN","rain","acdc_rain_test/final_results/GOPR0402_frame_000741_rgb_anon.jpg","","withheld_acdc_redistribution_restriction","ACDC research-use licence: image redistribution prohibited","507981","a5be4a11e4282f783f9b2f4edf481910e8ffbce1755ac462a2364ade2ce43da8","","","2",""
"acdc_rain_test","annotated_prediction","ACDC","ACDC_RAIN","rain","acdc_rain_test/final_results/GOPR0402_frame_000748_rgb_anon.jpg","","withheld_acdc_redistribution_restriction","ACDC research-use licence: image redistribution prohibited","524268","d9c5aa55ae0c39f1d9cdc083cc9ed13fc9085d77f06f539a698b6f85ca621d3c","","","2",""
"acdc_rain_test","annotated_prediction","ACDC","ACDC_RAIN","rain","acdc_rain_test/final_results/GOPR0402_frame_000755_rgb_anon.jpg","","withheld_acdc_redistribution_restriction","ACDC research-use licence: image redistribution prohibited","528717","612054b7993f7694bfa56027a1b9196c4807c2b313bd830ca626b11daf7185e7","","","2",""
"acdc_rain_test","annotated_prediction","ACDC","ACDC_RAIN","rain","acdc_rain_test/final_results/GOPR0402_frame_000761_rgb_anon.jpg","","withheld_acdc_redistribution_restriction","ACDC research-use licence: image redistribution prohibited","550682","68d3506117855304028685b7f7a0d0f8d9136afe7498ed79306ed151e3d11f0b","","","2",""
"acdc_rain_test","annotated_prediction","ACDC","ACDC_RAIN","rain","acdc_rain_test/final_results/GOPR0571_frame_000232_rgb_anon.jpg","","withheld_acdc_redistribution_restriction","ACDC research-use licence: image redistribution prohibited","587914","d5e45aa1a98e514a2fa41770a47e6ac5ddd1c15f66a00adc872a7e8d33f4182a","","","2",""
"acdc_rain_test","annotated_prediction","ACDC","ACDC_RAIN","rain","acdc_rain_test/final_results/GOPR0571_frame_000275_rgb_anon.jpg","","withheld_acdc_redistribution_restriction","ACDC research-use licence: image redistribution prohibited","680212","43ff84b2b0891f2f761b030762d05a69f8097e94672c43b1880e58e45174b980","","","2",""
"acdc_rain_test","annotated_prediction","ACDC","ACDC_RAIN","rain","acdc_rain_test/final_results/GOPR0572_frame_000736_rgb_anon.jpg","","withheld_acdc_redistribution_restriction","ACDC research-use licence: image redistribution prohibited","534177","db1802ce38ed9e2011fb97a82206440628c28c72c00d4a4698016a5ac330b646","","","2",""
"acdc_rain_test","annotated_prediction","ACDC","ACDC_RAIN","rain","acdc_rain_test/final_results/GOPR0572_frame_000740_rgb_anon.jpg","","withheld_acdc_redistribution_restriction","ACDC research-use licence: image redistribution prohibited","448598","3654efc7e183ebeaf747e5eb1908a9fc0156488e880d554d944b60d33c0d69f6","","","2",""
"acdc_rain_test","annotated_prediction","ACDC","ACDC_RAIN","rain","acdc_rain_test/final_results/GOPR0572_frame_000748_rgb_anon.jpg","","withheld_acdc_redistribution_restriction","ACDC research-use licence: image redistribution prohibited","433599","859909bebf1aefda759876b4ac9f506dfab3a4b20d23e8005e1e38cd35f69e19","","","2",""
"acdc_rain_test","annotated_prediction","ACDC","ACDC_RAIN","rain","acdc_rain_test/final_results/GOPR0572_frame_000752_rgb_anon.jpg","","withheld_acdc_redistribution_restriction","ACDC research-use licence: image redistribution prohibited","481467","5fdfabc9482f211971342eb47f31f4353e00d8127fded6647b68f652f4808f24","","","2",""
"acdc_rain_test","annotated_prediction","ACDC","ACDC_RAIN","rain","acdc_rain_test/final_results/GOPR0572_frame_000756_rgb_anon.jpg","","withheld_acdc_redistribution_restriction","ACDC research-use licence: image redistribution prohibited","437962","e83d2bec032c399267b2d173b24d5ad508b66e2c120727f7847749ecbaa8016b","","","2",""
"acdc_rain_test","annotated_prediction","ACDC","ACDC_RAIN","rain","acdc_rain_test/final_results/GOPR0572_frame_000760_rgb_anon.jpg","","withheld_acdc_redistribution_restriction","ACDC research-use licence: image redistribution prohibited","466243","9f01dd147f41b7bc3eee88ae2eaa9aa240258d3e1a665a50c16ddcd132b76986","","","2",""
"acdc_rain_test","annotated_prediction","ACDC","ACDC_RAIN","rain","acdc_rain_test/final_results/GOPR0572_frame_000773_rgb_anon.jpg","","withheld_acdc_redistribution_restriction","ACDC research-use licence: image redistribution prohibited","590571","3fe23f1179245a22df79cf47cf39751ab24cf19b99533a1a5e4fd0cf3d12e932","","","2",""
"acdc_rain_test","annotated_prediction","ACDC","ACDC_RAIN","rain","acdc_rain_test/final_results/GOPR0572_frame_000778_rgb_anon.jpg","","withheld_acdc_redistribution_restriction","ACDC research-use licence: image redistribution prohibited","516457","90f4c3168a489f796127d07701daef27840a0eb16303703357a9d837670fdd5b","","","2",""
"acdc_rain_test","annotated_prediction","ACDC","ACDC_RAIN","rain","acdc_rain_test/final_results/GOPR0572_frame_000820_rgb_anon.jpg","","withheld_acdc_redistribution_restriction","ACDC research-use licence: image redistribution prohibited","556592","1e130c8dd1a145d6573c47a1d6accb4a5e1df757a22ece9c8313d85ea9bea308","","","2",""
"acdc_rain_test","annotated_prediction","ACDC","ACDC_RAIN","rain","acdc_rain_test/final_results/GOPR0572_frame_000825_rgb_anon.jpg","","withheld_acdc_redistribution_restriction","ACDC research-use licence: image redistribution prohibited","564977","e6ca0381a4dcd3970b77fecf9673558695cce2b53d618e612fe97f1be897428c","","","2",""
"acdc_rain_test","annotated_prediction","ACDC","ACDC_RAIN","rain","acdc_rain_test/final_results/GOPR0572_frame_000830_rgb_anon.jpg","","withheld_acdc_redistribution_restriction","ACDC research-use licence: image redistribution prohibited","566376","45694655d7858f96fae682dc55ac3e9aa1785d5fc1d60ea3685e0c7bafe941da","","","2",""
"acdc_rain_test","annotated_prediction","ACDC","ACDC_RAIN","rain","acdc_rain_test/final_results/GOPR0572_frame_000836_rgb_anon.jpg","","withheld_acdc_redistribution_restriction","ACDC research-use licence: image redistribution prohibited","554516","7e4e14a95009024a60e5e81d31b62ba431c505c03d913751319ee45167af0e3e","","","2",""
"acdc_rain_test","annotated_prediction","ACDC","ACDC_RAIN","rain","acdc_rain_test/final_results/GOPR0572_frame_000860_rgb_anon.jpg","","withheld_acdc_redistribution_restriction","ACDC research-use licence: image redistribution prohibited","581056","53eba594eab4fba1a4edf0580451b4062a98364bbde139908c5ab704cb623ef2","","","2",""
"acdc_rain_test","annotated_prediction","ACDC","ACDC_RAIN","rain","acdc_rain_test/final_results/GP010400_frame_000214_rgb_anon.jpg","","withheld_acdc_redistribution_restriction","ACDC research-use licence: image redistribution prohibited","510110","73f81a65555158f55bfe2c1e4b75c43d13435345bd5095afdd8218f53be094ac","","","2",""
"acdc_rain_test","annotated_prediction","ACDC","ACDC_RAIN","rain","acdc_rain_test/final_results/GP010400_frame_000234_rgb_anon.jpg","","withheld_acdc_redistribution_restriction","ACDC research-use licence: image redistribution prohibited","503651","1f204c8bae22ad5e10bab45748d019cb1e8419f8a24a691faac4a9fae2e69880","","","2",""
"acdc_rain_test","annotated_prediction","ACDC","ACDC_RAIN","rain","acdc_rain_test/final_results/GP010400_frame_000290_rgb_anon.jpg","","withheld_acdc_redistribution_restriction","ACDC research-use licence: image redistribution prohibited","532180","ced277df2306a4843290fb23e1fbb2ad3bc8fa121994c49318ac955238ba6f43","","","2",""
"acdc_rain_test","annotated_prediction","ACDC","ACDC_RAIN","rain","acdc_rain_test/final_results/GP010400_frame_000350_rgb_anon.jpg","","withheld_acdc_redistribution_restriction","ACDC research-use licence: image redistribution prohibited","618011","8e621dcaa4690f673c75966416346129dacd64838214d8382d15ad29ffec1b02","","","2",""
"acdc_rain_test","annotated_prediction","ACDC","ACDC_RAIN","rain","acdc_rain_test/final_results/GP010400_frame_000360_rgb_anon.jpg","","withheld_acdc_redistribution_restriction","ACDC research-use licence: image redistribution prohibited","560052","692e733ec4464d880dcb43df433d25c1e5a0e25f720b345a56ad3c896be8bb2e","","","2",""
"acdc_rain_test","annotated_prediction","ACDC","ACDC_RAIN","rain","acdc_rain_test/final_results/GP010400_frame_000380_rgb_anon.jpg","","withheld_acdc_redistribution_restriction","ACDC research-use licence: image redistribution prohibited","528908","d9ec61ab309619488be362dbf47f038c5631cdaa1b40d452463ee7b3173c259f","","","2",""
"acdc_rain_test","annotated_prediction","ACDC","ACDC_RAIN","rain","acdc_rain_test/final_results/GP020402_frame_000599_rgb_anon.jpg","","withheld_acdc_redistribution_restriction","ACDC research-use licence: image redistribution prohibited","449765","1d2c3791ec81a856a721a02b7709058846de158b4ca2708f99e012e0bc9aa9ec","","","2",""
"acdc_rain_test","annotated_prediction","ACDC","ACDC_RAIN","rain","acdc_rain_test/final_results/GP020402_frame_000615_rgb_anon.jpg","","withheld_acdc_redistribution_restriction","ACDC research-use licence: image redistribution prohibited","460064","eaab1a4e8978de99636917282ae3dbcdfdfc098c0ec9104b13a6e281eca48bc6","","","2",""
"acdc_rain_test","annotated_prediction","ACDC","ACDC_RAIN","rain","acdc_rain_test/final_results/GP020402_frame_000624_rgb_anon.jpg","","withheld_acdc_redistribution_restriction","ACDC research-use licence: image redistribution prohibited","494094","fca229553a3ead9c51c849cba190788723c7e3d412e4a3834627382a790d0dc1","","","2",""
"acdc_rain_test","annotated_prediction","ACDC","ACDC_RAIN","rain","acdc_rain_test/final_results/GP020402_frame_000644_rgb_anon.jpg","","withheld_acdc_redistribution_restriction","ACDC research-use licence: image redistribution prohibited","468279","7fad443e9cb87924cddf625b69cfed869872502adfd6122692b930950b96cc4e","","","2",""
"acdc_rain_test","annotated_prediction","ACDC","ACDC_RAIN","rain","acdc_rain_test/final_results/GP020402_frame_000723_rgb_anon.jpg","","withheld_acdc_redistribution_restriction","ACDC research-use licence: image redistribution prohibited","589907","6658f1aac7ecae1d1ab966ff6f7fb3bc897d1e4ae6a3655b9c926358b2b304b7","","","2",""
"acdc_rain_test","annotated_prediction","ACDC","ACDC_RAIN","rain","acdc_rain_test/final_results/GP020402_frame_000738_rgb_anon.jpg","","withheld_acdc_redistribution_restriction","ACDC research-use licence: image redistribution prohibited","455532","f2f6f91ea0234d2c8235caf13c9e929b2115310b60ee29e4f5e0311d8b36b6b2","","","2",""
"acdc_rain_test","annotated_prediction","ACDC","ACDC_RAIN","rain","acdc_rain_test/final_results/GP020402_frame_000748_rgb_anon.jpg","","withheld_acdc_redistribution_restriction","ACDC research-use licence: image redistribution prohibited","464145","a728597f24720144dfc8476534d6ad9670fb4296e12b6f7d51f3c27a18414e43","","","2",""
"acdc_rain_test","annotated_prediction","ACDC","ACDC_RAIN","rain","acdc_rain_test/final_results/GP020402_frame_000753_rgb_anon.jpg","","withheld_acdc_redistribution_restriction","ACDC research-use licence: image redistribution prohibited","580813","99262226597fec45d74ef3130f5689673d98845d6c369bdc44a10d85e888a7de","","","2",""
"acdc_rain_test","annotated_prediction","ACDC","ACDC_RAIN","rain","acdc_rain_test/final_results/GP020402_frame_000774_rgb_anon.jpg","","withheld_acdc_redistribution_restriction","ACDC research-use licence: image redistribution prohibited","619513","e54d2a1359bec2b5885b039cbf0b078bc024b889f82dd9e4f6e6547fdd70667a","","","2",""
"acdc_rain_test","annotated_prediction","ACDC","ACDC_RAIN","rain","acdc_rain_test/final_results/GP020402_frame_000784_rgb_anon.jpg","","withheld_acdc_redistribution_restriction","ACDC research-use licence: image redistribution prohibited","746953","d7b445cb5c6684d69ff1d1b506b387778ef0ab2b41527175a5ac97e864bd1f3c","","","2",""
"acdc_rain_test","annotated_prediction","ACDC","ACDC_RAIN","rain","acdc_rain_test/final_results/GP020402_frame_000795_rgb_anon.jpg","","withheld_acdc_redistribution_restriction","ACDC research-use licence: image redistribution prohibited","493836","19814dcd7d6506bc7fe3cf979ccaf58f025c7006b8e9037a808de42543da673a","","","2",""
"acdc_rain_test","annotated_prediction","ACDC","ACDC_RAIN","rain","acdc_rain_test/final_results/GP020402_frame_000802_rgb_anon.jpg","","withheld_acdc_redistribution_restriction","ACDC research-use licence: image redistribution prohibited","520133","2504d1be8cd3d432f91ac189eb6a45e320c8065518b3e5e1b891a0bc8ddfe4fb","","","2",""
"acdc_rain_test","annotated_prediction","ACDC","ACDC_RAIN","rain","acdc_rain_test/final_results/GP020402_frame_000809_rgb_anon.jpg","","withheld_acdc_redistribution_restriction","ACDC research-use licence: image redistribution prohibited","479824","d6373e589731beddcfcc0a6caf59df068f1b7bce62b5539160b4585b05f4ba91","","","2",""
"acdc_rain_test","annotated_prediction","ACDC","ACDC_RAIN","rain","acdc_rain_test/final_results/GP020402_frame_000830_rgb_anon.jpg","","withheld_acdc_redistribution_restriction","ACDC research-use licence: image redistribution prohibited","566413","fca9f5c348870ce6f23f1f8d06b938e6ddd04f0645b4b10785d7bfa0f055844a","","","2",""
"acdc_rain_test","annotated_prediction","ACDC","ACDC_RAIN","rain","acdc_rain_test/final_results/GP020402_frame_000835_rgb_anon.jpg","","withheld_acdc_redistribution_restriction","ACDC research-use licence: image redistribution prohibited","542444","e1fb43f945632cc081dd7545c0075406d4325853df4a53df5ff59c4c168cfc88","","","2",""
"acdc_rain_test","annotated_prediction","ACDC","ACDC_RAIN","rain","acdc_rain_test/final_results/GP020402_frame_000843_rgb_anon.jpg","","withheld_acdc_redistribution_restriction","ACDC research-use licence: image redistribution prohibited","508652","dd044598a4030e05b33ab14959610d7cb2d3e2fd8c1cdf73d85a9fc7e0079d29","","","2",""
"acdc_rain_test","annotated_prediction","ACDC","ACDC_RAIN","rain","acdc_rain_test/final_results/GP020402_frame_000863_rgb_anon.jpg","","withheld_acdc_redistribution_restriction","ACDC research-use licence: image redistribution prohibited","484268","f6a9a90a199f2c895b40fd46361174a3147ced5b8a5d9f8423708570613fff7f","","","2",""
"acdc_rain_test","annotated_prediction","ACDC","ACDC_RAIN","rain","acdc_rain_test/final_results/GP020402_frame_000883_rgb_anon.jpg","","withheld_acdc_redistribution_restriction","ACDC research-use licence: image redistribution prohibited","501349","141961aa4591cdd785215b3b2fa3b3dec94a51f3a5886278508a707199560a23","","","2",""
"acdc_rain_test","annotated_prediction","ACDC","ACDC_RAIN","rain","acdc_rain_test/final_results/GP020402_frame_000898_rgb_anon.jpg","","withheld_acdc_redistribution_restriction","ACDC research-use licence: image redistribution prohibited","558411","0e666f05a2df967acf0d774de9840778274012c0185c83a1a00becc9d67fed85","","","2",""
"acdc_rain_test","annotated_prediction","ACDC","ACDC_RAIN","rain","acdc_rain_test/final_results/GP020402_frame_000904_rgb_anon.jpg","","withheld_acdc_redistribution_restriction","ACDC research-use licence: image redistribution prohibited","615979","273b0783aa235480ae6ec6a998cf80d703790c07c3f42190ad24b5bd8e5f68c1","","","2",""
"acdc_rain_test","annotated_prediction","ACDC","ACDC_RAIN","rain","acdc_rain_test/final_results/GP020402_frame_000909_rgb_anon.jpg","","withheld_acdc_redistribution_restriction","ACDC research-use licence: image redistribution prohibited","570397","cc0aeb38ecd8cc8c4ce61186347adcac482fb5b8d77f18749c6186437ef24a80","","","2",""
"acdc_rain_test","annotated_prediction","ACDC","ACDC_RAIN","rain","acdc_rain_test/final_results/GP020402_frame_000914_rgb_anon.jpg","","withheld_acdc_redistribution_restriction","ACDC research-use licence: image redistribution prohibited","479646","be6f70a3ddd3bbd88d9bb04f79878ea099168fb6c1817e5b16237ea55d84359d","","","2",""
"acdc_rain_test","annotated_prediction","ACDC","ACDC_RAIN","rain","acdc_rain_test/final_results/GP020402_frame_000919_rgb_anon.jpg","","withheld_acdc_redistribution_restriction","ACDC research-use licence: image redistribution prohibited","507443","80655f08f6d417c3e4e929e9171ed4c0844e29b811b96874dfd0bf2ee375f973","","","2",""
"acdc_rain_test","annotated_prediction","ACDC","ACDC_RAIN","rain","acdc_rain_test/final_results/GP020402_frame_000939_rgb_anon.jpg","","withheld_acdc_redistribution_restriction","ACDC research-use licence: image redistribution prohibited","541011","8d24424fc7dd68fd1908245633ef7980d1c343144271d0d817fad06a0bf5f8ab","","","2",""
"acdc_rain_test","annotated_prediction","ACDC","ACDC_RAIN","rain","acdc_rain_test/final_results/GP020402_frame_000946_rgb_anon.jpg","","withheld_acdc_redistribution_restriction","ACDC research-use licence: image redistribution prohibited","509295","972df4a609e2df8f96c0bb0511557927f72144d87de14a431a7201c320d8177b","","","2",""
"acdc_rain_test","annotated_prediction","ACDC","ACDC_RAIN","rain","acdc_rain_test/final_results/GP020402_frame_000951_rgb_anon.jpg","","withheld_acdc_redistribution_restriction","ACDC research-use licence: image redistribution prohibited","451639","cf43d9bda316d96b16490efe487da4b9d4e22d7631d3a306d59d32ce049a1917","","","2",""
"acdc_rain_test","annotated_prediction","ACDC","ACDC_RAIN","rain","acdc_rain_test/final_results/GP020402_frame_000966_rgb_anon.jpg","","withheld_acdc_redistribution_restriction","ACDC research-use licence: image redistribution prohibited","457327","1d74bfbd3e5c8018a3b2e479040cbd13fcab0334d89f156104caedd9df7b5f76","","","2",""
"acdc_rain_test","annotated_prediction","ACDC","ACDC_RAIN","rain","acdc_rain_test/final_results/GP020402_frame_000971_rgb_anon.jpg","","withheld_acdc_redistribution_restriction","ACDC research-use licence: image redistribution prohibited","474389","a2f3f854dd5c0ad2efde740159ad967dd85d2195144d5a49a244df142a096298","","","2",""
"acdc_rain_test","annotated_prediction","ACDC","ACDC_RAIN","rain","acdc_rain_test/final_results/GP020402_frame_000976_rgb_anon.jpg","","withheld_acdc_redistribution_restriction","ACDC research-use licence: image redistribution prohibited","488451","7d32c178983aa3f461431f688b0f13cb8199f4823b37a12ea2532e25545000f4","","","2",""
"acdc_rain_test","annotated_prediction","ACDC","ACDC_RAIN","rain","acdc_rain_test/final_results/GP020402_frame_000981_rgb_anon.jpg","","withheld_acdc_redistribution_restriction","ACDC research-use licence: image redistribution prohibited","565833","a0991f71426bdbc1a799e17961b707873b71a4162da97564a2a3cc12682831ae","","","2",""
"acdc_rain_test","annotated_prediction","ACDC","ACDC_RAIN","rain","acdc_rain_test/final_results/GP020402_frame_000994_rgb_anon.jpg","","withheld_acdc_redistribution_restriction","ACDC research-use licence: image redistribution prohibited","551016","46aa7e021e8c41e4b358d04d27760519595aa34d02730a7181f36ad4824a7540","","","2",""
"acdc_rain_test","annotated_prediction","ACDC","ACDC_RAIN","rain","acdc_rain_test/final_results/GP020402_frame_001000_rgb_anon.jpg","","withheld_acdc_redistribution_restriction","ACDC research-use licence: image redistribution prohibited","676012","60a0561973e70f746933f6cb16a889275b7befa48fec4451542bd71cf48cf99f","","","2",""
"acdc_rain_test","annotated_prediction","ACDC","ACDC_RAIN","rain","acdc_rain_test/final_results/GP020402_frame_001020_rgb_anon.jpg","","withheld_acdc_redistribution_restriction","ACDC research-use licence: image redistribution prohibited","653977","676c3b698fa1e35838a32387e28e636a7e442b94cbe6cbe3aa02ce6ef81a1eb7","","","2",""
"acdc_rain_test","annotated_prediction","ACDC","ACDC_RAIN","rain","acdc_rain_test/final_results/GP030400_frame_000121_rgb_anon.jpg","","withheld_acdc_redistribution_restriction","ACDC research-use licence: image redistribution prohibited","442677","8c9ab8f25401556c95314ad193204df37eab33019c14ff792e07c55df9beb16a","","","2",""
"acdc_rain_test","annotated_prediction","ACDC","ACDC_RAIN","rain","acdc_rain_test/final_results/GP030400_frame_000129_rgb_anon.jpg","","withheld_acdc_redistribution_restriction","ACDC research-use licence: image redistribution prohibited","536765","d9247362a5c2fba4d6eb56bb382439d1dc00722ae4b9464173467f2573a17af2","","","2",""
"acdc_rain_test","annotated_prediction","ACDC","ACDC_RAIN","rain","acdc_rain_test/final_results/GP030400_frame_000135_rgb_anon.jpg","","withheld_acdc_redistribution_restriction","ACDC research-use licence: image redistribution prohibited","489174","d914399fc90016324f4396b0fbdbfd6725fc5f44c7d28bd4d9dddf88673811ac","","","2",""
"acdc_rain_test","annotated_prediction","ACDC","ACDC_RAIN","rain","acdc_rain_test/final_results/GP030400_frame_000154_rgb_anon.jpg","","withheld_acdc_redistribution_restriction","ACDC research-use licence: image redistribution prohibited","430637","9dd03dcc3c6f6966de12833725fa9b9546605aaaf5ac587336a20af0b93da85f","","","2",""
"acdc_rain_test","annotated_prediction","ACDC","ACDC_RAIN","rain","acdc_rain_test/final_results/GP030400_frame_000184_rgb_anon.jpg","","withheld_acdc_redistribution_restriction","ACDC research-use licence: image redistribution prohibited","460743","f1cb81d1b52ccc771eb447bda68aee10ae5ba1d1be02593ae4432bd65c7e3271","","","2",""
"acdc_rain_test","annotated_prediction","ACDC","ACDC_RAIN","rain","acdc_rain_test/final_results/GP030402_frame_000001_rgb_anon.jpg","","withheld_acdc_redistribution_restriction","ACDC research-use licence: image redistribution prohibited","628359","1c7bea33b38a711c10ce33c93abc3b60f070079f076653262b71d13722d85b8d","","","2",""
"acdc_rain_test","annotated_prediction","ACDC","ACDC_RAIN","rain","acdc_rain_test/final_results/GP030402_frame_000022_rgb_anon.jpg","","withheld_acdc_redistribution_restriction","ACDC research-use licence: image redistribution prohibited","447279","a424cf7d33af2ab36edc6811ac6938f7a0b7a5fa1976919d6e5e09fa9271fa32","","","2",""
"acdc_rain_test","annotated_prediction","ACDC","ACDC_RAIN","rain","acdc_rain_test/final_results/GP030402_frame_000094_rgb_anon.jpg","","withheld_acdc_redistribution_restriction","ACDC research-use licence: image redistribution prohibited","481182","b14522886e82a39ee68f36aaf50c76e722058291d9475f8c4c9e12718d79a50e","","","2",""
"acdc_rain_test","annotated_prediction","ACDC","ACDC_RAIN","rain","acdc_rain_test/final_results/GP030402_frame_000266_rgb_anon.jpg","","withheld_acdc_redistribution_restriction","ACDC research-use licence: image redistribution prohibited","578023","8637884e55efd584dd0d1760c42162dac3d568e92e638d529630459e546e3b99","","","2",""
"acdc_rain_test","annotated_prediction","ACDC","ACDC_RAIN","rain","acdc_rain_test/final_results/GP030402_frame_000428_rgb_anon.jpg","","withheld_acdc_redistribution_restriction","ACDC research-use licence: image redistribution prohibited","490281","5960654b4127b8ff93b0cb64ed193342ffd1a2f1fd6ea3b6d8e5df185052a02b","","","2",""
"acdc_snow_test","detection_log","ACDC","ACDC_SNOW","snow","acdc_snow_test/snow_inference_results.csv","results/ACDC/SNOW/inference_results.csv","included_in_repository","Research-generated detection metadata","31412","8bb48f7b82d70fc1f5c319b6f54a38d7d5b8b772af88cb178b6af23a948db04e","30860","ff721b77921d550280a49b0d4ed624c48147eacfe495a6234a57a44464673dcf","1",""
"acdc_snow_test","annotated_prediction","ACDC","ACDC_SNOW","snow","acdc_snow_test/snow_visual_detections/GOPR0122_frame_000001_rgb_anon.jpg","","withheld_acdc_redistribution_restriction","ACDC research-use licence: image redistribution prohibited","833817","f4b5acd4cd482e370e19983d333801506c42e5f5bb758a1b61ee7ad66f3157a4","","","1",""
"acdc_snow_test","annotated_prediction","ACDC","ACDC_SNOW","snow","acdc_snow_test/snow_visual_detections/GOPR0122_frame_000018_rgb_anon.jpg","","withheld_acdc_redistribution_restriction","ACDC research-use licence: image redistribution prohibited","744860","bbe40622aa3c4e1034f9a077e75d6e3e97c2a5156997ef4dba2d98ff845fe516","","","1",""
"acdc_snow_test","annotated_prediction","ACDC","ACDC_SNOW","snow","acdc_snow_test/snow_visual_detections/GOPR0122_frame_000028_rgb_anon.jpg","","withheld_acdc_redistribution_restriction","ACDC research-use licence: image redistribution prohibited","684041","e02367960773dc4de6ea4aab5b6280e713dd0448d3acd3fa4cb23889fd4264e1","","","1",""
"acdc_snow_test","annotated_prediction","ACDC","ACDC_SNOW","snow","acdc_snow_test/snow_visual_detections/GOPR0122_frame_000040_rgb_anon.jpg","","withheld_acdc_redistribution_restriction","ACDC research-use licence: image redistribution prohibited","737376","ee542e0b4cfac58d24c273af3d41fb7456d0cd2de5a2ff852a20e126915a7d3a","","","1",""
"acdc_snow_test","annotated_prediction","ACDC","ACDC_SNOW","snow","acdc_snow_test/snow_visual_detections/GOPR0122_frame_000049_rgb_anon.jpg","","withheld_acdc_redistribution_restriction","ACDC research-use licence: image redistribution prohibited","775588","6b34c2029c37bbeb3ba2b3bec80d7c9e533842258cdf7b5a479b3bc08428b28b","","","1",""
"acdc_snow_test","annotated_prediction","ACDC","ACDC_SNOW","snow","acdc_snow_test/snow_visual_detections/GOPR0122_frame_000057_rgb_anon.jpg","","withheld_acdc_redistribution_restriction","ACDC research-use licence: image redistribution prohibited","719210","2a969bf6f01f59d35b97a8bc49b4e8fee5e27b3faf45eb88307ad732195ca919","","","1",""
"acdc_snow_test","annotated_prediction","ACDC","ACDC_SNOW","snow","acdc_snow_test/snow_visual_detections/GOPR0122_frame_000064_rgb_anon.jpg","","withheld_acdc_redistribution_restriction","ACDC research-use licence: image redistribution prohibited","767424","4902f347e0eac67093a6145f14164cd6eecc5c3f47efe131952d45c39c08b138","","","1",""
"acdc_snow_test","annotated_prediction","ACDC","ACDC_SNOW","snow","acdc_snow_test/snow_visual_detections/GOPR0122_frame_000070_rgb_anon.jpg","","withheld_acdc_redistribution_restriction","ACDC research-use licence: image redistribution prohibited","883138","5b80f30b11018729bcf06ad9b2187e2c2d065572458a954ccc61cfcab8fe8871","","","1",""
"acdc_snow_test","annotated_prediction","ACDC","ACDC_SNOW","snow","acdc_snow_test/snow_visual_detections/GOPR0122_frame_000077_rgb_anon.jpg","","withheld_acdc_redistribution_restriction","ACDC research-use licence: image redistribution prohibited","760382","e766dceac223afb1afd3afeffa36b5fdc2ab2edeb033dd722198fbd09149de57","","","1",""
"acdc_snow_test","annotated_prediction","ACDC","ACDC_SNOW","snow","acdc_snow_test/snow_visual_detections/GOPR0122_frame_000085_rgb_anon.jpg","","withheld_acdc_redistribution_restriction","ACDC research-use licence: image redistribution prohibited","677302","51efacd52f45a5401d4791df69b86aba9a97062c4accaa2082f55c443fd67084","","","1",""
"acdc_snow_test","annotated_prediction","ACDC","ACDC_SNOW","snow","acdc_snow_test/snow_visual_detections/GOPR0122_frame_000092_rgb_anon.jpg","","withheld_acdc_redistribution_restriction","ACDC research-use licence: image redistribution prohibited","782768","87ea4f57d8b29a8e71dc97cf5742337fdfdd8c73d0bfb286991fc424aaed68a3","","","1",""
"acdc_snow_test","annotated_prediction","ACDC","ACDC_SNOW","snow","acdc_snow_test/snow_visual_detections/GOPR0122_frame_000099_rgb_anon.jpg","","withheld_acdc_redistribution_restriction","ACDC research-use licence: image redistribution prohibited","731086","79adce7f0b7f3d826ff76ba70ad8ace218797282ee33e79db40ce1e84bfc287d","","","1",""
"acdc_snow_test","annotated_prediction","ACDC","ACDC_SNOW","snow","acdc_snow_test/snow_visual_detections/GOPR0122_frame_000106_rgb_anon.jpg","","withheld_acdc_redistribution_restriction","ACDC research-use licence: image redistribution prohibited","744062","00d97086d7f358b9e3f16b368121c425244d50ba45148de9c00c2c61de4a08fe","","","1",""
"acdc_snow_test","annotated_prediction","ACDC","ACDC_SNOW","snow","acdc_snow_test/snow_visual_detections/GOPR0122_frame_000113_rgb_anon.jpg","","withheld_acdc_redistribution_restriction","ACDC research-use licence: image redistribution prohibited","602074","f311c01ca39c45eab7bbbdf6cd189971edee52679718cd827a39f6586ec9368b","","","1",""
"acdc_snow_test","annotated_prediction","ACDC","ACDC_SNOW","snow","acdc_snow_test/snow_visual_detections/GOPR0122_frame_000121_rgb_anon.jpg","","withheld_acdc_redistribution_restriction","ACDC research-use licence: image redistribution prohibited","688813","e328e10fddfc04edd7cd47fc6c7f91292eee60ca4f1be1c453cd9f48d2d62de1","","","1",""
"acdc_snow_test","annotated_prediction","ACDC","ACDC_SNOW","snow","acdc_snow_test/snow_visual_detections/GOPR0122_frame_000306_rgb_anon.jpg","","withheld_acdc_redistribution_restriction","ACDC research-use licence: image redistribution prohibited","706272","347c77999c8a22207cd2bb35faf66d48ce21c4ae3bfdd39a945fa37ad8284dff","","","1",""
"acdc_snow_test","annotated_prediction","ACDC","ACDC_SNOW","snow","acdc_snow_test/snow_visual_detections/GOPR0122_frame_000312_rgb_anon.jpg","","withheld_acdc_redistribution_restriction","ACDC research-use licence: image redistribution prohibited","671832","bce6f3adaf2b2578fef7540fc504a338379b3c312ea5cc7203c0bba96b77e746","","","1",""
"acdc_snow_test","annotated_prediction","ACDC","ACDC_SNOW","snow","acdc_snow_test/snow_visual_detections/GOPR0122_frame_000317_rgb_anon.jpg","","withheld_acdc_redistribution_restriction","ACDC research-use licence: image redistribution prohibited","581487","2eb1a5b9054a055d246b387195288884d250d9d49aa80bf6304e49bae8949e7b","","","1",""
"acdc_snow_test","annotated_prediction","ACDC","ACDC_SNOW","snow","acdc_snow_test/snow_visual_detections/GOPR0122_frame_000322_rgb_anon.jpg","","withheld_acdc_redistribution_restriction","ACDC research-use licence: image redistribution prohibited","668985","af21a7a704d84dc9be5615c7503039878d79e09334924323db26dc3073617560","","","1",""
"acdc_snow_test","annotated_prediction","ACDC","ACDC_SNOW","snow","acdc_snow_test/snow_visual_detections/GOPR0122_frame_000327_rgb_anon.jpg","","withheld_acdc_redistribution_restriction","ACDC research-use licence: image redistribution prohibited","588485","29c4888fac2154839f6696ea9dccabe67ddeb97d404d98a512fef4b6bb133d85","","","1",""
"acdc_snow_test","annotated_prediction","ACDC","ACDC_SNOW","snow","acdc_snow_test/snow_visual_detections/GOPR0122_frame_000332_rgb_anon.jpg","","withheld_acdc_redistribution_restriction","ACDC research-use licence: image redistribution prohibited","641137","71271fc45b39e8ae3a46bcdf1016cb734be49d231ea7e6370050369ea0b686bb","","","1",""
"acdc_snow_test","annotated_prediction","ACDC","ACDC_SNOW","snow","acdc_snow_test/snow_visual_detections/GOPR0122_frame_000337_rgb_anon.jpg","","withheld_acdc_redistribution_restriction","ACDC research-use licence: image redistribution prohibited","610131","cae6047df899f58a7c596d6cc4587dcc3f9009595323d26be90203c42265a175","","","1",""
"acdc_snow_test","annotated_prediction","ACDC","ACDC_SNOW","snow","acdc_snow_test/snow_visual_detections/GOPR0122_frame_000344_rgb_anon.jpg","","withheld_acdc_redistribution_restriction","ACDC research-use licence: image redistribution prohibited","608258","9e2c32cdd4b9f3ffa472c9f06c40f49eea967bededfb59caed2ed7abdf57bb6a","","","1",""
"acdc_snow_test","annotated_prediction","ACDC","ACDC_SNOW","snow","acdc_snow_test/snow_visual_detections/GOPR0122_frame_000352_rgb_anon.jpg","","withheld_acdc_redistribution_restriction","ACDC research-use licence: image redistribution prohibited","613266","815f9c26b121ab2032e3a2e3b2a82fc0a84985cd3ce9099ac23459a5f19d6b4f","","","1",""
"acdc_snow_test","annotated_prediction","ACDC","ACDC_SNOW","snow","acdc_snow_test/snow_visual_detections/GOPR0122_frame_000358_rgb_anon.jpg","","withheld_acdc_redistribution_restriction","ACDC research-use licence: image redistribution prohibited","715265","592206ecb8d63c862bc6f86b770b0654b68afe38b709aebd09762984fe6e6417","","","1",""
"acdc_snow_test","annotated_prediction","ACDC","ACDC_SNOW","snow","acdc_snow_test/snow_visual_detections/GOPR0122_frame_000364_rgb_anon.jpg","","withheld_acdc_redistribution_restriction","ACDC research-use licence: image redistribution prohibited","698118","06ba1961e68ce85bda52d1aebda63f0f34a7edc590ba4d160627bcb05d1af3cf","","","1",""
"acdc_snow_test","annotated_prediction","ACDC","ACDC_SNOW","snow","acdc_snow_test/snow_visual_detections/GOPR0122_frame_000370_rgb_anon.jpg","","withheld_acdc_redistribution_restriction","ACDC research-use licence: image redistribution prohibited","663182","feeea94103502660b10508d05a0ce302c1ec37192bf974d64a916b152b0290bc","","","1",""
"acdc_snow_test","annotated_prediction","ACDC","ACDC_SNOW","snow","acdc_snow_test/snow_visual_detections/GOPR0122_frame_000376_rgb_anon.jpg","","withheld_acdc_redistribution_restriction","ACDC research-use licence: image redistribution prohibited","742466","e51fb3f1b00d98b083a89455a8aaa887ae06e74213da536622f3083dbced0e62","","","1",""
"acdc_snow_test","annotated_prediction","ACDC","ACDC_SNOW","snow","acdc_snow_test/snow_visual_detections/GOPR0122_frame_000406_rgb_anon.jpg","","withheld_acdc_redistribution_restriction","ACDC research-use licence: image redistribution prohibited","625249","6b7762b332c1e43604bf1a2c3e2a59b84aea17616c41eff0f539efc3ab5daa2c","","","1",""
"acdc_snow_test","annotated_prediction","ACDC","ACDC_SNOW","snow","acdc_snow_test/snow_visual_detections/GOPR0122_frame_000413_rgb_anon.jpg","","withheld_acdc_redistribution_restriction","ACDC research-use licence: image redistribution prohibited","552083","d948d06591ce54ae18db2168feaff3b9d3785e0306f985acecaded72f28cf665","","","1",""
"acdc_snow_test","annotated_prediction","ACDC","ACDC_SNOW","snow","acdc_snow_test/snow_visual_detections/GOPR0122_frame_000419_rgb_anon.jpg","","withheld_acdc_redistribution_restriction","ACDC research-use licence: image redistribution prohibited","622600","c326b4ed4f141a957e18c51d290baabe4e50353180f8d02a50f6d5ba1a93178a","","","1",""
"acdc_snow_test","annotated_prediction","ACDC","ACDC_SNOW","snow","acdc_snow_test/snow_visual_detections/GOPR0122_frame_000425_rgb_anon.jpg","","withheld_acdc_redistribution_restriction","ACDC research-use licence: image redistribution prohibited","595820","6be0b658d7b770e77afb07de438b49a21383990b8f449ad4ab21da21944f5f72","","","1",""
"acdc_snow_test","annotated_prediction","ACDC","ACDC_SNOW","snow","acdc_snow_test/snow_visual_detections/GOPR0122_frame_000431_rgb_anon.jpg","","withheld_acdc_redistribution_restriction","ACDC research-use licence: image redistribution prohibited","610155","7047523d5dbbc1e9d3b650cafd599014ed21a094b7bf7f529d2c5113940165e5","","","1",""
"acdc_snow_test","annotated_prediction","ACDC","ACDC_SNOW","snow","acdc_snow_test/snow_visual_detections/GOPR0604_frame_000278_rgb_anon.jpg","","withheld_acdc_redistribution_restriction","ACDC research-use licence: image redistribution prohibited","606834","e74d2fd8302e0e63b53739e2293f96ef7ee86cf36083d46a6e74e5be693089ec","","","1",""
"acdc_snow_test","annotated_prediction","ACDC","ACDC_SNOW","snow","acdc_snow_test/snow_visual_detections/GOPR0604_frame_000284_rgb_anon.jpg","","withheld_acdc_redistribution_restriction","ACDC research-use licence: image redistribution prohibited","832520","b628a6637c3c344ad11709ff93f668d162fbf8a778fafb504f50837f4fcb7815","","","1",""
"acdc_snow_test","annotated_prediction","ACDC","ACDC_SNOW","snow","acdc_snow_test/snow_visual_detections/GOPR0604_frame_000290_rgb_anon.jpg","","withheld_acdc_redistribution_restriction","ACDC research-use licence: image redistribution prohibited","644869","a69e0e147c5cffe62ddce5affdafe7811cd33e99ba10daf115641db0b5b2dd05","","","1",""
"acdc_snow_test","annotated_prediction","ACDC","ACDC_SNOW","snow","acdc_snow_test/snow_visual_detections/GOPR0604_frame_000300_rgb_anon.jpg","","withheld_acdc_redistribution_restriction","ACDC research-use licence: image redistribution prohibited","518940","0619e3c83bc8a81088d4427e1081255858ab1915942608310132f35c823a330b","","","1",""
"acdc_snow_test","annotated_prediction","ACDC","ACDC_SNOW","snow","acdc_snow_test/snow_visual_detections/GOPR0604_frame_000305_rgb_anon.jpg","","withheld_acdc_redistribution_restriction","ACDC research-use licence: image redistribution prohibited","614922","d984efc99b1d34d9052cca69e581458e0f70f9ba11c9fd50e77df79389d77c19","","","1",""
"acdc_snow_test","annotated_prediction","ACDC","ACDC_SNOW","snow","acdc_snow_test/snow_visual_detections/GOPR0604_frame_000310_rgb_anon.jpg","","withheld_acdc_redistribution_restriction","ACDC research-use licence: image redistribution prohibited","602840","b0c64a40cc808e1dbc6b092ab236a5b793364779e797c32711572686282e6d19","","","1",""
"acdc_snow_test","annotated_prediction","ACDC","ACDC_SNOW","snow","acdc_snow_test/snow_visual_detections/GOPR0604_frame_000316_rgb_anon.jpg","","withheld_acdc_redistribution_restriction","ACDC research-use licence: image redistribution prohibited","643714","8b06f1683ce74a01a2de2bc1a8dc9fa1c6bae3b9e7bb4b38d400fee590a8bd76","","","1",""
"acdc_snow_test","annotated_prediction","ACDC","ACDC_SNOW","snow","acdc_snow_test/snow_visual_detections/GOPR0604_frame_000322_rgb_anon.jpg","","withheld_acdc_redistribution_restriction","ACDC research-use licence: image redistribution prohibited","550569","509e71b30cf57fc0b500be6addd15361af4005746f6a71c638f80008864f1534","","","1",""
"acdc_snow_test","annotated_prediction","ACDC","ACDC_SNOW","snow","acdc_snow_test/snow_visual_detections/GOPR0604_frame_000327_rgb_anon.jpg","","withheld_acdc_redistribution_restriction","ACDC research-use licence: image redistribution prohibited","530258","a41be4c785a36d3b49b82f0ecd5a889db1f61c333b681b7181fefa6d9aa66489","","","1",""
"acdc_snow_test","annotated_prediction","ACDC","ACDC_SNOW","snow","acdc_snow_test/snow_visual_detections/GOPR0604_frame_000332_rgb_anon.jpg","","withheld_acdc_redistribution_restriction","ACDC research-use licence: image redistribution prohibited","619158","2bc244b052fead83d524471cf20558b8c01882e00659e583a019793c49180cbc","","","1",""
"acdc_snow_test","annotated_prediction","ACDC","ACDC_SNOW","snow","acdc_snow_test/snow_visual_detections/GOPR0604_frame_000337_rgb_anon.jpg","","withheld_acdc_redistribution_restriction","ACDC research-use licence: image redistribution prohibited","562264","2f2aa3faf9c587409d06425ef0d54ecd262eeba8ba988ca0c6d9fbf359fcecc2","","","1",""
"acdc_snow_test","annotated_prediction","ACDC","ACDC_SNOW","snow","acdc_snow_test/snow_visual_detections/GOPR0604_frame_000373_rgb_anon.jpg","","withheld_acdc_redistribution_restriction","ACDC research-use licence: image redistribution prohibited","588876","b258327d6bc2803f4610596891a3f9f9d9814a2e0d807c764e231aba7cd9cfa7","","","1",""
"acdc_snow_test","annotated_prediction","ACDC","ACDC_SNOW","snow","acdc_snow_test/snow_visual_detections/GOPR0604_frame_000393_rgb_anon.jpg","","withheld_acdc_redistribution_restriction","ACDC research-use licence: image redistribution prohibited","597113","5ad16cc36097cdedd8af1f270353c239ddcb09c2a58f0b94e07b6a4b166d0061","","","1",""
"acdc_snow_test","annotated_prediction","ACDC","ACDC_SNOW","snow","acdc_snow_test/snow_visual_detections/GOPR0604_frame_000413_rgb_anon.jpg","","withheld_acdc_redistribution_restriction","ACDC research-use licence: image redistribution prohibited","583811","142b0eb6a240fd55df5f9e8c24392d876649934032479207542b1a54ff083442","","","1",""
"acdc_snow_test","annotated_prediction","ACDC","ACDC_SNOW","snow","acdc_snow_test/snow_visual_detections/GOPR0604_frame_000433_rgb_anon.jpg","","withheld_acdc_redistribution_restriction","ACDC research-use licence: image redistribution prohibited","720343","a760b3ae97f60595d45883357bff4904796566c4eaa95f252d8ed96945441bc7","","","1",""
"acdc_snow_test","annotated_prediction","ACDC","ACDC_SNOW","snow","acdc_snow_test/snow_visual_detections/GOPR0604_frame_000439_rgb_anon.jpg","","withheld_acdc_redistribution_restriction","ACDC research-use licence: image redistribution prohibited","717163","5fd11193bdd46a33276baddba8ee9c59e5c3f7492ab85a7cceaa7d8ec4f4240a","","","1",""
"acdc_snow_test","annotated_prediction","ACDC","ACDC_SNOW","snow","acdc_snow_test/snow_visual_detections/GOPR0604_frame_000445_rgb_anon.jpg","","withheld_acdc_redistribution_restriction","ACDC research-use licence: image redistribution prohibited","738595","1b667e54432b4fd5a2f13b37c8ea4976865230e2f0ba716441bbb26adf4d299f","","","1",""
"acdc_snow_test","annotated_prediction","ACDC","ACDC_SNOW","snow","acdc_snow_test/snow_visual_detections/GOPR0604_frame_000455_rgb_anon.jpg","","withheld_acdc_redistribution_restriction","ACDC research-use licence: image redistribution prohibited","682840","389f454ed74943c84f965d0df6dddef70a66d36512fed6cca142749fa6928577","","","1",""
"acdc_snow_test","annotated_prediction","ACDC","ACDC_SNOW","snow","acdc_snow_test/snow_visual_detections/GOPR0604_frame_000460_rgb_anon.jpg","","withheld_acdc_redistribution_restriction","ACDC research-use licence: image redistribution prohibited","659058","f2e7636bfee632fcc7c84e92a4cd92ed817c25246a6ad4e614a8be93f61da0f8","","","1",""
"acdc_snow_test","annotated_prediction","ACDC","ACDC_SNOW","snow","acdc_snow_test/snow_visual_detections/GOPR0604_frame_000465_rgb_anon.jpg","","withheld_acdc_redistribution_restriction","ACDC research-use licence: image redistribution prohibited","574861","7f77e6d7900362d3f3c80c2f6bd172923f731e2d9b53ec4cf486a8699f4be445","","","1",""
"acdc_snow_test","annotated_prediction","ACDC","ACDC_SNOW","snow","acdc_snow_test/snow_visual_detections/GOPR0604_frame_000470_rgb_anon.jpg","","withheld_acdc_redistribution_restriction","ACDC research-use licence: image redistribution prohibited","582319","db60018c7939fc2290c1f76849f9bd08f70321d38562cedef49b1d85eda9d519","","","1",""
"acdc_snow_test","annotated_prediction","ACDC","ACDC_SNOW","snow","acdc_snow_test/snow_visual_detections/GOPR0604_frame_000478_rgb_anon.jpg","","withheld_acdc_redistribution_restriction","ACDC research-use licence: image redistribution prohibited","715684","c0d5f8e8af50e341446262b26ce524ec32aee8cd5dfefd3149273697a323589d","","","1",""
"acdc_snow_test","annotated_prediction","ACDC","ACDC_SNOW","snow","acdc_snow_test/snow_visual_detections/GOPR0604_frame_000488_rgb_anon.jpg","","withheld_acdc_redistribution_restriction","ACDC research-use licence: image redistribution prohibited","587505","66f561fca402f13bcb9c2d165b742c070f358f06b9e4f91953e94945043e4d1f","","","1",""
"acdc_snow_test","annotated_prediction","ACDC","ACDC_SNOW","snow","acdc_snow_test/snow_visual_detections/GOPR0605_frame_000161_rgb_anon.jpg","","withheld_acdc_redistribution_restriction","ACDC research-use licence: image redistribution prohibited","799759","43487802db69c2901c1323a185196f1dba485e0901dc2cfe9ba665466e2d60dd","","","1",""
"acdc_snow_test","annotated_prediction","ACDC","ACDC_SNOW","snow","acdc_snow_test/snow_visual_detections/GOPR0605_frame_000181_rgb_anon.jpg","","withheld_acdc_redistribution_restriction","ACDC research-use licence: image redistribution prohibited","732612","27fd9ab7bfd35b6fae9da28da0e4baf74dc113aae466722e7072d717e5279cff","","","1",""
"acdc_snow_test","annotated_prediction","ACDC","ACDC_SNOW","snow","acdc_snow_test/snow_visual_detections/GOPR0605_frame_000299_rgb_anon.jpg","","withheld_acdc_redistribution_restriction","ACDC research-use licence: image redistribution prohibited","724532","e287ce62602ec850b52c68c8a5bc6da7e7659f57cfd0cec3f38f4909556bd457","","","1",""
"acdc_snow_test","annotated_prediction","ACDC","ACDC_SNOW","snow","acdc_snow_test/snow_visual_detections/GOPR0606_frame_000110_rgb_anon.jpg","","withheld_acdc_redistribution_restriction","ACDC research-use licence: image redistribution prohibited","502964","ce1bbe4d2c4329e1f05a3ba86134e37a48951afe0055909fdf1bade3ba020387","","","1",""
"acdc_snow_test","annotated_prediction","ACDC","ACDC_SNOW","snow","acdc_snow_test/snow_visual_detections/GOPR0606_frame_000162_rgb_anon.jpg","","withheld_acdc_redistribution_restriction","ACDC research-use licence: image redistribution prohibited","437719","2f4ff435ff57aee5f0a2bbccb4a8738fa6bacf6fb41dc7d67300d6942ada516e","","","1",""
"acdc_snow_test","annotated_prediction","ACDC","ACDC_SNOW","snow","acdc_snow_test/snow_visual_detections/GOPR0606_frame_000182_rgb_anon.jpg","","withheld_acdc_redistribution_restriction","ACDC research-use licence: image redistribution prohibited","492717","f1c683bd88784e6e1d4b43b428941c8650d0ef8b8bcf1c1d3b8dcc6a0522ebc0","","","1",""
"acdc_snow_test","annotated_prediction","ACDC","ACDC_SNOW","snow","acdc_snow_test/snow_visual_detections/GOPR0606_frame_000196_rgb_anon.jpg","","withheld_acdc_redistribution_restriction","ACDC research-use licence: image redistribution prohibited","531118","6ab4c25f4c444dcbf04bc90e4c0c679fed85af1535733b95b7430e063c00d2f4","","","1",""
"acdc_snow_test","annotated_prediction","ACDC","ACDC_SNOW","snow","acdc_snow_test/snow_visual_detections/GOPR0606_frame_000202_rgb_anon.jpg","","withheld_acdc_redistribution_restriction","ACDC research-use licence: image redistribution prohibited","446848","b8a50671da8a0e91395939883c6e5184f04ab472f7e8d5b2587050796d79188f","","","1",""
"acdc_snow_test","annotated_prediction","ACDC","ACDC_SNOW","snow","acdc_snow_test/snow_visual_detections/GOPR0606_frame_000213_rgb_anon.jpg","","withheld_acdc_redistribution_restriction","ACDC research-use licence: image redistribution prohibited","522756","55ee2507908d5e9d29156bc543596247c136ff83dc2d327056769a02287ca70a","","","1",""
"acdc_snow_test","annotated_prediction","ACDC","ACDC_SNOW","snow","acdc_snow_test/snow_visual_detections/GOPR0606_frame_000220_rgb_anon.jpg","","withheld_acdc_redistribution_restriction","ACDC research-use licence: image redistribution prohibited","487442","f0359392e8a2009a167817b1c9c378e7622f30a5f13e37e8969f30e166343c06","","","1",""
"acdc_snow_test","annotated_prediction","ACDC","ACDC_SNOW","snow","acdc_snow_test/snow_visual_detections/GOPR0606_frame_000229_rgb_anon.jpg","","withheld_acdc_redistribution_restriction","ACDC research-use licence: image redistribution prohibited","533802","19fec49c84881130e1fc1053acde1db8d384a65b925207570bcc19810f8ecb8d","","","1",""
"acdc_snow_test","annotated_prediction","ACDC","ACDC_SNOW","snow","acdc_snow_test/snow_visual_detections/GOPR0606_frame_000238_rgb_anon.jpg","","withheld_acdc_redistribution_restriction","ACDC research-use licence: image redistribution prohibited","807762","9f824d641942b7cf0eff69175bb97a884fd1beb2e4581f7a5890461c266653a8","","","1",""
"acdc_snow_test","annotated_prediction","ACDC","ACDC_SNOW","snow","acdc_snow_test/snow_visual_detections/GOPR0606_frame_000258_rgb_anon.jpg","","withheld_acdc_redistribution_restriction","ACDC research-use licence: image redistribution prohibited","727354","b5fe21358b7633f2af85c0f34bb193765f05259da4dcdbb843af0cbc368ea42b","","","1",""
"acdc_snow_test","annotated_prediction","ACDC","ACDC_SNOW","snow","acdc_snow_test/snow_visual_detections/GOPR0606_frame_000352_rgb_anon.jpg","","withheld_acdc_redistribution_restriction","ACDC research-use licence: image redistribution prohibited","687629","35eb87b7eb920a1b3a5493b504a401b23d5be95e37c2d88ff27f00fe9eca9c2e","","","1",""
"acdc_snow_test","annotated_prediction","ACDC","ACDC_SNOW","snow","acdc_snow_test/snow_visual_detections/GOPR0606_frame_000357_rgb_anon.jpg","","withheld_acdc_redistribution_restriction","ACDC research-use licence: image redistribution prohibited","507669","7af4a44f9ab53ddee6b8e5eda127162a451942aaa4590e108edb1eb8b8ed8ffd","","","1",""
"acdc_snow_test","annotated_prediction","ACDC","ACDC_SNOW","snow","acdc_snow_test/snow_visual_detections/GOPR0606_frame_000377_rgb_anon.jpg","","withheld_acdc_redistribution_restriction","ACDC research-use licence: image redistribution prohibited","528550","42e650484b3fb124ef818acd4587deaf018511995cad9db43958aac41b2b0aa9","","","1",""
"acdc_snow_test","annotated_prediction","ACDC","ACDC_SNOW","snow","acdc_snow_test/snow_visual_detections/GOPR0606_frame_000397_rgb_anon.jpg","","withheld_acdc_redistribution_restriction","ACDC research-use licence: image redistribution prohibited","573558","f60376437ef26b5cfd5724d8562508f29d10c2a180104a94f18107c8ca78bd15","","","1",""
"acdc_snow_test","annotated_prediction","ACDC","ACDC_SNOW","snow","acdc_snow_test/snow_visual_detections/GOPR0607_frame_000360_rgb_anon.jpg","","withheld_acdc_redistribution_restriction","ACDC research-use licence: image redistribution prohibited","652412","22fa7ac0e813bfb4cb363630d40d8f7e3512cab1015ffabdfd3f4d10cffd91fe","","","1",""
"acdc_snow_test","annotated_prediction","ACDC","ACDC_SNOW","snow","acdc_snow_test/snow_visual_detections/GOPR0607_frame_000410_rgb_anon.jpg","","withheld_acdc_redistribution_restriction","ACDC research-use licence: image redistribution prohibited","668072","73a19e706fd2979a2a23e3217b84905151bae9359279e3e4964806a51eaf675f","","","1",""
"acdc_snow_test","annotated_prediction","ACDC","ACDC_SNOW","snow","acdc_snow_test/snow_visual_detections/GOPR0607_frame_000474_rgb_anon.jpg","","withheld_acdc_redistribution_restriction","ACDC research-use licence: image redistribution prohibited","622099","c9959e802712db9433fc7d9c50dfcdb7500997d6c7779603f1f31fdeb49697d3","","","1",""
"acdc_snow_test","annotated_prediction","ACDC","ACDC_SNOW","snow","acdc_snow_test/snow_visual_detections/GP010607_frame_000921_rgb_anon.jpg","","withheld_acdc_redistribution_restriction","ACDC research-use licence: image redistribution prohibited","594651","ecdad71fae4c18cbc32ba471fbe602fe4ca6157a5d33123c01f90ba18389da78","","","1",""
"acdc_snow_test","annotated_prediction","ACDC","ACDC_SNOW","snow","acdc_snow_test/snow_visual_detections/GP010607_frame_000926_rgb_anon.jpg","","withheld_acdc_redistribution_restriction","ACDC research-use licence: image redistribution prohibited","543585","00a0b062c6e99eaf9068de45a3d206604b16f8179203a6934a61b27d6bd7112d","","","1",""
"acdc_snow_test","annotated_prediction","ACDC","ACDC_SNOW","snow","acdc_snow_test/snow_visual_detections/GP010607_frame_000931_rgb_anon.jpg","","withheld_acdc_redistribution_restriction","ACDC research-use licence: image redistribution prohibited","494552","5ca936b832cb3f90cdf767241afcd9eb0c49d18545f12c376d528d13374f2542","","","1",""
"acdc_snow_test","annotated_prediction","ACDC","ACDC_SNOW","snow","acdc_snow_test/snow_visual_detections/GP010607_frame_000936_rgb_anon.jpg","","withheld_acdc_redistribution_restriction","ACDC research-use licence: image redistribution prohibited","523328","376d88a606abf58559f8728b8c42f98722ca42b8875bca535196816117e114ec","","","1",""
"acdc_snow_test","annotated_prediction","ACDC","ACDC_SNOW","snow","acdc_snow_test/snow_visual_detections/GP010607_frame_000950_rgb_anon.jpg","","withheld_acdc_redistribution_restriction","ACDC research-use licence: image redistribution prohibited","509208","b4e766cf56759f057d6185c881992b48e46ba48601f1c106b330b11188f5d5e0","","","1",""
"acdc_snow_test","annotated_prediction","ACDC","ACDC_SNOW","snow","acdc_snow_test/snow_visual_detections/GP010607_frame_000954_rgb_anon.jpg","","withheld_acdc_redistribution_restriction","ACDC research-use licence: image redistribution prohibited","518161","fd072af61ee71e645dafd55e6e5b5213becf0cf0580dbef1b3eb3d3cf2c82e35","","","1",""
"acdc_snow_test","annotated_prediction","ACDC","ACDC_SNOW","snow","acdc_snow_test/snow_visual_detections/GP010607_frame_000958_rgb_anon.jpg","","withheld_acdc_redistribution_restriction","ACDC research-use licence: image redistribution prohibited","517837","7847570e6dbfc9484c2bb2d731d03618a377f0f5c8323aea68077b00e986acdf","","","1",""
"acdc_snow_test","annotated_prediction","ACDC","ACDC_SNOW","snow","acdc_snow_test/snow_visual_detections/GP010607_frame_000968_rgb_anon.jpg","","withheld_acdc_redistribution_restriction","ACDC research-use licence: image redistribution prohibited","623074","8167befe7016db7bcc81f861f4fffe457c2eeba77e2c1d4c2f5b63ba5699cfbf","","","1",""
"acdc_snow_test","annotated_prediction","ACDC","ACDC_SNOW","snow","acdc_snow_test/snow_visual_detections/GP010607_frame_000995_rgb_anon.jpg","","withheld_acdc_redistribution_restriction","ACDC research-use licence: image redistribution prohibited","771931","6a9a518321ce461e5cb0322bd9fd98accb9d47ae0d24df13ce4560c6078cd484","","","1",""
"acdc_snow_test","annotated_prediction","ACDC","ACDC_SNOW","snow","acdc_snow_test/snow_visual_detections/GP020607_frame_000001_rgb_anon.jpg","","withheld_acdc_redistribution_restriction","ACDC research-use licence: image redistribution prohibited","546966","0c6b99ee8b0cbfd4af04dfeed37f51b6d97aac33a3a4cc0fe051e77a941f6b18","","","1",""
"acdc_snow_test","annotated_prediction","ACDC","ACDC_SNOW","snow","acdc_snow_test/snow_visual_detections/GP020607_frame_000149_rgb_anon.jpg","","withheld_acdc_redistribution_restriction","ACDC research-use licence: image redistribution prohibited","499952","c34a44a0cb9bd2e3b0ea9754643ec6d4f16bfbd61a33e8aee7ecf3f9e7e597cd","","","1",""
"acdc_snow_test","annotated_prediction","ACDC","ACDC_SNOW","snow","acdc_snow_test/snow_visual_detections/GP020607_frame_000162_rgb_anon.jpg","","withheld_acdc_redistribution_restriction","ACDC research-use licence: image redistribution prohibited","597299","95d7242bb24e3ae8d7ecbdfa1282f858f460ce1ecefbe367427ec7ad1c7801c3","","","1",""
"acdc_snow_test","annotated_prediction","ACDC","ACDC_SNOW","snow","acdc_snow_test/snow_visual_detections/GP020607_frame_000201_rgb_anon.jpg","","withheld_acdc_redistribution_restriction","ACDC research-use licence: image redistribution prohibited","570853","02f2a92251f7440cd63f1cedaaabfd752d2596d21b2c27f0cb7390dd5065133c","","","1",""
"acdc_snow_test","annotated_prediction","ACDC","ACDC_SNOW","snow","acdc_snow_test/snow_visual_detections/GP020607_frame_000226_rgb_anon.jpg","","withheld_acdc_redistribution_restriction","ACDC research-use licence: image redistribution prohibited","601566","4ebadb755b93b54ec1750b42a5f1f8c84d29055d85636f64082d9a79cabdc3fd","","","1",""
"acdc_snow_test","annotated_prediction","ACDC","ACDC_SNOW","snow","acdc_snow_test/snow_visual_detections/GP030176_frame_000529_rgb_anon.jpg","","withheld_acdc_redistribution_restriction","ACDC research-use licence: image redistribution prohibited","588129","f0717ef5648a80ae343d2dfcf9b64869deabb4cd6d2de75a5c4c265179f40ae8","","","1",""
"acdc_snow_test","annotated_prediction","ACDC","ACDC_SNOW","snow","acdc_snow_test/snow_visual_detections/GP030176_frame_000549_rgb_anon.jpg","","withheld_acdc_redistribution_restriction","ACDC research-use licence: image redistribution prohibited","792473","9ada46d3ef08838eedd2e91acc80d24990be3f80170ce456eed4521051e9ae30","","","1",""
"acdc_snow_test","annotated_prediction","ACDC","ACDC_SNOW","snow","acdc_snow_test/snow_visual_detections/GP030176_frame_000569_rgb_anon.jpg","","withheld_acdc_redistribution_restriction","ACDC research-use licence: image redistribution prohibited","702130","29d16adf0811e779c52f1df25d01f1c6272c62353978c19092729d78d4086a29","","","1",""
"acdc_snow_test","annotated_prediction","ACDC","ACDC_SNOW","snow","acdc_snow_test/snow_visual_detections/GP030176_frame_000589_rgb_anon.jpg","","withheld_acdc_redistribution_restriction","ACDC research-use licence: image redistribution prohibited","646225","c09faa95a0c03f7416efcb07e856b96ad4ffa1b4bc263ab3f1c04d9334c61f8a","","","1",""
"acdc_snow_test","annotated_prediction","ACDC","ACDC_SNOW","snow","acdc_snow_test/snow_visual_detections/GP030176_frame_000609_rgb_anon.jpg","","withheld_acdc_redistribution_restriction","ACDC research-use licence: image redistribution prohibited","706271","b17e00bb6bd49fedd8bf4e6d2806fb2825fbf359b8bfcadab424533062bf2320","","","1",""
"acdc_snow_test","annotated_prediction","ACDC","ACDC_SNOW","snow","acdc_snow_test/snow_visual_detections/GP030176_frame_000629_rgb_anon.jpg","","withheld_acdc_redistribution_restriction","ACDC research-use licence: image redistribution prohibited","659256","5a7a5020d72064d3a3f07b17f44c03d3b1b2355aeef32e576c6cae182893f6b6","","","1",""
"acdc_snow_test","annotated_prediction","ACDC","ACDC_SNOW","snow","acdc_snow_test/snow_visual_detections/GP030176_frame_000649_rgb_anon.jpg","","withheld_acdc_redistribution_restriction","ACDC research-use licence: image redistribution prohibited","736800","d8788273c2fc47bd961e0526abbd701089f3c82274f352c48ccb83b5cfec1b88","","","1",""
"acdc_snow_test","annotated_prediction","ACDC","ACDC_SNOW","snow","acdc_snow_test/snow_visual_detections/GP030176_frame_000706_rgb_anon.jpg","","withheld_acdc_redistribution_restriction","ACDC research-use licence: image redistribution prohibited","548137","903d6f73517b05ba5d41c91cc0648f688aca6f3895684daf1cfbd62624cf6631","","","1",""
"acdc_snow_test","annotated_prediction","ACDC","ACDC_SNOW","snow","acdc_snow_test/snow_visual_detections/GP030176_frame_000721_rgb_anon.jpg","","withheld_acdc_redistribution_restriction","ACDC research-use licence: image redistribution prohibited","618585","60742f94eab111cc5698ee5deed0ec823c909d96074427246323a660e111971b","","","1",""
"acdc_snow_test","annotated_prediction","ACDC","ACDC_SNOW","snow","acdc_snow_test/snow_visual_detections/GP030176_frame_000736_rgb_anon.jpg","","withheld_acdc_redistribution_restriction","ACDC research-use licence: image redistribution prohibited","700198","50c5cf798552902cfb6a5298d3843b24f1b387bdbbc23f8f1f7adac5aa32c64c","","","1",""
"acdc+dawn_combined_test","detection_log","ACDC+DAWN","COMBINED","mixed","acdc+dawn_combined_test/combined_inference_results.csv","results/COMBINED/inference_results.csv","included_in_repository","Research-generated detection metadata","138709","e59788f2633be62954897a81f773ce3d2170cecc8496a74a11723b44b6a54a68","135925","52e275a1e7dff40efbf479669ede8206b84c21dcb16c1b57d1bb4b2a490c6327","1","Combined-model inference over the mixed ACDC and DAWN validation union."
"acdc+dawn_combined_test","annotated_prediction","ACDC","COMBINED","snow","acdc+dawn_combined_test/combined_visual_detections/GOPR0122_frame_000001_rgb_anon.jpg","","withheld_acdc_redistribution_restriction","ACDC research-use licence: image redistribution prohibited","848159","120ad1cb0ad895ce49cc7252ce72a03038d3c5474707ab31e6e3cdc438c7832b","","","1","Combined-model inference over the mixed ACDC and DAWN validation union."
"acdc+dawn_combined_test","annotated_prediction","ACDC","COMBINED","snow","acdc+dawn_combined_test/combined_visual_detections/GOPR0122_frame_000018_rgb_anon.jpg","","withheld_acdc_redistribution_restriction","ACDC research-use licence: image redistribution prohibited","742674","89358d92bfeb5bbf6e273a3c7cdcfcd63e91007b9165dd0ea7feeda7c8bfc963","","","1","Combined-model inference over the mixed ACDC and DAWN validation union."
"acdc+dawn_combined_test","annotated_prediction","ACDC","COMBINED","snow","acdc+dawn_combined_test/combined_visual_detections/GOPR0122_frame_000028_rgb_anon.jpg","","withheld_acdc_redistribution_restriction","ACDC research-use licence: image redistribution prohibited","685334","cb7f997bb5ccb786e5025bea8324249336e3ef73941b47e1ea5d4ea1e98dba1c","","","1","Combined-model inference over the mixed ACDC and DAWN validation union."
"acdc+dawn_combined_test","annotated_prediction","ACDC","COMBINED","snow","acdc+dawn_combined_test/combined_visual_detections/GOPR0122_frame_000040_rgb_anon.jpg","","withheld_acdc_redistribution_restriction","ACDC research-use licence: image redistribution prohibited","734230","8d8c8ecc754773d3250a4b9ecaab899b52bf3b103214c882e303345da3afedae","","","1","Combined-model inference over the mixed ACDC and DAWN validation union."
"acdc+dawn_combined_test","annotated_prediction","ACDC","COMBINED","snow","acdc+dawn_combined_test/combined_visual_detections/GOPR0122_frame_000049_rgb_anon.jpg","","withheld_acdc_redistribution_restriction","ACDC research-use licence: image redistribution prohibited","777139","96a39dc4693a457429421dae6d857dac4235618a18c4284e4ab39c891ebcfae9","","","1","Combined-model inference over the mixed ACDC and DAWN validation union."
"acdc+dawn_combined_test","annotated_prediction","ACDC","COMBINED","snow","acdc+dawn_combined_test/combined_visual_detections/GOPR0122_frame_000057_rgb_anon.jpg","","withheld_acdc_redistribution_restriction","ACDC research-use licence: image redistribution prohibited","719644","c27667b1f4a52352c726ce7d8e6433b1ba9b11cd7dcd6999c4a3f4307fc4d324","","","1","Combined-model inference over the mixed ACDC and DAWN validation union."
"acdc+dawn_combined_test","annotated_prediction","ACDC","COMBINED","snow","acdc+dawn_combined_test/combined_visual_detections/GOPR0122_frame_000064_rgb_anon.jpg","","withheld_acdc_redistribution_restriction","ACDC research-use licence: image redistribution prohibited","762903","32ddac202a718a55c2cafcd8d98db5592eaea609f3aef017135ca82af01bdd9d","","","1","Combined-model inference over the mixed ACDC and DAWN validation union."
"acdc+dawn_combined_test","annotated_prediction","ACDC","COMBINED","snow","acdc+dawn_combined_test/combined_visual_detections/GOPR0122_frame_000070_rgb_anon.jpg","","withheld_acdc_redistribution_restriction","ACDC research-use licence: image redistribution prohibited","883248","384dcd7c3f080a62c6d7e976fe1e7e56ad1fbbbae53cefca43813235a24c1410","","","1","Combined-model inference over the mixed ACDC and DAWN validation union."
"acdc+dawn_combined_test","annotated_prediction","ACDC","COMBINED","snow","acdc+dawn_combined_test/combined_visual_detections/GOPR0122_frame_000077_rgb_anon.jpg","","withheld_acdc_redistribution_restriction","ACDC research-use licence: image redistribution prohibited","757393","9814c6def027cccbd13651c2f44b74becbde09750bf0567788628b3c33ed136c","","","1","Combined-model inference over the mixed ACDC and DAWN validation union."
"acdc+dawn_combined_test","annotated_prediction","ACDC","COMBINED","snow","acdc+dawn_combined_test/combined_visual_detections/GOPR0122_frame_000085_rgb_anon.jpg","","withheld_acdc_redistribution_restriction","ACDC research-use licence: image redistribution prohibited","670544","6f9b2605f77ffc302ce6a6bc38dc5e814dc61f4484022ed6727bc3c539409b84","","","1","Combined-model inference over the mixed ACDC and DAWN validation union."
"acdc+dawn_combined_test","annotated_prediction","ACDC","COMBINED","snow","acdc+dawn_combined_test/combined_visual_detections/GOPR0122_frame_000092_rgb_anon.jpg","","withheld_acdc_redistribution_restriction","ACDC research-use licence: image redistribution prohibited","777123","cc0a7138b7daa278dba1095886366fbdf7819516bf1f955e4788a1636925b77b","","","1","Combined-model inference over the mixed ACDC and DAWN validation union."
"acdc+dawn_combined_test","annotated_prediction","ACDC","COMBINED","snow","acdc+dawn_combined_test/combined_visual_detections/GOPR0122_frame_000099_rgb_anon.jpg","","withheld_acdc_redistribution_restriction","ACDC research-use licence: image redistribution prohibited","727455","7a089aeabf133ed660d089af2705349f12efe7def7ed8166458639b22700ee96","","","1","Combined-model inference over the mixed ACDC and DAWN validation union."
"acdc+dawn_combined_test","annotated_prediction","ACDC","COMBINED","snow","acdc+dawn_combined_test/combined_visual_detections/GOPR0122_frame_000106_rgb_anon.jpg","","withheld_acdc_redistribution_restriction","ACDC research-use licence: image redistribution prohibited","739024","01ed41297f2d7185b98eb4045849b5549a84ad849c28dfe4d12ea438d0dd3250","","","1","Combined-model inference over the mixed ACDC and DAWN validation union."
"acdc+dawn_combined_test","annotated_prediction","ACDC","COMBINED","snow","acdc+dawn_combined_test/combined_visual_detections/GOPR0122_frame_000113_rgb_anon.jpg","","withheld_acdc_redistribution_restriction","ACDC research-use licence: image redistribution prohibited","600689","5952111199d5982aefa1d3419183eb38fb5fa99c9d2b2162a0c9ba6823aee6e7","","","1","Combined-model inference over the mixed ACDC and DAWN validation union."
"acdc+dawn_combined_test","annotated_prediction","ACDC","COMBINED","snow","acdc+dawn_combined_test/combined_visual_detections/GOPR0122_frame_000121_rgb_anon.jpg","","withheld_acdc_redistribution_restriction","ACDC research-use licence: image redistribution prohibited","685917","766a478be6d4f1b38dfa2660dd9d5cb3ab4e3724189d8a26bce4cb6e6ac54c14","","","1","Combined-model inference over the mixed ACDC and DAWN validation union."
"acdc+dawn_combined_test","annotated_prediction","ACDC","COMBINED","snow","acdc+dawn_combined_test/combined_visual_detections/GOPR0122_frame_000306_rgb_anon.jpg","","withheld_acdc_redistribution_restriction","ACDC research-use licence: image redistribution prohibited","706285","efb368506373a6e40785b4c7caf8cdf93f17a3d687e597f74b0240c720ddc145","","","1","Combined-model inference over the mixed ACDC and DAWN validation union."
"acdc+dawn_combined_test","annotated_prediction","ACDC","COMBINED","snow","acdc+dawn_combined_test/combined_visual_detections/GOPR0122_frame_000312_rgb_anon.jpg","","withheld_acdc_redistribution_restriction","ACDC research-use licence: image redistribution prohibited","669610","8107e825504c0d00cf133438308f1fb28e0edff111dbaa2372ec4f2ce19db246","","","1","Combined-model inference over the mixed ACDC and DAWN validation union."
"acdc+dawn_combined_test","annotated_prediction","ACDC","COMBINED","snow","acdc+dawn_combined_test/combined_visual_detections/GOPR0122_frame_000317_rgb_anon.jpg","","withheld_acdc_redistribution_restriction","ACDC research-use licence: image redistribution prohibited","581658","34f3ef726b9c06c85c8f3def56a467e90d49cd69d3dec57fcfdaa621b8e8e102","","","1","Combined-model inference over the mixed ACDC and DAWN validation union."
"acdc+dawn_combined_test","annotated_prediction","ACDC","COMBINED","snow","acdc+dawn_combined_test/combined_visual_detections/GOPR0122_frame_000322_rgb_anon.jpg","","withheld_acdc_redistribution_restriction","ACDC research-use licence: image redistribution prohibited","672085","89300c1a8cc069194a389c47a7810caef859f5557d2f59d028a3c8a681c5fb0f","","","1","Combined-model inference over the mixed ACDC and DAWN validation union."
"acdc+dawn_combined_test","annotated_prediction","ACDC","COMBINED","snow","acdc+dawn_combined_test/combined_visual_detections/GOPR0122_frame_000327_rgb_anon.jpg","","withheld_acdc_redistribution_restriction","ACDC research-use licence: image redistribution prohibited","588632","8020f1b5ca7a09bf08e5843dea20a134f64221eee30bc32e08ba1ee8f2816214","","","1","Combined-model inference over the mixed ACDC and DAWN validation union."
"acdc+dawn_combined_test","annotated_prediction","ACDC","COMBINED","snow","acdc+dawn_combined_test/combined_visual_detections/GOPR0122_frame_000332_rgb_anon.jpg","","withheld_acdc_redistribution_restriction","ACDC research-use licence: image redistribution prohibited","640863","53176742457f65fc7fa83236c946d8a3c43e440d3b275bf88308a81aa64461f7","","","1","Combined-model inference over the mixed ACDC and DAWN validation union."
"acdc+dawn_combined_test","annotated_prediction","ACDC","COMBINED","snow","acdc+dawn_combined_test/combined_visual_detections/GOPR0122_frame_000337_rgb_anon.jpg","","withheld_acdc_redistribution_restriction","ACDC research-use licence: image redistribution prohibited","607543","c7b8616b32a8825c5bdc9d5c02da791c4347b5539a9c5c313f195ada8edca8e2","","","1","Combined-model inference over the mixed ACDC and DAWN validation union."
"acdc+dawn_combined_test","annotated_prediction","ACDC","COMBINED","snow","acdc+dawn_combined_test/combined_visual_detections/GOPR0122_frame_000344_rgb_anon.jpg","","withheld_acdc_redistribution_restriction","ACDC research-use licence: image redistribution prohibited","605238","fdc6f8e49cc9eff69014c663acbc3a8ed88b401daf4eafd615bbbd731c703c1f","","","1","Combined-model inference over the mixed ACDC and DAWN validation union."
"acdc+dawn_combined_test","annotated_prediction","ACDC","COMBINED","snow","acdc+dawn_combined_test/combined_visual_detections/GOPR0122_frame_000352_rgb_anon.jpg","","withheld_acdc_redistribution_restriction","ACDC research-use licence: image redistribution prohibited","610573","8447282bf5bfa6d0ede8b94801220011a167bf48a96d8241fd111b055739a606","","","1","Combined-model inference over the mixed ACDC and DAWN validation union."
"acdc+dawn_combined_test","annotated_prediction","ACDC","COMBINED","snow","acdc+dawn_combined_test/combined_visual_detections/GOPR0122_frame_000358_rgb_anon.jpg","","withheld_acdc_redistribution_restriction","ACDC research-use licence: image redistribution prohibited","716371","84549bfc549b7043f6694e1d37dfb0d5113e9daaaaafd714d38c7a6cd2094279","","","1","Combined-model inference over the mixed ACDC and DAWN validation union."
"acdc+dawn_combined_test","annotated_prediction","ACDC","COMBINED","snow","acdc+dawn_combined_test/combined_visual_detections/GOPR0122_frame_000364_rgb_anon.jpg","","withheld_acdc_redistribution_restriction","ACDC research-use licence: image redistribution prohibited","697314","676ebae2e20c542cdbb72cd3b67ae8da99a8ac3129fc24d5c44b9abe8c80604e","","","1","Combined-model inference over the mixed ACDC and DAWN validation union."
"acdc+dawn_combined_test","annotated_prediction","ACDC","COMBINED","snow","acdc+dawn_combined_test/combined_visual_detections/GOPR0122_frame_000370_rgb_anon.jpg","","withheld_acdc_redistribution_restriction","ACDC research-use licence: image redistribution prohibited","663846","216ac3be8f21223f42eae13dab1265948f41154f9aaa4ad554e3538efb06a7e5","","","1","Combined-model inference over the mixed ACDC and DAWN validation union."
"acdc+dawn_combined_test","annotated_prediction","ACDC","COMBINED","snow","acdc+dawn_combined_test/combined_visual_detections/GOPR0122_frame_000376_rgb_anon.jpg","","withheld_acdc_redistribution_restriction","ACDC research-use licence: image redistribution prohibited","743170","b62fc9fabdde7ca889259c8cdfdb9bb7556a5f310b0fa8a01727bd0198211361","","","1","Combined-model inference over the mixed ACDC and DAWN validation union."
"acdc+dawn_combined_test","annotated_prediction","ACDC","COMBINED","snow","acdc+dawn_combined_test/combined_visual_detections/GOPR0122_frame_000406_rgb_anon.jpg","","withheld_acdc_redistribution_restriction","ACDC research-use licence: image redistribution prohibited","628568","fd1f82fe9d6cdbacf3b4e01c86d5d2363312d9815729416f46495d13be8cfa43","","","1","Combined-model inference over the mixed ACDC and DAWN validation union."
"acdc+dawn_combined_test","annotated_prediction","ACDC","COMBINED","snow","acdc+dawn_combined_test/combined_visual_detections/GOPR0122_frame_000413_rgb_anon.jpg","","withheld_acdc_redistribution_restriction","ACDC research-use licence: image redistribution prohibited","550849","124cf383cdb589be7f743066e1c1bc522b8921d9bbd506cb939eafcad901a8d8","","","1","Combined-model inference over the mixed ACDC and DAWN validation union."
"acdc+dawn_combined_test","annotated_prediction","ACDC","COMBINED","snow","acdc+dawn_combined_test/combined_visual_detections/GOPR0122_frame_000419_rgb_anon.jpg","","withheld_acdc_redistribution_restriction","ACDC research-use licence: image redistribution prohibited","622815","489e78282649c165a3e1ca97315cc0f2b036712a9c414e5fe3c28e26e47dd5b4","","","1","Combined-model inference over the mixed ACDC and DAWN validation union."
"acdc+dawn_combined_test","annotated_prediction","ACDC","COMBINED","snow","acdc+dawn_combined_test/combined_visual_detections/GOPR0122_frame_000425_rgb_anon.jpg","","withheld_acdc_redistribution_restriction","ACDC research-use licence: image redistribution prohibited","598769","f25162d708c2cd2267896cd48227094ae6286b8689a36eb05cfff30a5ec478d6","","","1","Combined-model inference over the mixed ACDC and DAWN validation union."
"acdc+dawn_combined_test","annotated_prediction","ACDC","COMBINED","snow","acdc+dawn_combined_test/combined_visual_detections/GOPR0122_frame_000431_rgb_anon.jpg","","withheld_acdc_redistribution_restriction","ACDC research-use licence: image redistribution prohibited","607016","5df4b25a8d32fa9ab1f211adcba32298d489d52ebe6ef3276b98479e67d62fb8","","","1","Combined-model inference over the mixed ACDC and DAWN validation union."
"acdc+dawn_combined_test","annotated_prediction","ACDC","COMBINED","night","acdc+dawn_combined_test/combined_visual_detections/GOPR0351_frame_000033_rgb_anon.jpg","","withheld_acdc_redistribution_restriction","ACDC research-use licence: image redistribution prohibited","215471","ec8b115d3896287c0b1507a1771d400702a8dd7bcfd07c83a1dd6ba64cfe9f8e","","","1","Combined-model inference over the mixed ACDC and DAWN validation union."
"acdc+dawn_combined_test","annotated_prediction","ACDC","COMBINED","night","acdc+dawn_combined_test/combined_visual_detections/GOPR0351_frame_000039_rgb_anon.jpg","","withheld_acdc_redistribution_restriction","ACDC research-use licence: image redistribution prohibited","347839","44618abaf0f725bbe2cd8cf9ed11faf817eaa3d68da727a8dee0342aa7382cc3","","","1","Combined-model inference over the mixed ACDC and DAWN validation union."
"acdc+dawn_combined_test","annotated_prediction","ACDC","COMBINED","night","acdc+dawn_combined_test/combined_visual_detections/GOPR0351_frame_000043_rgb_anon.jpg","","withheld_acdc_redistribution_restriction","ACDC research-use licence: image redistribution prohibited","375794","09d454f6efcc637830f3928e857404ba57f0abd62d285db1eafa5f29ff86ea58","","","3","Combined-model inference over the mixed ACDC and DAWN validation union."
"acdc+dawn_combined_test","annotated_prediction","ACDC","COMBINED","night","acdc+dawn_combined_test/combined_visual_detections/GOPR0351_frame_000047_rgb_anon.jpg","","withheld_acdc_redistribution_restriction","ACDC research-use licence: image redistribution prohibited","378998","8b995bc58de61c773438f3039c0203db670d01c477124a542528e907876ad604","","","3","Combined-model inference over the mixed ACDC and DAWN validation union."
"acdc+dawn_combined_test","annotated_prediction","ACDC","COMBINED","night","acdc+dawn_combined_test/combined_visual_detections/GOPR0351_frame_000049_rgb_anon.jpg","","withheld_acdc_redistribution_restriction","ACDC research-use licence: image redistribution prohibited","328286","a19f46ed75c67114af818f1049b1a7a77da975d2102d42154d73666f6512ce56","","","1","Combined-model inference over the mixed ACDC and DAWN validation union."
"acdc+dawn_combined_test","annotated_prediction","ACDC","COMBINED","night","acdc+dawn_combined_test/combined_visual_detections/GOPR0351_frame_000053_rgb_anon.jpg","","withheld_acdc_redistribution_restriction","ACDC research-use licence: image redistribution prohibited","361199","8603ab9ea4e01096156b97eaa4ef0eefd2822cb34cce08d4da94f4b230479349","","","1","Combined-model inference over the mixed ACDC and DAWN validation union."
"acdc+dawn_combined_test","annotated_prediction","ACDC","COMBINED","night","acdc+dawn_combined_test/combined_visual_detections/GOPR0351_frame_000055_rgb_anon.jpg","","withheld_acdc_redistribution_restriction","ACDC research-use licence: image redistribution prohibited","429241","5f039d5e2b2d0a98580737cbca875ca08a9321932adf6ac5cd8f5e3aa07ff382","","","1","Combined-model inference over the mixed ACDC and DAWN validation union."
"acdc+dawn_combined_test","annotated_prediction","ACDC","COMBINED","night","acdc+dawn_combined_test/combined_visual_detections/GOPR0351_frame_000057_rgb_anon.jpg","","withheld_acdc_redistribution_restriction","ACDC research-use licence: image redistribution prohibited","433202","33c9e8c49bdc10f5a0983b3d7028309e4cd1c1acd936eee82315e51d750cfd6f","","","1","Combined-model inference over the mixed ACDC and DAWN validation union."
"acdc+dawn_combined_test","annotated_prediction","ACDC","COMBINED","night","acdc+dawn_combined_test/combined_visual_detections/GOPR0351_frame_000059_rgb_anon.jpg","","withheld_acdc_redistribution_restriction","ACDC research-use licence: image redistribution prohibited","395215","a93431b99153f250a78e4e57508029d2dce80feded3c480cad8dd49417a0ca49","","","1","Combined-model inference over the mixed ACDC and DAWN validation union."
"acdc+dawn_combined_test","annotated_prediction","ACDC","COMBINED","night","acdc+dawn_combined_test/combined_visual_detections/GOPR0351_frame_000061_rgb_anon.jpg","","withheld_acdc_redistribution_restriction","ACDC research-use licence: image redistribution prohibited","388128","88d73260ce2f388d46703c2bed27194e067c42b48f92fe7f344b0e99d4ef7394","","","1","Combined-model inference over the mixed ACDC and DAWN validation union."
"acdc+dawn_combined_test","annotated_prediction","ACDC","COMBINED","night","acdc+dawn_combined_test/combined_visual_detections/GOPR0351_frame_000063_rgb_anon.jpg","","withheld_acdc_redistribution_restriction","ACDC research-use licence: image redistribution prohibited","362055","f673cee760058e0de45a89b582bae21e3618af55ad2893b58809ab9d048c058c","","","1","Combined-model inference over the mixed ACDC and DAWN validation union."
"acdc+dawn_combined_test","annotated_prediction","ACDC","COMBINED","night","acdc+dawn_combined_test/combined_visual_detections/GOPR0351_frame_000065_rgb_anon.jpg","","withheld_acdc_redistribution_restriction","ACDC research-use licence: image redistribution prohibited","384214","65d144ad07bfe547b6fcc45dee97aa5d8df4caaf49aa6106dcf25169816d5e54","","","1","Combined-model inference over the mixed ACDC and DAWN validation union."
"acdc+dawn_combined_test","annotated_prediction","ACDC","COMBINED","night","acdc+dawn_combined_test/combined_visual_detections/GOPR0351_frame_000067_rgb_anon.jpg","","withheld_acdc_redistribution_restriction","ACDC research-use licence: image redistribution prohibited","387254","0e72f5df0a03433985f0b13cdd3497a176af94128efad64d0b69f0ca22a8d175","","","1","Combined-model inference over the mixed ACDC and DAWN validation union."
"acdc+dawn_combined_test","annotated_prediction","ACDC","COMBINED","night","acdc+dawn_combined_test/combined_visual_detections/GOPR0351_frame_000069_rgb_anon.jpg","","withheld_acdc_redistribution_restriction","ACDC research-use licence: image redistribution prohibited","398944","1e8f56fa68059087c000e4208d8825235ef51b3e5c23a24319a795440d580933","","","1","Combined-model inference over the mixed ACDC and DAWN validation union."
"acdc+dawn_combined_test","annotated_prediction","ACDC","COMBINED","night","acdc+dawn_combined_test/combined_visual_detections/GOPR0351_frame_000071_rgb_anon.jpg","","withheld_acdc_redistribution_restriction","ACDC research-use licence: image redistribution prohibited","355132","6ec7e5bdd328b2a68ce2e3fc22273bbf5a78b815e94ff5dfe9c389252a632b39","","","1","Combined-model inference over the mixed ACDC and DAWN validation union."
"acdc+dawn_combined_test","annotated_prediction","ACDC","COMBINED","night","acdc+dawn_combined_test/combined_visual_detections/GOPR0351_frame_000079_rgb_anon.jpg","","withheld_acdc_redistribution_restriction","ACDC research-use licence: image redistribution prohibited","416379","233c342b408fdcbb3ffe03b8faba28a1a622ee2b6cc3321a5dd32721663bfb6e","","","1","Combined-model inference over the mixed ACDC and DAWN validation union."
"acdc+dawn_combined_test","annotated_prediction","ACDC","COMBINED","night","acdc+dawn_combined_test/combined_visual_detections/GOPR0351_frame_000081_rgb_anon.jpg","","withheld_acdc_redistribution_restriction","ACDC research-use licence: image redistribution prohibited","401740","b0e51cc01f0946398717ceb411799071e313d8c2a8cb904894daa09fe87cc060","","","1","Combined-model inference over the mixed ACDC and DAWN validation union."
"acdc+dawn_combined_test","annotated_prediction","ACDC","COMBINED","night","acdc+dawn_combined_test/combined_visual_detections/GOPR0351_frame_000083_rgb_anon.jpg","","withheld_acdc_redistribution_restriction","ACDC research-use licence: image redistribution prohibited","380642","6c79a9201ab95bb3dd4818697fb15e741589894ceffeba01cdd6ef7f195fccd9","","","1","Combined-model inference over the mixed ACDC and DAWN validation union."
"acdc+dawn_combined_test","annotated_prediction","ACDC","COMBINED","night","acdc+dawn_combined_test/combined_visual_detections/GOPR0351_frame_000085_rgb_anon.jpg","","withheld_acdc_redistribution_restriction","ACDC research-use licence: image redistribution prohibited","389054","d71f838b109196b7f53c226058eb9a6e3e8f8c97ae5ded3306d26a3a0691e40a","","","1","Combined-model inference over the mixed ACDC and DAWN validation union."
"acdc+dawn_combined_test","annotated_prediction","ACDC","COMBINED","night","acdc+dawn_combined_test/combined_visual_detections/GOPR0351_frame_000087_rgb_anon.jpg","","withheld_acdc_redistribution_restriction","ACDC research-use licence: image redistribution prohibited","332813","cd859a933efaa9e837b56897bd5c41d05cf565b4cd63e7a9abb6e8df70f4b7a5","","","1","Combined-model inference over the mixed ACDC and DAWN validation union."
"acdc+dawn_combined_test","annotated_prediction","ACDC","COMBINED","night","acdc+dawn_combined_test/combined_visual_detections/GOPR0351_frame_000089_rgb_anon.jpg","","withheld_acdc_redistribution_restriction","ACDC research-use licence: image redistribution prohibited","379208","7ba7805d69863fa116850b8d31032ca32212aa57adec75b3161d7155645ae5ac","","","1","Combined-model inference over the mixed ACDC and DAWN validation union."
"acdc+dawn_combined_test","annotated_prediction","ACDC","COMBINED","night","acdc+dawn_combined_test/combined_visual_detections/GOPR0351_frame_000091_rgb_anon.jpg","","withheld_acdc_redistribution_restriction","ACDC research-use licence: image redistribution prohibited","393104","70b3ee4a02f44445ff891b2290e87fe3213c5f6918f6232a8b3a29efff119454","","","1","Combined-model inference over the mixed ACDC and DAWN validation union."
"acdc+dawn_combined_test","annotated_prediction","ACDC","COMBINED","night","acdc+dawn_combined_test/combined_visual_detections/GOPR0351_frame_000093_rgb_anon.jpg","","withheld_acdc_redistribution_restriction","ACDC research-use licence: image redistribution prohibited","333161","75c3a22266f704325852d9ee8d10928df7f3a016ecf4f48f9b5680ffb1427531","","","1","Combined-model inference over the mixed ACDC and DAWN validation union."
"acdc+dawn_combined_test","annotated_prediction","ACDC","COMBINED","night","acdc+dawn_combined_test/combined_visual_detections/GOPR0351_frame_000095_rgb_anon.jpg","","withheld_acdc_redistribution_restriction","ACDC research-use licence: image redistribution prohibited","389542","94526d482739c43928b03e7c3dd21e411a20215b64538a9d26d8b19dcf5abc0a","","","1","Combined-model inference over the mixed ACDC and DAWN validation union."
"acdc+dawn_combined_test","annotated_prediction","ACDC","COMBINED","night","acdc+dawn_combined_test/combined_visual_detections/GOPR0351_frame_000099_rgb_anon.jpg","","withheld_acdc_redistribution_restriction","ACDC research-use licence: image redistribution prohibited","383500","e08c5ef4efba7d5cf3f685fd4a2f1bb6850537d11ceeb02da6cf92e943aa2e42","","","1","Combined-model inference over the mixed ACDC and DAWN validation union."
"acdc+dawn_combined_test","annotated_prediction","ACDC","COMBINED","night","acdc+dawn_combined_test/combined_visual_detections/GOPR0351_frame_000101_rgb_anon.jpg","","withheld_acdc_redistribution_restriction","ACDC research-use licence: image redistribution prohibited","416531","6cad87a09694cde96012e66eaca8541f84d402eef1b3929d929c946a9716bddf","","","1","Combined-model inference over the mixed ACDC and DAWN validation union."
"acdc+dawn_combined_test","annotated_prediction","ACDC","COMBINED","night","acdc+dawn_combined_test/combined_visual_detections/GOPR0351_frame_000105_rgb_anon.jpg","","withheld_acdc_redistribution_restriction","ACDC research-use licence: image redistribution prohibited","413271","1b95b8f7c95a1fd0c5a69ae22109b747cdfd3e2035c0059b1a3bb3baa42288db","","","1","Combined-model inference over the mixed ACDC and DAWN validation union."
"acdc+dawn_combined_test","annotated_prediction","ACDC","COMBINED","night","acdc+dawn_combined_test/combined_visual_detections/GOPR0351_frame_000111_rgb_anon.jpg","","withheld_acdc_redistribution_restriction","ACDC research-use licence: image redistribution prohibited","442257","3c7f9d5e74dda1674874e742c51c823fcebf79123b05ce0dfbd6bd2d53641ce3","","","1","Combined-model inference over the mixed ACDC and DAWN validation union."
"acdc+dawn_combined_test","annotated_prediction","ACDC","COMBINED","night","acdc+dawn_combined_test/combined_visual_detections/GOPR0351_frame_000113_rgb_anon.jpg","","withheld_acdc_redistribution_restriction","ACDC research-use licence: image redistribution prohibited","402395","34ea399b13dc26bfc9e5ef01dd971fd8a24064f0694f0170b0411d15c5c4e8d2","","","1","Combined-model inference over the mixed ACDC and DAWN validation union."
"acdc+dawn_combined_test","annotated_prediction","ACDC","COMBINED","night","acdc+dawn_combined_test/combined_visual_detections/GOPR0351_frame_000115_rgb_anon.jpg","","withheld_acdc_redistribution_restriction","ACDC research-use licence: image redistribution prohibited","411579","78a094a2cc1b020ba5eaf9bad1d89c5a9f6e904e033eee73ff06fd208111aa61","","","1","Combined-model inference over the mixed ACDC and DAWN validation union."
"acdc+dawn_combined_test","annotated_prediction","ACDC","COMBINED","night","acdc+dawn_combined_test/combined_visual_detections/GOPR0351_frame_000121_rgb_anon.jpg","","withheld_acdc_redistribution_restriction","ACDC research-use licence: image redistribution prohibited","425291","dfb5c3de4bf756ce5ac577869b9bff7ca3e9c4f6b55f95417249cfd48a5ed654","","","1","Combined-model inference over the mixed ACDC and DAWN validation union."
"acdc+dawn_combined_test","annotated_prediction","ACDC","COMBINED","night","acdc+dawn_combined_test/combined_visual_detections/GOPR0351_frame_000124_rgb_anon.jpg","","withheld_acdc_redistribution_restriction","ACDC research-use licence: image redistribution prohibited","506042","6484a6af2738b3ad99fcaa9a6ba4674308a7349811d6dd59a4443be9ff193a57","","","1","Combined-model inference over the mixed ACDC and DAWN validation union."
"acdc+dawn_combined_test","annotated_prediction","ACDC","COMBINED","night","acdc+dawn_combined_test/combined_visual_detections/GOPR0351_frame_000128_rgb_anon.jpg","","withheld_acdc_redistribution_restriction","ACDC research-use licence: image redistribution prohibited","404970","33e2d711c1aa571e3bdacc36bd7bb40ebbc3ea7e4aa505e9be2b7a2cd7edeadd","","","1","Combined-model inference over the mixed ACDC and DAWN validation union."
"acdc+dawn_combined_test","annotated_prediction","ACDC","COMBINED","night","acdc+dawn_combined_test/combined_visual_detections/GOPR0351_frame_000132_rgb_anon.jpg","","withheld_acdc_redistribution_restriction","ACDC research-use licence: image redistribution prohibited","429064","997ffbe035f9883c5762bab2e87846c74582655991bb3de0bb5026f600b5101b","","","1","Combined-model inference over the mixed ACDC and DAWN validation union."
"acdc+dawn_combined_test","annotated_prediction","ACDC","COMBINED","night","acdc+dawn_combined_test/combined_visual_detections/GOPR0351_frame_000141_rgb_anon.jpg","","withheld_acdc_redistribution_restriction","ACDC research-use licence: image redistribution prohibited","410987","de21622484228606cc3b007dafcd585874bf114f11cd6dee43605aeadd857ec5","","","1","Combined-model inference over the mixed ACDC and DAWN validation union."
"acdc+dawn_combined_test","annotated_prediction","ACDC","COMBINED","night","acdc+dawn_combined_test/combined_visual_detections/GOPR0351_frame_000143_rgb_anon.jpg","","withheld_acdc_redistribution_restriction","ACDC research-use licence: image redistribution prohibited","458096","fc71651feeb632776793df4903d88ca718d11050ab6fa65a7ce8c0d7a9c28c3b","","","1","Combined-model inference over the mixed ACDC and DAWN validation union."
"acdc+dawn_combined_test","annotated_prediction","ACDC","COMBINED","night","acdc+dawn_combined_test/combined_visual_detections/GOPR0351_frame_000651_rgb_anon.jpg","","withheld_acdc_redistribution_restriction","ACDC research-use licence: image redistribution prohibited","382152","16762e38fd0d367766398bb6f2bb116fbbab80a8809f2ec72e425c5e74391e76","","","1","Combined-model inference over the mixed ACDC and DAWN validation union."
"acdc+dawn_combined_test","annotated_prediction","ACDC","COMBINED","night","acdc+dawn_combined_test/combined_visual_detections/GOPR0351_frame_000654_rgb_anon.jpg","","withheld_acdc_redistribution_restriction","ACDC research-use licence: image redistribution prohibited","466380","cf3cb6647d7fe46c7e967e37633c18a2e6534cd46c25a287dd5f20e05954fb74","","","2","Combined-model inference over the mixed ACDC and DAWN validation union."
"acdc+dawn_combined_test","annotated_prediction","ACDC","COMBINED","night","acdc+dawn_combined_test/combined_visual_detections/GOPR0351_frame_000706_rgb_anon.jpg","","withheld_acdc_redistribution_restriction","ACDC research-use licence: image redistribution prohibited","456080","2eed9ccf2e1f49a033c0bf9c7121ab0abd3c1c0e203ed84e1cf30e0f28b0959e","","","1","Combined-model inference over the mixed ACDC and DAWN validation union."
"acdc+dawn_combined_test","annotated_prediction","ACDC","COMBINED","night","acdc+dawn_combined_test/combined_visual_detections/GOPR0351_frame_000709_rgb_anon.jpg","","withheld_acdc_redistribution_restriction","ACDC research-use licence: image redistribution prohibited","420187","a4efffd3b728a34e136002c104c3c0d7b885470bdca596b0d4f8f3e7d76420cf","","","1","Combined-model inference over the mixed ACDC and DAWN validation union."
"acdc+dawn_combined_test","annotated_prediction","ACDC","COMBINED","night","acdc+dawn_combined_test/combined_visual_detections/GOPR0351_frame_000712_rgb_anon.jpg","","withheld_acdc_redistribution_restriction","ACDC research-use licence: image redistribution prohibited","492729","13a36f7618093ffce612a653d9fc3a2e6753d5a790afeb9d488ab7720fb79cf4","","","1","Combined-model inference over the mixed ACDC and DAWN validation union."
"acdc+dawn_combined_test","annotated_prediction","ACDC","COMBINED","night","acdc+dawn_combined_test/combined_visual_detections/GOPR0351_frame_000718_rgb_anon.jpg","","withheld_acdc_redistribution_restriction","ACDC research-use licence: image redistribution prohibited","503236","fc3832bcba04ce43883d8705dd5b6535c8eb1835fec231c2c7acae6872c837fa","","","1","Combined-model inference over the mixed ACDC and DAWN validation union."
"acdc+dawn_combined_test","annotated_prediction","ACDC","COMBINED","night","acdc+dawn_combined_test/combined_visual_detections/GOPR0351_frame_000724_rgb_anon.jpg","","withheld_acdc_redistribution_restriction","ACDC research-use licence: image redistribution prohibited","383541","20e288b41f0f0c668d31e14276d5aa22bbefc45224117c2947aea60ad46b1809","","","1","Combined-model inference over the mixed ACDC and DAWN validation union."
"acdc+dawn_combined_test","annotated_prediction","ACDC","COMBINED","night","acdc+dawn_combined_test/combined_visual_detections/GOPR0351_frame_000727_rgb_anon.jpg","","withheld_acdc_redistribution_restriction","ACDC research-use licence: image redistribution prohibited","383673","57a593d7b087f2cf7cd027fe57fff55e2665ee3687857e655427895376c2eebd","","","1","Combined-model inference over the mixed ACDC and DAWN validation union."
"acdc+dawn_combined_test","annotated_prediction","ACDC","COMBINED","night","acdc+dawn_combined_test/combined_visual_detections/GOPR0351_frame_000742_rgb_anon.jpg","","withheld_acdc_redistribution_restriction","ACDC research-use licence: image redistribution prohibited","352878","89e0ded688cb9df5db8974148da21cc89ebfabd2ad86ff06eb5dd0d050c43f46","","","1","Combined-model inference over the mixed ACDC and DAWN validation union."
"acdc+dawn_combined_test","annotated_prediction","ACDC","COMBINED","night","acdc+dawn_combined_test/combined_visual_detections/GOPR0351_frame_000745_rgb_anon.jpg","","withheld_acdc_redistribution_restriction","ACDC research-use licence: image redistribution prohibited","406534","2c0c6d832fc4753fec71cef1ec6f9af899863c7cd43381d21da061e09fadc0b3","","","1","Combined-model inference over the mixed ACDC and DAWN validation union."
"acdc+dawn_combined_test","annotated_prediction","ACDC","COMBINED","night","acdc+dawn_combined_test/combined_visual_detections/GOPR0351_frame_000748_rgb_anon.jpg","","withheld_acdc_redistribution_restriction","ACDC research-use licence: image redistribution prohibited","491634","d6a2426368d0978cb18c9d1569ba68dca45385591763237a389372641c662f6b","","","1","Combined-model inference over the mixed ACDC and DAWN validation union."
"acdc+dawn_combined_test","annotated_prediction","ACDC","COMBINED","night","acdc+dawn_combined_test/combined_visual_detections/GOPR0351_frame_000754_rgb_anon.jpg","","withheld_acdc_redistribution_restriction","ACDC research-use licence: image redistribution prohibited","430450","f156c8a4804a041a557aea2dfcf0ee4b36ec8c646c8e405ef1d90756e9f474c9","","","1","Combined-model inference over the mixed ACDC and DAWN validation union."
"acdc+dawn_combined_test","annotated_prediction","ACDC","COMBINED","night","acdc+dawn_combined_test/combined_visual_detections/GOPR0351_frame_000761_rgb_anon.jpg","","withheld_acdc_redistribution_restriction","ACDC research-use licence: image redistribution prohibited","381939","e5b0dee95c37173e731d9cfb6c838fb44fa9bfc5470ec365013c4e47eaec256b","","","1","Combined-model inference over the mixed ACDC and DAWN validation union."
"acdc+dawn_combined_test","annotated_prediction","ACDC","COMBINED","night","acdc+dawn_combined_test/combined_visual_detections/GOPR0351_frame_000770_rgb_anon.jpg","","withheld_acdc_redistribution_restriction","ACDC research-use licence: image redistribution prohibited","446465","2ef8e5a9f9249a2478b2e257554900ef02fe99c1bbabc4348cce508898e8aefd","","","1","Combined-model inference over the mixed ACDC and DAWN validation union."
"acdc+dawn_combined_test","annotated_prediction","ACDC","COMBINED","night","acdc+dawn_combined_test/combined_visual_detections/GOPR0351_frame_000774_rgb_anon.jpg","","withheld_acdc_redistribution_restriction","ACDC research-use licence: image redistribution prohibited","379982","a9a95b47350a2b30499cd0043045d126a05d4fc7f16ac77127e9996384400689","","","1","Combined-model inference over the mixed ACDC and DAWN validation union."
"acdc+dawn_combined_test","annotated_prediction","ACDC","COMBINED","night","acdc+dawn_combined_test/combined_visual_detections/GOPR0351_frame_000809_rgb_anon.jpg","","withheld_acdc_redistribution_restriction","ACDC research-use licence: image redistribution prohibited","483347","d0b6f07dc566c97eedca11813b1d2be1fcb69ef6b5ac4ac3aa5f6deaef415f29","","","1","Combined-model inference over the mixed ACDC and DAWN validation union."
"acdc+dawn_combined_test","annotated_prediction","ACDC","COMBINED","night","acdc+dawn_combined_test/combined_visual_detections/GOPR0351_frame_000814_rgb_anon.jpg","","withheld_acdc_redistribution_restriction","ACDC research-use licence: image redistribution prohibited","409970","947c7a18583563a5888ce9baeb896d07c2bcf8c1c246211368cd0bfb8ee10960","","","1","Combined-model inference over the mixed ACDC and DAWN validation union."
"acdc+dawn_combined_test","annotated_prediction","ACDC","COMBINED","night","acdc+dawn_combined_test/combined_visual_detections/GOPR0351_frame_000818_rgb_anon.jpg","","withheld_acdc_redistribution_restriction","ACDC research-use licence: image redistribution prohibited","359310","49f35e3b1a668fee5de858794fc97595c205bf35dc12679783acb51335e2b19d","","","1","Combined-model inference over the mixed ACDC and DAWN validation union."
"acdc+dawn_combined_test","annotated_prediction","ACDC","COMBINED","night","acdc+dawn_combined_test/combined_visual_detections/GOPR0351_frame_000822_rgb_anon.jpg","","withheld_acdc_redistribution_restriction","ACDC research-use licence: image redistribution prohibited","415857","97524fcda678ab071c5e45079f6d1a8e01ac6334ab3868e09df64f1451bce004","","","1","Combined-model inference over the mixed ACDC and DAWN validation union."
"acdc+dawn_combined_test","annotated_prediction","ACDC","COMBINED","night","acdc+dawn_combined_test/combined_visual_detections/GOPR0351_frame_000825_rgb_anon.jpg","","withheld_acdc_redistribution_restriction","ACDC research-use licence: image redistribution prohibited","360427","59e9657ff3d7817bfb83166490aef8ab82a69b37291dc0d2ce36f14bf53716dc","","","1","Combined-model inference over the mixed ACDC and DAWN validation union."
"acdc+dawn_combined_test","annotated_prediction","ACDC","COMBINED","night","acdc+dawn_combined_test/combined_visual_detections/GOPR0356_frame_000321_rgb_anon.jpg","","withheld_acdc_redistribution_restriction","ACDC research-use licence: image redistribution prohibited","365257","59d9a9c6c11784b9673eb89b42570dc00bc2b8edb04adf53a32fb3660ed74634","","","1","Combined-model inference over the mixed ACDC and DAWN validation union."
"acdc+dawn_combined_test","annotated_prediction","ACDC","COMBINED","night","acdc+dawn_combined_test/combined_visual_detections/GOPR0356_frame_000324_rgb_anon.jpg","","withheld_acdc_redistribution_restriction","ACDC research-use licence: image redistribution prohibited","364429","bf78db6cf0c19553c9e7d2b5587a4c80116bf4fca96fabd805fb7a57f5803a57","","","1","Combined-model inference over the mixed ACDC and DAWN validation union."
"acdc+dawn_combined_test","annotated_prediction","ACDC","COMBINED","night","acdc+dawn_combined_test/combined_visual_detections/GOPR0356_frame_000327_rgb_anon.jpg","","withheld_acdc_redistribution_restriction","ACDC research-use licence: image redistribution prohibited","321879","b665d62def418c8666745a66e611fee97aedbdd22123965070859b8b293a4ad0","","","1","Combined-model inference over the mixed ACDC and DAWN validation union."
"acdc+dawn_combined_test","annotated_prediction","ACDC","COMBINED","night","acdc+dawn_combined_test/combined_visual_detections/GOPR0356_frame_000330_rgb_anon.jpg","","withheld_acdc_redistribution_restriction","ACDC research-use licence: image redistribution prohibited","242906","2479f466ee8ccb6665e7e584b151491f30b61dab9289628bf4f5bd820f3f4de9","","","1","Combined-model inference over the mixed ACDC and DAWN validation union."
"acdc+dawn_combined_test","annotated_prediction","ACDC","COMBINED","night","acdc+dawn_combined_test/combined_visual_detections/GOPR0356_frame_000333_rgb_anon.jpg","","withheld_acdc_redistribution_restriction","ACDC research-use licence: image redistribution prohibited","251146","1b18f89e890c20da8f0ff2df34d3316a71c8728af9274509c9d0963017b1ace3","","","1","Combined-model inference over the mixed ACDC and DAWN validation union."
"acdc+dawn_combined_test","annotated_prediction","ACDC","COMBINED","night","acdc+dawn_combined_test/combined_visual_detections/GOPR0356_frame_000336_rgb_anon.jpg","","withheld_acdc_redistribution_restriction","ACDC research-use licence: image redistribution prohibited","378870","e3c155a244e31bcb80376c5a375af4c67470b9e34737d9199fda17d8f35a8549","","","1","Combined-model inference over the mixed ACDC and DAWN validation union."
"acdc+dawn_combined_test","annotated_prediction","ACDC","COMBINED","night","acdc+dawn_combined_test/combined_visual_detections/GOPR0356_frame_000339_rgb_anon.jpg","","withheld_acdc_redistribution_restriction","ACDC research-use licence: image redistribution prohibited","415295","2dd79e7251009625811b8749fc72db6268b41fcc8dd032bab0724786aade844f","","","1","Combined-model inference over the mixed ACDC and DAWN validation union."
"acdc+dawn_combined_test","annotated_prediction","ACDC","COMBINED","night","acdc+dawn_combined_test/combined_visual_detections/GOPR0356_frame_000342_rgb_anon.jpg","","withheld_acdc_redistribution_restriction","ACDC research-use licence: image redistribution prohibited","432321","eac7dd5c6a79d21f9a986aad0b4d59e0bc0d4977484a8bd9fdba4a5b392186ed","","","1","Combined-model inference over the mixed ACDC and DAWN validation union."
"acdc+dawn_combined_test","annotated_prediction","ACDC","COMBINED","night","acdc+dawn_combined_test/combined_visual_detections/GOPR0356_frame_000345_rgb_anon.jpg","","withheld_acdc_redistribution_restriction","ACDC research-use licence: image redistribution prohibited","308854","9670a65d859b5d09030552d16df0cecbb6c23b1080cf9bd2b9121e0979fd73b0","","","1","Combined-model inference over the mixed ACDC and DAWN validation union."
"acdc+dawn_combined_test","annotated_prediction","ACDC","COMBINED","night","acdc+dawn_combined_test/combined_visual_detections/GOPR0356_frame_000348_rgb_anon.jpg","","withheld_acdc_redistribution_restriction","ACDC research-use licence: image redistribution prohibited","397145","8a86d36f31eb9937b8b6b088dc67c575b18fbb8e68f15ea4d9424e5e5d39b5ad","","","1","Combined-model inference over the mixed ACDC and DAWN validation union."
"acdc+dawn_combined_test","annotated_prediction","ACDC","COMBINED","night","acdc+dawn_combined_test/combined_visual_detections/GOPR0356_frame_000351_rgb_anon.jpg","","withheld_acdc_redistribution_restriction","ACDC research-use licence: image redistribution prohibited","332739","5820b220fc2d540fbaeec0c83974ee28519566ff4385350d077579545320e9f2","","","1","Combined-model inference over the mixed ACDC and DAWN validation union."
"acdc+dawn_combined_test","annotated_prediction","ACDC","COMBINED","night","acdc+dawn_combined_test/combined_visual_detections/GOPR0356_frame_000354_rgb_anon.jpg","","withheld_acdc_redistribution_restriction","ACDC research-use licence: image redistribution prohibited","409794","5d9b8449474f61640d570f906a554ea24ece59f96eabe843868fffebb0dd20f1","","","1","Combined-model inference over the mixed ACDC and DAWN validation union."
"acdc+dawn_combined_test","annotated_prediction","ACDC","COMBINED","night","acdc+dawn_combined_test/combined_visual_detections/GOPR0356_frame_000357_rgb_anon.jpg","","withheld_acdc_redistribution_restriction","ACDC research-use licence: image redistribution prohibited","459688","da636ed5f7f722fc19d9292086eee00f4c6dac342956423a9393ebdcb4371f94","","","1","Combined-model inference over the mixed ACDC and DAWN validation union."
"acdc+dawn_combined_test","annotated_prediction","ACDC","COMBINED","night","acdc+dawn_combined_test/combined_visual_detections/GOPR0356_frame_000360_rgb_anon.jpg","","withheld_acdc_redistribution_restriction","ACDC research-use licence: image redistribution prohibited","341095","eceb3ebd452fa59091cd3e27d16b5e1bcdc05dc2c108009f520c6f3fa18d965b","","","1","Combined-model inference over the mixed ACDC and DAWN validation union."
"acdc+dawn_combined_test","annotated_prediction","ACDC","COMBINED","night","acdc+dawn_combined_test/combined_visual_detections/GOPR0356_frame_000363_rgb_anon.jpg","","withheld_acdc_redistribution_restriction","ACDC research-use licence: image redistribution prohibited","423643","8af11c284d801b36aeb9068690b2e55e35aa4157affa8dafa3afa9257bf06d21","","","1","Combined-model inference over the mixed ACDC and DAWN validation union."
"acdc+dawn_combined_test","annotated_prediction","ACDC","COMBINED","night","acdc+dawn_combined_test/combined_visual_detections/GOPR0356_frame_000366_rgb_anon.jpg","","withheld_acdc_redistribution_restriction","ACDC research-use licence: image redistribution prohibited","409575","06b2739629a49ef84402d68cf0a62875a84252bf223703136e139113a7946f16","","","1","Combined-model inference over the mixed ACDC and DAWN validation union."
"acdc+dawn_combined_test","annotated_prediction","ACDC","COMBINED","night","acdc+dawn_combined_test/combined_visual_detections/GOPR0356_frame_000369_rgb_anon.jpg","","withheld_acdc_redistribution_restriction","ACDC research-use licence: image redistribution prohibited","390140","748a0ea554a19ac3bcec9de62a22ba6008b2e085970302bd3cdc5e96473c1903","","","1","Combined-model inference over the mixed ACDC and DAWN validation union."
"acdc+dawn_combined_test","annotated_prediction","ACDC","COMBINED","night","acdc+dawn_combined_test/combined_visual_detections/GOPR0356_frame_000372_rgb_anon.jpg","","withheld_acdc_redistribution_restriction","ACDC research-use licence: image redistribution prohibited","361947","f9262971244f92cac1943443a678fa8e3b68b79586a995ffd4dbe6d7b2c16ba3","","","1","Combined-model inference over the mixed ACDC and DAWN validation union."
"acdc+dawn_combined_test","annotated_prediction","ACDC","COMBINED","night","acdc+dawn_combined_test/combined_visual_detections/GOPR0356_frame_000375_rgb_anon.jpg","","withheld_acdc_redistribution_restriction","ACDC research-use licence: image redistribution prohibited","394103","37b51e787decab89af08ba9ae3821c6a9279688eaaedc232c128c52d88ea924f","","","1","Combined-model inference over the mixed ACDC and DAWN validation union."
"acdc+dawn_combined_test","annotated_prediction","ACDC","COMBINED","night","acdc+dawn_combined_test/combined_visual_detections/GOPR0356_frame_000378_rgb_anon.jpg","","withheld_acdc_redistribution_restriction","ACDC research-use licence: image redistribution prohibited","408965","0e4a65d91a775973035971df1b81c26565aa3da0a3c8fdccdb5154a79dbe0caf","","","1","Combined-model inference over the mixed ACDC and DAWN validation union."
"acdc+dawn_combined_test","annotated_prediction","ACDC","COMBINED","night","acdc+dawn_combined_test/combined_visual_detections/GOPR0356_frame_000382_rgb_anon.jpg","","withheld_acdc_redistribution_restriction","ACDC research-use licence: image redistribution prohibited","465527","ddeaad1b2c03ca926609f6dceb97fe3f61f86a5ac91cf6c2c7cb798cf7e4de3d","","","1","Combined-model inference over the mixed ACDC and DAWN validation union."
"acdc+dawn_combined_test","annotated_prediction","ACDC","COMBINED","night","acdc+dawn_combined_test/combined_visual_detections/GOPR0356_frame_000386_rgb_anon.jpg","","withheld_acdc_redistribution_restriction","ACDC research-use licence: image redistribution prohibited","395516","90771bba094b4d88494ef55812649095fef142dc734b3c8ce23ee665204836ce","","","1","Combined-model inference over the mixed ACDC and DAWN validation union."
"acdc+dawn_combined_test","annotated_prediction","ACDC","COMBINED","night","acdc+dawn_combined_test/combined_visual_detections/GOPR0356_frame_000391_rgb_anon.jpg","","withheld_acdc_redistribution_restriction","ACDC research-use licence: image redistribution prohibited","332781","bead2a13cb610f5705fde5729c502c634b9a801dcc4b467cab8b168d94ecba74","","","3","Combined-model inference over the mixed ACDC and DAWN validation union."
"acdc+dawn_combined_test","annotated_prediction","ACDC","COMBINED","night","acdc+dawn_combined_test/combined_visual_detections/GOPR0356_frame_000395_rgb_anon.jpg","","withheld_acdc_redistribution_restriction","ACDC research-use licence: image redistribution prohibited","309938","1ec5641741835a4e106bd1cdfd1b2b78064245da04753c79e2ddc26da317a2e8","","","3","Combined-model inference over the mixed ACDC and DAWN validation union."
"acdc+dawn_combined_test","annotated_prediction","ACDC","COMBINED","night","acdc+dawn_combined_test/combined_visual_detections/GOPR0356_frame_000398_rgb_anon.jpg","","withheld_acdc_redistribution_restriction","ACDC research-use licence: image redistribution prohibited","340194","a378a5b0a9958e2d2eacb1346885a4474f5fb79fbb28078f5de8f0acda312c14","","","2","Combined-model inference over the mixed ACDC and DAWN validation union."
"acdc+dawn_combined_test","annotated_prediction","ACDC","COMBINED","night","acdc+dawn_combined_test/combined_visual_detections/GOPR0356_frame_000401_rgb_anon.jpg","","withheld_acdc_redistribution_restriction","ACDC research-use licence: image redistribution prohibited","383481","f9d5f4fda222a9c348a07326b8e22c67f2fbc296a179bbae9932434c4d5d9baa","","","1","Combined-model inference over the mixed ACDC and DAWN validation union."
"acdc+dawn_combined_test","annotated_prediction","ACDC","COMBINED","night","acdc+dawn_combined_test/combined_visual_detections/GOPR0356_frame_000404_rgb_anon.jpg","","withheld_acdc_redistribution_restriction","ACDC research-use licence: image redistribution prohibited","406077","a75013c18115a8c0309f00057243ef213be950825a081924ad3746d97bd19c04","","","1","Combined-model inference over the mixed ACDC and DAWN validation union."
"acdc+dawn_combined_test","annotated_prediction","ACDC","COMBINED","night","acdc+dawn_combined_test/combined_visual_detections/GOPR0356_frame_000408_rgb_anon.jpg","","withheld_acdc_redistribution_restriction","ACDC research-use licence: image redistribution prohibited","367691","308de070da2d8a2e22e4ad803c62c1087a36c5a58a553ca384ceb6385fb6a5ef","","","1","Combined-model inference over the mixed ACDC and DAWN validation union."
"acdc+dawn_combined_test","annotated_prediction","ACDC","COMBINED","night","acdc+dawn_combined_test/combined_visual_detections/GOPR0356_frame_000414_rgb_anon.jpg","","withheld_acdc_redistribution_restriction","ACDC research-use licence: image redistribution prohibited","384646","bd7e4fcdccb5fa8d297903c241a2dae668862f02f2a3878fa6806c1c9eff0484","","","1","Combined-model inference over the mixed ACDC and DAWN validation union."
"acdc+dawn_combined_test","annotated_prediction","ACDC","COMBINED","night","acdc+dawn_combined_test/combined_visual_detections/GOPR0356_frame_000418_rgb_anon.jpg","","withheld_acdc_redistribution_restriction","ACDC research-use licence: image redistribution prohibited","417382","55f5c61d9b6ae94177b1904a818e4821d2a261b59f59744990dfa955e4bae1ce","","","1","Combined-model inference over the mixed ACDC and DAWN validation union."
"acdc+dawn_combined_test","annotated_prediction","ACDC","COMBINED","night","acdc+dawn_combined_test/combined_visual_detections/GOPR0356_frame_000421_rgb_anon.jpg","","withheld_acdc_redistribution_restriction","ACDC research-use licence: image redistribution prohibited","376374","66127cb0f4913972f4102fa0cbc895b898cf9d0b97b6d591715e5ac6be14fb4b","","","1","Combined-model inference over the mixed ACDC and DAWN validation union."
"acdc+dawn_combined_test","annotated_prediction","ACDC","COMBINED","night","acdc+dawn_combined_test/combined_visual_detections/GOPR0356_frame_000424_rgb_anon.jpg","","withheld_acdc_redistribution_restriction","ACDC research-use licence: image redistribution prohibited","334022","14e3137040efa8b17a9f3c4c3357f551bdc07423e1d0807f1df439f192df4fe6","","","1","Combined-model inference over the mixed ACDC and DAWN validation union."
"acdc+dawn_combined_test","annotated_prediction","ACDC","COMBINED","night","acdc+dawn_combined_test/combined_visual_detections/GOPR0356_frame_000427_rgb_anon.jpg","","withheld_acdc_redistribution_restriction","ACDC research-use licence: image redistribution prohibited","455212","5b5c18ac09107216353c50ae4f673a929caac471b6a275e1860223159df91c37","","","1","Combined-model inference over the mixed ACDC and DAWN validation union."
"acdc+dawn_combined_test","annotated_prediction","ACDC","COMBINED","night","acdc+dawn_combined_test/combined_visual_detections/GOPR0356_frame_000430_rgb_anon.jpg","","withheld_acdc_redistribution_restriction","ACDC research-use licence: image redistribution prohibited","378600","0208ac416df0c572edec8cfa06009a362c4889e99fae0489064ea49a4a4adb9f","","","2","Combined-model inference over the mixed ACDC and DAWN validation union."
"acdc+dawn_combined_test","annotated_prediction","ACDC","COMBINED","night","acdc+dawn_combined_test/combined_visual_detections/GOPR0356_frame_000433_rgb_anon.jpg","","withheld_acdc_redistribution_restriction","ACDC research-use licence: image redistribution prohibited","473227","60863e6d4823dc5a13169f6cf292f54bf52d9006e6352c197b871510f6b3e4bc","","","1","Combined-model inference over the mixed ACDC and DAWN validation union."
"acdc+dawn_combined_test","annotated_prediction","ACDC","COMBINED","night","acdc+dawn_combined_test/combined_visual_detections/GOPR0356_frame_000437_rgb_anon.jpg","","withheld_acdc_redistribution_restriction","ACDC research-use licence: image redistribution prohibited","500866","6be4ea7c7c4f42ec4643bf645a9a6a121a9961ffc6f7e1885ad5b517a7cbcb5a","","","1","Combined-model inference over the mixed ACDC and DAWN validation union."
"acdc+dawn_combined_test","annotated_prediction","ACDC","COMBINED","night","acdc+dawn_combined_test/combined_visual_detections/GOPR0356_frame_000448_rgb_anon.jpg","","withheld_acdc_redistribution_restriction","ACDC research-use licence: image redistribution prohibited","490268","3680edde4f8c5f7c45fa736048c4a1b2d553b0fc4677eb1a2baed79e1f21c7b5","","","1","Combined-model inference over the mixed ACDC and DAWN validation union."
"acdc+dawn_combined_test","annotated_prediction","ACDC","COMBINED","night","acdc+dawn_combined_test/combined_visual_detections/GOPR0356_frame_000452_rgb_anon.jpg","","withheld_acdc_redistribution_restriction","ACDC research-use licence: image redistribution prohibited","455731","0b9e2c27948a4606abe7182d7f95bec035c13ba520861230e1a8c36f3be60681","","","1","Combined-model inference over the mixed ACDC and DAWN validation union."
"acdc+dawn_combined_test","annotated_prediction","ACDC","COMBINED","night","acdc+dawn_combined_test/combined_visual_detections/GOPR0356_frame_000455_rgb_anon.jpg","","withheld_acdc_redistribution_restriction","ACDC research-use licence: image redistribution prohibited","420083","cc994f6bdd107d357b1ea178621748f7a01e7ed295d04383448baf7d9acf54fe","","","1","Combined-model inference over the mixed ACDC and DAWN validation union."
"acdc+dawn_combined_test","annotated_prediction","ACDC","COMBINED","night","acdc+dawn_combined_test/combined_visual_detections/GOPR0356_frame_000458_rgb_anon.jpg","","withheld_acdc_redistribution_restriction","ACDC research-use licence: image redistribution prohibited","467845","4087adc30ce48621303774dd40294c197f3faea7f36d8862856c7bf3f28e0ad0","","","1","Combined-model inference over the mixed ACDC and DAWN validation union."
"acdc+dawn_combined_test","annotated_prediction","ACDC","COMBINED","night","acdc+dawn_combined_test/combined_visual_detections/GOPR0356_frame_000461_rgb_anon.jpg","","withheld_acdc_redistribution_restriction","ACDC research-use licence: image redistribution prohibited","448559","7ab118af014e704fabbcabe4e8f1221084c63b21a3d940eb9e6f5471ec0ac10d","","","1","Combined-model inference over the mixed ACDC and DAWN validation union."
"acdc+dawn_combined_test","annotated_prediction","ACDC","COMBINED","night","acdc+dawn_combined_test/combined_visual_detections/GOPR0356_frame_000464_rgb_anon.jpg","","withheld_acdc_redistribution_restriction","ACDC research-use licence: image redistribution prohibited","353938","95c239cc38727bf9e686b3587b59d624b9745ff04c8c4cc7fc63ba4b2dcd6044","","","1","Combined-model inference over the mixed ACDC and DAWN validation union."
"acdc+dawn_combined_test","annotated_prediction","ACDC","COMBINED","night","acdc+dawn_combined_test/combined_visual_detections/GOPR0356_frame_000467_rgb_anon.jpg","","withheld_acdc_redistribution_restriction","ACDC research-use licence: image redistribution prohibited","389858","5c64cdb6db782c30f606e85dc56374631c844ddcd0ae9fd2df934a8c093b1c11","","","2","Combined-model inference over the mixed ACDC and DAWN validation union."
"acdc+dawn_combined_test","annotated_prediction","ACDC","COMBINED","night","acdc+dawn_combined_test/combined_visual_detections/GOPR0356_frame_000470_rgb_anon.jpg","","withheld_acdc_redistribution_restriction","ACDC research-use licence: image redistribution prohibited","440304","e7d6c1033fe39acc0f3fc76552b03b73e726d86fdf963eb6bfb5deb5adbd9081","","","1","Combined-model inference over the mixed ACDC and DAWN validation union."
"acdc+dawn_combined_test","annotated_prediction","ACDC","COMBINED","night","acdc+dawn_combined_test/combined_visual_detections/GOPR0356_frame_000473_rgb_anon.jpg","","withheld_acdc_redistribution_restriction","ACDC research-use licence: image redistribution prohibited","394330","bc9f18463f926d32f54806d747e5aad9a610f0f66a4409bef641b38d3ba5b84d","","","1","Combined-model inference over the mixed ACDC and DAWN validation union."
"acdc+dawn_combined_test","annotated_prediction","ACDC","COMBINED","night","acdc+dawn_combined_test/combined_visual_detections/GOPR0356_frame_000476_rgb_anon.jpg","","withheld_acdc_redistribution_restriction","ACDC research-use licence: image redistribution prohibited","308365","d0e0839b2f13c99c1d44ec3dbac9366cbb2d24304a654dc8a5d16076ccfbd550","","","1","Combined-model inference over the mixed ACDC and DAWN validation union."
"acdc+dawn_combined_test","annotated_prediction","ACDC","COMBINED","night","acdc+dawn_combined_test/combined_visual_detections/GOPR0356_frame_000479_rgb_anon.jpg","","withheld_acdc_redistribution_restriction","ACDC research-use licence: image redistribution prohibited","291694","1a517b6f53263149d313b21fbf1e060152b06821a14c2a13630ab28372594dc4","","","2","Combined-model inference over the mixed ACDC and DAWN validation union."
"acdc+dawn_combined_test","annotated_prediction","ACDC","COMBINED","night","acdc+dawn_combined_test/combined_visual_detections/GOPR0356_frame_000482_rgb_anon.jpg","","withheld_acdc_redistribution_restriction","ACDC research-use licence: image redistribution prohibited","371249","549f734753be6556e2f1369775235e94bb07bead5797974df00db174d0a84d6d","","","2","Combined-model inference over the mixed ACDC and DAWN validation union."
"acdc+dawn_combined_test","annotated_prediction","ACDC","COMBINED","night","acdc+dawn_combined_test/combined_visual_detections/GOPR0356_frame_000485_rgb_anon.jpg","","withheld_acdc_redistribution_restriction","ACDC research-use licence: image redistribution prohibited","419161","a4056a92ce88e84da1570e8195ffc57479b495cacd597891376ea72d2fa6fa1f","","","3","Combined-model inference over the mixed ACDC and DAWN validation union."
"acdc+dawn_combined_test","annotated_prediction","ACDC","COMBINED","night","acdc+dawn_combined_test/combined_visual_detections/GOPR0356_frame_000488_rgb_anon.jpg","","withheld_acdc_redistribution_restriction","ACDC research-use licence: image redistribution prohibited","337849","78bdc159619382819bf27fcba22fc06c44e6d64ca59edef9bee8a9f0423e2b5e","","","2","Combined-model inference over the mixed ACDC and DAWN validation union."
"acdc+dawn_combined_test","annotated_prediction","ACDC","COMBINED","rain","acdc+dawn_combined_test/combined_visual_detections/GOPR0400_frame_000058_rgb_anon.jpg","","withheld_acdc_redistribution_restriction","ACDC research-use licence: image redistribution prohibited","487060","7800326c7ec9d044cba640853531c9b9a7d4dee422e1d57a8d30cbb22f5e0c88","","","1","Combined-model inference over the mixed ACDC and DAWN validation union."
"acdc+dawn_combined_test","annotated_prediction","ACDC","COMBINED","rain","acdc+dawn_combined_test/combined_visual_detections/GOPR0400_frame_000087_rgb_anon.jpg","","withheld_acdc_redistribution_restriction","ACDC research-use licence: image redistribution prohibited","428574","5af6c0a31015ab6e698582cf5eb21bd15a415f5528f4132b4b3e59db0fcc3881","","","1","Combined-model inference over the mixed ACDC and DAWN validation union."
"acdc+dawn_combined_test","annotated_prediction","ACDC","COMBINED","rain","acdc+dawn_combined_test/combined_visual_detections/GOPR0400_frame_000094_rgb_anon.jpg","","withheld_acdc_redistribution_restriction","ACDC research-use licence: image redistribution prohibited","448405","a2ca2965a95922384d4e560df14d2bb4817cf4cea8fd6871232f9c3cd1d5140a","","","1","Combined-model inference over the mixed ACDC and DAWN validation union."
"acdc+dawn_combined_test","annotated_prediction","ACDC","COMBINED","rain","acdc+dawn_combined_test/combined_visual_detections/GOPR0400_frame_000107_rgb_anon.jpg","","withheld_acdc_redistribution_restriction","ACDC research-use licence: image redistribution prohibited","467370","63ff628b7ab2a5ad41c77f24a683928bab579c8a2937315f37e0367eda4c405a","","","1","Combined-model inference over the mixed ACDC and DAWN validation union."
"acdc+dawn_combined_test","annotated_prediction","ACDC","COMBINED","rain","acdc+dawn_combined_test/combined_visual_detections/GOPR0400_frame_000114_rgb_anon.jpg","","withheld_acdc_redistribution_restriction","ACDC research-use licence: image redistribution prohibited","498323","7926113092b57df5da48db78605a91392205858411cccd8487cfb596df46e58a","","","1","Combined-model inference over the mixed ACDC and DAWN validation union."
"acdc+dawn_combined_test","annotated_prediction","ACDC","COMBINED","rain","acdc+dawn_combined_test/combined_visual_detections/GOPR0400_frame_000125_rgb_anon.jpg","","withheld_acdc_redistribution_restriction","ACDC research-use licence: image redistribution prohibited","467384","563a61fcea8496e976d75d328dc736099b4a737781d673604ba1bd282f9a729c","","","1","Combined-model inference over the mixed ACDC and DAWN validation union."
"acdc+dawn_combined_test","annotated_prediction","ACDC","COMBINED","rain","acdc+dawn_combined_test/combined_visual_detections/GOPR0400_frame_000150_rgb_anon.jpg","","withheld_acdc_redistribution_restriction","ACDC research-use licence: image redistribution prohibited","485842","1e52c90c4f488a01df4634c9b9379d6adf2d5db0f3f88bafa21cc889d9e42a27","","","1","Combined-model inference over the mixed ACDC and DAWN validation union."
"acdc+dawn_combined_test","annotated_prediction","ACDC","COMBINED","rain","acdc+dawn_combined_test/combined_visual_detections/GOPR0402_frame_000120_rgb_anon.jpg","","withheld_acdc_redistribution_restriction","ACDC research-use licence: image redistribution prohibited","499908","fd6abe40d2a1cc7d9dc954f17f51a2dfb58e82ecb6ab78f21ad5a68dee4ca0f4","","","1","Combined-model inference over the mixed ACDC and DAWN validation union."
"acdc+dawn_combined_test","annotated_prediction","ACDC","COMBINED","rain","acdc+dawn_combined_test/combined_visual_detections/GOPR0402_frame_000134_rgb_anon.jpg","","withheld_acdc_redistribution_restriction","ACDC research-use licence: image redistribution prohibited","572610","830bcdd817e89dd4c5074c51d41c102e13e60eb9659ede66955d1bf044f7261c","","","1","Combined-model inference over the mixed ACDC and DAWN validation union."
"acdc+dawn_combined_test","annotated_prediction","ACDC","COMBINED","rain","acdc+dawn_combined_test/combined_visual_detections/GOPR0402_frame_000154_rgb_anon.jpg","","withheld_acdc_redistribution_restriction","ACDC research-use licence: image redistribution prohibited","428120","5315defe7a14415bb26bbec75265c34bffe72132fbecad0fc0b3dc680ad4faa1","","","1","Combined-model inference over the mixed ACDC and DAWN validation union."
"acdc+dawn_combined_test","annotated_prediction","ACDC","COMBINED","rain","acdc+dawn_combined_test/combined_visual_detections/GOPR0402_frame_000186_rgb_anon.jpg","","withheld_acdc_redistribution_restriction","ACDC research-use licence: image redistribution prohibited","455173","11097d2541789f30a92aef3dddeed7df63e98b73d28c50f14887b37688f48d72","","","1","Combined-model inference over the mixed ACDC and DAWN validation union."
"acdc+dawn_combined_test","annotated_prediction","ACDC","COMBINED","rain","acdc+dawn_combined_test/combined_visual_detections/GOPR0402_frame_000194_rgb_anon.jpg","","withheld_acdc_redistribution_restriction","ACDC research-use licence: image redistribution prohibited","596383","ce2a8e99f360038c35495f2ad9b1db648112c9c50a03aff0f3f0f2e5f1bc9f60","","","1","Combined-model inference over the mixed ACDC and DAWN validation union."
"acdc+dawn_combined_test","annotated_prediction","ACDC","COMBINED","rain","acdc+dawn_combined_test/combined_visual_detections/GOPR0402_frame_000214_rgb_anon.jpg","","withheld_acdc_redistribution_restriction","ACDC research-use licence: image redistribution prohibited","592906","107e96fd1e8a5cd813667adcf664657e8ee6fda0164941c1a45175a03094a767","","","1","Combined-model inference over the mixed ACDC and DAWN validation union."
"acdc+dawn_combined_test","annotated_prediction","ACDC","COMBINED","rain","acdc+dawn_combined_test/combined_visual_detections/GOPR0402_frame_000234_rgb_anon.jpg","","withheld_acdc_redistribution_restriction","ACDC research-use licence: image redistribution prohibited","581441","150faf94db772235d26a38b950df4fcba0cb2bbef4710e1fae58687bb1d2ea3a","","","1","Combined-model inference over the mixed ACDC and DAWN validation union."
"acdc+dawn_combined_test","annotated_prediction","ACDC","COMBINED","rain","acdc+dawn_combined_test/combined_visual_detections/GOPR0402_frame_000254_rgb_anon.jpg","","withheld_acdc_redistribution_restriction","ACDC research-use licence: image redistribution prohibited","749938","14f923605aa3d0c001afe809fe017ca775cd634ce3e233c8aae4f47c52f23736","","","1","Combined-model inference over the mixed ACDC and DAWN validation union."
"acdc+dawn_combined_test","annotated_prediction","ACDC","COMBINED","rain","acdc+dawn_combined_test/combined_visual_detections/GOPR0402_frame_000294_rgb_anon.jpg","","withheld_acdc_redistribution_restriction","ACDC research-use licence: image redistribution prohibited","581094","d42a6df243f4501cef92ed5e9161e7fbc62206ef7258932e677333437fddea32","","","1","Combined-model inference over the mixed ACDC and DAWN validation union."
"acdc+dawn_combined_test","annotated_prediction","ACDC","COMBINED","rain","acdc+dawn_combined_test/combined_visual_detections/GOPR0402_frame_000304_rgb_anon.jpg","","withheld_acdc_redistribution_restriction","ACDC research-use licence: image redistribution prohibited","567902","cdb99910aef306bc457192819142f56ee5c12e9b03abac5a1e06eb8ad216dbf7","","","1","Combined-model inference over the mixed ACDC and DAWN validation union."
"acdc+dawn_combined_test","annotated_prediction","ACDC","COMBINED","rain","acdc+dawn_combined_test/combined_visual_detections/GOPR0402_frame_000315_rgb_anon.jpg","","withheld_acdc_redistribution_restriction","ACDC research-use licence: image redistribution prohibited","557441","2b3ee69308279078579215788b4554890eadc54b65d7c1c053ae9825282be98b","","","1","Combined-model inference over the mixed ACDC and DAWN validation union."
"acdc+dawn_combined_test","annotated_prediction","ACDC","COMBINED","rain","acdc+dawn_combined_test/combined_visual_detections/GOPR0402_frame_000320_rgb_anon.jpg","","withheld_acdc_redistribution_restriction","ACDC research-use licence: image redistribution prohibited","622209","7d7e4489373f369464d03fb8bcd10dd83df76fb0b4963f612422e22d3c74d70c","","","1","Combined-model inference over the mixed ACDC and DAWN validation union."
"acdc+dawn_combined_test","annotated_prediction","ACDC","COMBINED","rain","acdc+dawn_combined_test/combined_visual_detections/GOPR0402_frame_000331_rgb_anon.jpg","","withheld_acdc_redistribution_restriction","ACDC research-use licence: image redistribution prohibited","549826","347e25e2bc9179bfc4845e6cd0fe2025b9f0da6de10f7b65c60d3d5d8f5a4e7f","","","1","Combined-model inference over the mixed ACDC and DAWN validation union."
"acdc+dawn_combined_test","annotated_prediction","ACDC","COMBINED","rain","acdc+dawn_combined_test/combined_visual_detections/GOPR0402_frame_000336_rgb_anon.jpg","","withheld_acdc_redistribution_restriction","ACDC research-use licence: image redistribution prohibited","471116","c35676876f516e272abdb341503b7583b867e6e182700179ab525a1cf720ad92","","","1","Combined-model inference over the mixed ACDC and DAWN validation union."
"acdc+dawn_combined_test","annotated_prediction","ACDC","COMBINED","rain","acdc+dawn_combined_test/combined_visual_detections/GOPR0402_frame_000351_rgb_anon.jpg","","withheld_acdc_redistribution_restriction","ACDC research-use licence: image redistribution prohibited","474163","9b2abe41bc8710fe7925938dedbbd00c7b93443801462e32f77f56e2399a3529","","","1","Combined-model inference over the mixed ACDC and DAWN validation union."
"acdc+dawn_combined_test","annotated_prediction","ACDC","COMBINED","rain","acdc+dawn_combined_test/combined_visual_detections/GOPR0402_frame_000365_rgb_anon.jpg","","withheld_acdc_redistribution_restriction","ACDC research-use licence: image redistribution prohibited","548132","b79243abfe669512877a74fa20d7068faf1d1c0bf2b77c5861ca1d05b02aff8d","","","1","Combined-model inference over the mixed ACDC and DAWN validation union."
"acdc+dawn_combined_test","annotated_prediction","ACDC","COMBINED","rain","acdc+dawn_combined_test/combined_visual_detections/GOPR0402_frame_000369_rgb_anon.jpg","","withheld_acdc_redistribution_restriction","ACDC research-use licence: image redistribution prohibited","537979","f9469dbadea6c0afd865b52bc72b0d43dcd9e6326fedf9d5d4b672cf90454596","","","1","Combined-model inference over the mixed ACDC and DAWN validation union."
"acdc+dawn_combined_test","annotated_prediction","ACDC","COMBINED","rain","acdc+dawn_combined_test/combined_visual_detections/GOPR0402_frame_000384_rgb_anon.jpg","","withheld_acdc_redistribution_restriction","ACDC research-use licence: image redistribution prohibited","586096","a3d83c2733aa147bd480ed8ef335d3f03255bcb64cbd1618965113cc43395fe6","","","1","Combined-model inference over the mixed ACDC and DAWN validation union."
"acdc+dawn_combined_test","annotated_prediction","ACDC","COMBINED","rain","acdc+dawn_combined_test/combined_visual_detections/GOPR0402_frame_000402_rgb_anon.jpg","","withheld_acdc_redistribution_restriction","ACDC research-use licence: image redistribution prohibited","573500","98ec5fd4fd9759ad26160f83396333d28f78adced302d53d6c17a0dc25fddce3","","","1","Combined-model inference over the mixed ACDC and DAWN validation union."
"acdc+dawn_combined_test","annotated_prediction","ACDC","COMBINED","rain","acdc+dawn_combined_test/combined_visual_detections/GOPR0402_frame_000408_rgb_anon.jpg","","withheld_acdc_redistribution_restriction","ACDC research-use licence: image redistribution prohibited","496891","6e30154795ec611c35dce1a0cb9d1482854a9ff558e5c9b5a2a9f2373d962519","","","1","Combined-model inference over the mixed ACDC and DAWN validation union."
"acdc+dawn_combined_test","annotated_prediction","ACDC","COMBINED","rain","acdc+dawn_combined_test/combined_visual_detections/GOPR0402_frame_000424_rgb_anon.jpg","","withheld_acdc_redistribution_restriction","ACDC research-use licence: image redistribution prohibited","390834","e289994c0cd0f42f9e457f7b0cacd80b821de57c064dd973b6cc6927b0b278ec","","","1","Combined-model inference over the mixed ACDC and DAWN validation union."
"acdc+dawn_combined_test","annotated_prediction","ACDC","COMBINED","rain","acdc+dawn_combined_test/combined_visual_detections/GOPR0402_frame_000429_rgb_anon.jpg","","withheld_acdc_redistribution_restriction","ACDC research-use licence: image redistribution prohibited","491471","f3f5173b353f7037f2881692078423bc72c794ae04d5ccf0178e8ae4da468055","","","1","Combined-model inference over the mixed ACDC and DAWN validation union."
"acdc+dawn_combined_test","annotated_prediction","ACDC","COMBINED","rain","acdc+dawn_combined_test/combined_visual_detections/GOPR0402_frame_000435_rgb_anon.jpg","","withheld_acdc_redistribution_restriction","ACDC research-use licence: image redistribution prohibited","595950","74918b1e4e7e5a1dd2c389c1196be46a65bbc7b4cb124d063d75f3fbd1c0343c","","","1","Combined-model inference over the mixed ACDC and DAWN validation union."
"acdc+dawn_combined_test","annotated_prediction","ACDC","COMBINED","rain","acdc+dawn_combined_test/combined_visual_detections/GOPR0402_frame_000441_rgb_anon.jpg","","withheld_acdc_redistribution_restriction","ACDC research-use licence: image redistribution prohibited","559542","8077ea8e93b70ebadb67cc020075fd38cfc0ce3cd86b52b2864d19b22e3c49c2","","","1","Combined-model inference over the mixed ACDC and DAWN validation union."
"acdc+dawn_combined_test","annotated_prediction","ACDC","COMBINED","rain","acdc+dawn_combined_test/combined_visual_detections/GOPR0402_frame_000457_rgb_anon.jpg","","withheld_acdc_redistribution_restriction","ACDC research-use licence: image redistribution prohibited","580781","d7ed8f9e8e7373f87cc92c7e11c5f6affc61e672a3da9966ec747f7ab33c602d","","","1","Combined-model inference over the mixed ACDC and DAWN validation union."
"acdc+dawn_combined_test","annotated_prediction","ACDC","COMBINED","rain","acdc+dawn_combined_test/combined_visual_detections/GOPR0402_frame_000741_rgb_anon.jpg","","withheld_acdc_redistribution_restriction","ACDC research-use licence: image redistribution prohibited","502563","de8bacde1c2c4f85dbc46a9ed0b2b32aaaf508359e5c7cee3ca1de42fe4eea06","","","1","Combined-model inference over the mixed ACDC and DAWN validation union."
"acdc+dawn_combined_test","annotated_prediction","ACDC","COMBINED","rain","acdc+dawn_combined_test/combined_visual_detections/GOPR0402_frame_000748_rgb_anon.jpg","","withheld_acdc_redistribution_restriction","ACDC research-use licence: image redistribution prohibited","530728","9962fcc7bb7b4a33a78abfa52feed1910aa04b3d509b82634c10bfaba637efaa","","","1","Combined-model inference over the mixed ACDC and DAWN validation union."
"acdc+dawn_combined_test","annotated_prediction","ACDC","COMBINED","rain","acdc+dawn_combined_test/combined_visual_detections/GOPR0402_frame_000755_rgb_anon.jpg","","withheld_acdc_redistribution_restriction","ACDC research-use licence: image redistribution prohibited","528455","91d464244824abf2e7129f583d5263cb57a22b5cccd36d47f7fe97e54593efcb","","","1","Combined-model inference over the mixed ACDC and DAWN validation union."
"acdc+dawn_combined_test","annotated_prediction","ACDC","COMBINED","rain","acdc+dawn_combined_test/combined_visual_detections/GOPR0402_frame_000761_rgb_anon.jpg","","withheld_acdc_redistribution_restriction","ACDC research-use licence: image redistribution prohibited","551124","dfa9b4d228504a08234be60d87276a88fafc40e63b5535b8893604fdcb34390e","","","1","Combined-model inference over the mixed ACDC and DAWN validation union."
"acdc+dawn_combined_test","annotated_prediction","ACDC","COMBINED","fog","acdc+dawn_combined_test/combined_visual_detections/GOPR0476_frame_000761_rgb_anon.jpg","","withheld_acdc_redistribution_restriction","ACDC research-use licence: image redistribution prohibited","370796","93dec34cf79d0557472613839e8446db392b88df8b134a41b82e3e025d7b38fc","","","1","Combined-model inference over the mixed ACDC and DAWN validation union."
"acdc+dawn_combined_test","annotated_prediction","ACDC","COMBINED","fog","acdc+dawn_combined_test/combined_visual_detections/GOPR0476_frame_000769_rgb_anon.jpg","","withheld_acdc_redistribution_restriction","ACDC research-use licence: image redistribution prohibited","401405","79645d25acdae6e202b5ee66a801b61dd663197984a7fff01ecdeae6e80ca343","","","1","Combined-model inference over the mixed ACDC and DAWN validation union."
"acdc+dawn_combined_test","annotated_prediction","ACDC","COMBINED","fog","acdc+dawn_combined_test/combined_visual_detections/GOPR0476_frame_000775_rgb_anon.jpg","","withheld_acdc_redistribution_restriction","ACDC research-use licence: image redistribution prohibited","413578","b5c8bd14f8b201049395547f47291db45900cc68e2856fe9236ca71dec33a76e","","","1","Combined-model inference over the mixed ACDC and DAWN validation union."
"acdc+dawn_combined_test","annotated_prediction","ACDC","COMBINED","fog","acdc+dawn_combined_test/combined_visual_detections/GOPR0476_frame_000781_rgb_anon.jpg","","withheld_acdc_redistribution_restriction","ACDC research-use licence: image redistribution prohibited","402008","5fbf4a5c5805f1822bbd0b28f67b8a2a003b2ab2e85d7c289f87e8b8f07cbe49","","","1","Combined-model inference over the mixed ACDC and DAWN validation union."
"acdc+dawn_combined_test","annotated_prediction","ACDC","COMBINED","fog","acdc+dawn_combined_test/combined_visual_detections/GOPR0476_frame_000788_rgb_anon.jpg","","withheld_acdc_redistribution_restriction","ACDC research-use licence: image redistribution prohibited","481304","04840ee1c3d8f0a3f897a68144830a2dcf7b421c3c31d1081daec9faa1f5bcd8","","","1","Combined-model inference over the mixed ACDC and DAWN validation union."
"acdc+dawn_combined_test","annotated_prediction","ACDC","COMBINED","fog","acdc+dawn_combined_test/combined_visual_detections/GOPR0476_frame_000798_rgb_anon.jpg","","withheld_acdc_redistribution_restriction","ACDC research-use licence: image redistribution prohibited","344629","a22e5c4ae9337bcb79299ce28fb37b3bae1428724a0e8bf282a5e6005831163f","","","1","Combined-model inference over the mixed ACDC and DAWN validation union."
"acdc+dawn_combined_test","annotated_prediction","ACDC","COMBINED","fog","acdc+dawn_combined_test/combined_visual_detections/GOPR0476_frame_000826_rgb_anon.jpg","","withheld_acdc_redistribution_restriction","ACDC research-use licence: image redistribution prohibited","478997","bcf632f46d185a14fd3ccb0ab593e7b82c3197bcaf611b93853bfdd9002fcc4e","","","1","Combined-model inference over the mixed ACDC and DAWN validation union."
"acdc+dawn_combined_test","annotated_prediction","ACDC","COMBINED","fog","acdc+dawn_combined_test/combined_visual_detections/GOPR0476_frame_000834_rgb_anon.jpg","","withheld_acdc_redistribution_restriction","ACDC research-use licence: image redistribution prohibited","519237","eb91c19f3fe81efcb737b9d93377d136777b1b807e03ec2a070e12913c41f569","","","1","Combined-model inference over the mixed ACDC and DAWN validation union."
"acdc+dawn_combined_test","annotated_prediction","ACDC","COMBINED","fog","acdc+dawn_combined_test/combined_visual_detections/GOPR0476_frame_000840_rgb_anon.jpg","","withheld_acdc_redistribution_restriction","ACDC research-use licence: image redistribution prohibited","482352","62c556e630003e26a8d4866b19222c86bf787845f85ddedcf14a784b373fc3bc","","","1","Combined-model inference over the mixed ACDC and DAWN validation union."
"acdc+dawn_combined_test","annotated_prediction","ACDC","COMBINED","fog","acdc+dawn_combined_test/combined_visual_detections/GOPR0476_frame_000845_rgb_anon.jpg","","withheld_acdc_redistribution_restriction","ACDC research-use licence: image redistribution prohibited","473624","1045f4430ee70c5fa95f701a79947abaac9bf9b805b1670252e66286744ab32f","","","1","Combined-model inference over the mixed ACDC and DAWN validation union."
"acdc+dawn_combined_test","annotated_prediction","ACDC","COMBINED","fog","acdc+dawn_combined_test/combined_visual_detections/GOPR0476_frame_000850_rgb_anon.jpg","","withheld_acdc_redistribution_restriction","ACDC research-use licence: image redistribution prohibited","449159","f74fd625b6686c81bc31dd1a56e5a4c3b8f88710d393943b1a76bde86e665876","","","1","Combined-model inference over the mixed ACDC and DAWN validation union."
"acdc+dawn_combined_test","annotated_prediction","ACDC","COMBINED","fog","acdc+dawn_combined_test/combined_visual_detections/GOPR0476_frame_000854_rgb_anon.jpg","","withheld_acdc_redistribution_restriction","ACDC research-use licence: image redistribution prohibited","478197","2ae9b7f7fcc7a5cf91666ac9583752239763d60619259bbe053fd5100a41e35d","","","1","Combined-model inference over the mixed ACDC and DAWN validation union."
"acdc+dawn_combined_test","annotated_prediction","ACDC","COMBINED","fog","acdc+dawn_combined_test/combined_visual_detections/GOPR0476_frame_000859_rgb_anon.jpg","","withheld_acdc_redistribution_restriction","ACDC research-use licence: image redistribution prohibited","491949","b04888f42a92aa1e478fca4c8cd2147959171b1e8864804246e3923824d49301","","","1","Combined-model inference over the mixed ACDC and DAWN validation union."
"acdc+dawn_combined_test","annotated_prediction","ACDC","COMBINED","fog","acdc+dawn_combined_test/combined_visual_detections/GOPR0476_frame_000864_rgb_anon.jpg","","withheld_acdc_redistribution_restriction","ACDC research-use licence: image redistribution prohibited","510379","cdefe4bd18ffadba6d04ebbd067b4de57c0fb3d9fcbe0de6b97f33c0979fa8bf","","","1","Combined-model inference over the mixed ACDC and DAWN validation union."
"acdc+dawn_combined_test","annotated_prediction","ACDC","COMBINED","fog","acdc+dawn_combined_test/combined_visual_detections/GOPR0476_frame_000869_rgb_anon.jpg","","withheld_acdc_redistribution_restriction","ACDC research-use licence: image redistribution prohibited","447149","a3a2ee9e6f789e3fb036d2f1c22126d2d3d937f3a2a9b26d49040c9e4ccae49f","","","1","Combined-model inference over the mixed ACDC and DAWN validation union."
"acdc+dawn_combined_test","annotated_prediction","ACDC","COMBINED","fog","acdc+dawn_combined_test/combined_visual_detections/GOPR0476_frame_000874_rgb_anon.jpg","","withheld_acdc_redistribution_restriction","ACDC research-use licence: image redistribution prohibited","407506","d38752e7d7fc1be39241a5f1a7993f6bc84bc4556158c5721bbe491fe84c001e","","","1","Combined-model inference over the mixed ACDC and DAWN validation union."
"acdc+dawn_combined_test","annotated_prediction","ACDC","COMBINED","fog","acdc+dawn_combined_test/combined_visual_detections/GOPR0476_frame_000879_rgb_anon.jpg","","withheld_acdc_redistribution_restriction","ACDC research-use licence: image redistribution prohibited","470412","9d04953096fc3d06cac7eb03d5539f6e476854cacf70afc861f5b4ad0bb04dac","","","1","Combined-model inference over the mixed ACDC and DAWN validation union."
"acdc+dawn_combined_test","annotated_prediction","ACDC","COMBINED","fog","acdc+dawn_combined_test/combined_visual_detections/GOPR0476_frame_000884_rgb_anon.jpg","","withheld_acdc_redistribution_restriction","ACDC research-use licence: image redistribution prohibited","508142","a097af9a01ccc3072a1cc3b8423964fdbe619f19b5b08ac423aed3b8f821200b","","","1","Combined-model inference over the mixed ACDC and DAWN validation union."
"acdc+dawn_combined_test","annotated_prediction","ACDC","COMBINED","fog","acdc+dawn_combined_test/combined_visual_detections/GOPR0476_frame_000889_rgb_anon.jpg","","withheld_acdc_redistribution_restriction","ACDC research-use licence: image redistribution prohibited","480454","750aa8f6642819543b5494e78748dd117374a4db0897826b12c1c2860efc39fb","","","1","Combined-model inference over the mixed ACDC and DAWN validation union."
"acdc+dawn_combined_test","annotated_prediction","ACDC","COMBINED","fog","acdc+dawn_combined_test/combined_visual_detections/GOPR0476_frame_000894_rgb_anon.jpg","","withheld_acdc_redistribution_restriction","ACDC research-use licence: image redistribution prohibited","563344","aa10433c3b1ab56e4d080f0c3a3d70e4c4a07fffe8154ca3695716fc5fd78e17","","","1","Combined-model inference over the mixed ACDC and DAWN validation union."
"acdc+dawn_combined_test","annotated_prediction","ACDC","COMBINED","fog","acdc+dawn_combined_test/combined_visual_detections/GOPR0476_frame_000899_rgb_anon.jpg","","withheld_acdc_redistribution_restriction","ACDC research-use licence: image redistribution prohibited","559365","535cb438f15f21e7a05f36a8c675f21bcacd50ddc35de6ddb8a942a5a4f40fab","","","1","Combined-model inference over the mixed ACDC and DAWN validation union."
"acdc+dawn_combined_test","annotated_prediction","ACDC","COMBINED","fog","acdc+dawn_combined_test/combined_visual_detections/GOPR0476_frame_000904_rgb_anon.jpg","","withheld_acdc_redistribution_restriction","ACDC research-use licence: image redistribution prohibited","638282","8ba2aaf649692c07526be4a7a7f02eaa2686e1603691c1d75d660a04b27e0091","","","1","Combined-model inference over the mixed ACDC and DAWN validation union."
"acdc+dawn_combined_test","annotated_prediction","ACDC","COMBINED","fog","acdc+dawn_combined_test/combined_visual_detections/GOPR0476_frame_000910_rgb_anon.jpg","","withheld_acdc_redistribution_restriction","ACDC research-use licence: image redistribution prohibited","472949","2a5b1e3f3414c0b2691bfcbf82d53e4ee25f6d70c43048d30647e5e1110b4468","","","1","Combined-model inference over the mixed ACDC and DAWN validation union."
"acdc+dawn_combined_test","annotated_prediction","ACDC","COMBINED","fog","acdc+dawn_combined_test/combined_visual_detections/GOPR0476_frame_000916_rgb_anon.jpg","","withheld_acdc_redistribution_restriction","ACDC research-use licence: image redistribution prohibited","597321","cc0fa2562b4f61b51c561b61ceb40a60cd0c22f042cf54a5485d0943faf8eb51","","","1","Combined-model inference over the mixed ACDC and DAWN validation union."
"acdc+dawn_combined_test","annotated_prediction","ACDC","COMBINED","fog","acdc+dawn_combined_test/combined_visual_detections/GOPR0476_frame_000921_rgb_anon.jpg","","withheld_acdc_redistribution_restriction","ACDC research-use licence: image redistribution prohibited","433680","77d2074fe0443490c4ef008c2ff903572b8aba8db6b2af7791e776b61ad9a05d","","","1","Combined-model inference over the mixed ACDC and DAWN validation union."
"acdc+dawn_combined_test","annotated_prediction","ACDC","COMBINED","fog","acdc+dawn_combined_test/combined_visual_detections/GOPR0476_frame_000926_rgb_anon.jpg","","withheld_acdc_redistribution_restriction","ACDC research-use licence: image redistribution prohibited","488615","76b6b0b8a79d5f950ef6fd1c761745354142a7435fac1e511be76350e129c1f2","","","1","Combined-model inference over the mixed ACDC and DAWN validation union."
"acdc+dawn_combined_test","annotated_prediction","ACDC","COMBINED","fog","acdc+dawn_combined_test/combined_visual_detections/GOPR0476_frame_000931_rgb_anon.jpg","","withheld_acdc_redistribution_restriction","ACDC research-use licence: image redistribution prohibited","420702","fece31ea325255817346ee306ea31e3a6d4284b7a244a6cf66a70953bce5bbc4","","","1","Combined-model inference over the mixed ACDC and DAWN validation union."
"acdc+dawn_combined_test","annotated_prediction","ACDC","COMBINED","fog","acdc+dawn_combined_test/combined_visual_detections/GOPR0476_frame_000935_rgb_anon.jpg","","withheld_acdc_redistribution_restriction","ACDC research-use licence: image redistribution prohibited","394316","55f7ba5563932cb0e2a32a05aaeaa403c77adfc5e7844a4a91f7ede0fc7744a1","","","1","Combined-model inference over the mixed ACDC and DAWN validation union."
"acdc+dawn_combined_test","annotated_prediction","ACDC","COMBINED","fog","acdc+dawn_combined_test/combined_visual_detections/GOPR0476_frame_000940_rgb_anon.jpg","","withheld_acdc_redistribution_restriction","ACDC research-use licence: image redistribution prohibited","423879","d15ee93ed597f9f3a5fe5b2a3b75ccd327a97acc4e523f2012b3902eb9bc54c8","","","1","Combined-model inference over the mixed ACDC and DAWN validation union."
"acdc+dawn_combined_test","annotated_prediction","ACDC","COMBINED","fog","acdc+dawn_combined_test/combined_visual_detections/GOPR0476_frame_000944_rgb_anon.jpg","","withheld_acdc_redistribution_restriction","ACDC research-use licence: image redistribution prohibited","438843","68b9a9d3924bd45c10fc74d5fb437de243447414621560acf1ba37c7e986b698","","","1","Combined-model inference over the mixed ACDC and DAWN validation union."
"acdc+dawn_combined_test","annotated_prediction","ACDC","COMBINED","fog","acdc+dawn_combined_test/combined_visual_detections/GOPR0476_frame_000948_rgb_anon.jpg","","withheld_acdc_redistribution_restriction","ACDC research-use licence: image redistribution prohibited","419751","6c137a0b560e00618c3eeb4d9d69237fe98a99525241367e6f3d24b5ec549152","","","1","Combined-model inference over the mixed ACDC and DAWN validation union."
"acdc+dawn_combined_test","annotated_prediction","ACDC","COMBINED","fog","acdc+dawn_combined_test/combined_visual_detections/GOPR0476_frame_000952_rgb_anon.jpg","","withheld_acdc_redistribution_restriction","ACDC research-use licence: image redistribution prohibited","547348","1933bae3200ad8081bcb2d3461cecfc3ac78e765bca60fe3fb94675e35c4ff36","","","1","Combined-model inference over the mixed ACDC and DAWN validation union."
"acdc+dawn_combined_test","annotated_prediction","ACDC","COMBINED","fog","acdc+dawn_combined_test/combined_visual_detections/GOPR0476_frame_000957_rgb_anon.jpg","","withheld_acdc_redistribution_restriction","ACDC research-use licence: image redistribution prohibited","491386","b09f2404828199d7ea8ca0cb1dec1cd2ea80ab6cff01e27e5fc23e7885f84bba","","","1","Combined-model inference over the mixed ACDC and DAWN validation union."
"acdc+dawn_combined_test","annotated_prediction","ACDC","COMBINED","fog","acdc+dawn_combined_test/combined_visual_detections/GOPR0476_frame_000962_rgb_anon.jpg","","withheld_acdc_redistribution_restriction","ACDC research-use licence: image redistribution prohibited","454755","cca7b2917bd526971171e1c5407331fb3b9455a9ea86e2f6e7d77f48705ed9e7","","","1","Combined-model inference over the mixed ACDC and DAWN validation union."
"acdc+dawn_combined_test","annotated_prediction","ACDC","COMBINED","fog","acdc+dawn_combined_test/combined_visual_detections/GOPR0476_frame_000982_rgb_anon.jpg","","withheld_acdc_redistribution_restriction","ACDC research-use licence: image redistribution prohibited","458726","ebb4a85233770a322baf0af51eafad056faa3be7b0da677fa3df6d84a4549cad","","","1","Combined-model inference over the mixed ACDC and DAWN validation union."
"acdc+dawn_combined_test","annotated_prediction","ACDC","COMBINED","fog","acdc+dawn_combined_test/combined_visual_detections/GOPR0476_frame_001002_rgb_anon.jpg","","withheld_acdc_redistribution_restriction","ACDC research-use licence: image redistribution prohibited","474777","fd852ea6305af7b590cf74c0b15d1bcd0fa17db2c164b23303fbc8e30db60905","","","1","Combined-model inference over the mixed ACDC and DAWN validation union."
"acdc+dawn_combined_test","annotated_prediction","ACDC","COMBINED","fog","acdc+dawn_combined_test/combined_visual_detections/GOPR0476_frame_001007_rgb_anon.jpg","","withheld_acdc_redistribution_restriction","ACDC research-use licence: image redistribution prohibited","513422","10a7d20b99f2fdf7fe0cd04eae3f3b0daa5ca0eaa43172fbb6487d5dcf50b9e8","","","1","Combined-model inference over the mixed ACDC and DAWN validation union."
"acdc+dawn_combined_test","annotated_prediction","ACDC","COMBINED","fog","acdc+dawn_combined_test/combined_visual_detections/GOPR0476_frame_001011_rgb_anon.jpg","","withheld_acdc_redistribution_restriction","ACDC research-use licence: image redistribution prohibited","534427","f50ee472646526b8b747cae0fecb8912b30601b969ee185ef14a42aee5417f38","","","1","Combined-model inference over the mixed ACDC and DAWN validation union."
"acdc+dawn_combined_test","annotated_prediction","ACDC","COMBINED","fog","acdc+dawn_combined_test/combined_visual_detections/GOPR0476_frame_001015_rgb_anon.jpg","","withheld_acdc_redistribution_restriction","ACDC research-use licence: image redistribution prohibited","445169","2028fbb79ec433f8b2970143a8851618a06b482762fe820e68f8e59441fbbe0c","","","1","Combined-model inference over the mixed ACDC and DAWN validation union."
"acdc+dawn_combined_test","annotated_prediction","ACDC","COMBINED","fog","acdc+dawn_combined_test/combined_visual_detections/GOPR0476_frame_001019_rgb_anon.jpg","","withheld_acdc_redistribution_restriction","ACDC research-use licence: image redistribution prohibited","472469","c4cd71c347c524956f33e42b4f3391094f9f52c9ec5bc4fa9a41f54cd81d46da","","","1","Combined-model inference over the mixed ACDC and DAWN validation union."
"acdc+dawn_combined_test","annotated_prediction","ACDC","COMBINED","fog","acdc+dawn_combined_test/combined_visual_detections/GOPR0476_frame_001024_rgb_anon.jpg","","withheld_acdc_redistribution_restriction","ACDC research-use licence: image redistribution prohibited","511816","fe1c1f52e15cae040ee5dc18f42e9da9be646c71cc821b44f0e6605052d3cd28","","","1","Combined-model inference over the mixed ACDC and DAWN validation union."
"acdc+dawn_combined_test","annotated_prediction","ACDC","COMBINED","fog","acdc+dawn_combined_test/combined_visual_detections/GOPR0476_frame_001029_rgb_anon.jpg","","withheld_acdc_redistribution_restriction","ACDC research-use licence: image redistribution prohibited","466895","45499372fc6fe12f14a8fde1d97e0b28555b88736b65995d2989d9c3e08c9d21","","","1","Combined-model inference over the mixed ACDC and DAWN validation union."
"acdc+dawn_combined_test","annotated_prediction","ACDC","COMBINED","fog","acdc+dawn_combined_test/combined_visual_detections/GOPR0476_frame_001033_rgb_anon.jpg","","withheld_acdc_redistribution_restriction","ACDC research-use licence: image redistribution prohibited","386341","a61ebd539107c07b7cc4c60b88c8c4df89b43ce70b1b97aee2893eef3f4869e5","","","1","Combined-model inference over the mixed ACDC and DAWN validation union."
"acdc+dawn_combined_test","annotated_prediction","ACDC","COMBINED","fog","acdc+dawn_combined_test/combined_visual_detections/GOPR0476_frame_001039_rgb_anon.jpg","","withheld_acdc_redistribution_restriction","ACDC research-use licence: image redistribution prohibited","392192","474a565d2fa6f61d57243ad6f52d8c1d80fdcc7babbff9a24958a3502e65c151","","","1","Combined-model inference over the mixed ACDC and DAWN validation union."
"acdc+dawn_combined_test","annotated_prediction","ACDC","COMBINED","fog","acdc+dawn_combined_test/combined_visual_detections/GOPR0476_frame_001055_rgb_anon.jpg","","withheld_acdc_redistribution_restriction","ACDC research-use licence: image redistribution prohibited","487040","92f074fdbf7b0a74a903453c8b824566e0fd29c0b89968045948540d2ac874f4","","","1","Combined-model inference over the mixed ACDC and DAWN validation union."
"acdc+dawn_combined_test","annotated_prediction","ACDC","COMBINED","fog","acdc+dawn_combined_test/combined_visual_detections/GOPR0476_frame_001060_rgb_anon.jpg","","withheld_acdc_redistribution_restriction","ACDC research-use licence: image redistribution prohibited","396169","32cf81c44e85d7bd8ac16bdcef645667c28e0625a28997a0debcf3352b586623","","","1","Combined-model inference over the mixed ACDC and DAWN validation union."
"acdc+dawn_combined_test","annotated_prediction","ACDC","COMBINED","rain","acdc+dawn_combined_test/combined_visual_detections/GOPR0571_frame_000232_rgb_anon.jpg","","withheld_acdc_redistribution_restriction","ACDC research-use licence: image redistribution prohibited","596042","25c0f7cddb6c85b7e0e978397c30cd5d73fd36dc64862a9421b349847b58f745","","","1","Combined-model inference over the mixed ACDC and DAWN validation union."
"acdc+dawn_combined_test","annotated_prediction","ACDC","COMBINED","rain","acdc+dawn_combined_test/combined_visual_detections/GOPR0571_frame_000275_rgb_anon.jpg","","withheld_acdc_redistribution_restriction","ACDC research-use licence: image redistribution prohibited","666180","6b0f7f52ca682c397061459f79f8a593f63cc9f6c57c71ee3f05b518d3b5c5aa","","","1","Combined-model inference over the mixed ACDC and DAWN validation union."
"acdc+dawn_combined_test","annotated_prediction","ACDC","COMBINED","rain","acdc+dawn_combined_test/combined_visual_detections/GOPR0572_frame_000736_rgb_anon.jpg","","withheld_acdc_redistribution_restriction","ACDC research-use licence: image redistribution prohibited","535327","1ce34d86f12eddc561feb6b55a8011b79a7f432c7f2b384ff50ae504fe6616f2","","","1","Combined-model inference over the mixed ACDC and DAWN validation union."
"acdc+dawn_combined_test","annotated_prediction","ACDC","COMBINED","rain","acdc+dawn_combined_test/combined_visual_detections/GOPR0572_frame_000740_rgb_anon.jpg","","withheld_acdc_redistribution_restriction","ACDC research-use licence: image redistribution prohibited","453726","cc5fc137666a3ce0324de8ea12b1e89f05afdbc9240e905f971377d417f4fd23","","","1","Combined-model inference over the mixed ACDC and DAWN validation union."
"acdc+dawn_combined_test","annotated_prediction","ACDC","COMBINED","rain","acdc+dawn_combined_test/combined_visual_detections/GOPR0572_frame_000748_rgb_anon.jpg","","withheld_acdc_redistribution_restriction","ACDC research-use licence: image redistribution prohibited","429362","000108f261ff4f5cf7abc7f22e90253e1f37346d31c6430c291ad33018623ab5","","","1","Combined-model inference over the mixed ACDC and DAWN validation union."
"acdc+dawn_combined_test","annotated_prediction","ACDC","COMBINED","rain","acdc+dawn_combined_test/combined_visual_detections/GOPR0572_frame_000752_rgb_anon.jpg","","withheld_acdc_redistribution_restriction","ACDC research-use licence: image redistribution prohibited","481270","1817b12c8b2012f68cee8e0075a58967ca272397605fc736be5fa32cda8ad017","","","1","Combined-model inference over the mixed ACDC and DAWN validation union."
"acdc+dawn_combined_test","annotated_prediction","ACDC","COMBINED","rain","acdc+dawn_combined_test/combined_visual_detections/GOPR0572_frame_000756_rgb_anon.jpg","","withheld_acdc_redistribution_restriction","ACDC research-use licence: image redistribution prohibited","438298","22f458bc5939a3e65f377bf178b8815827350f6444147ffc0661c0b2cf09d134","","","1","Combined-model inference over the mixed ACDC and DAWN validation union."
"acdc+dawn_combined_test","annotated_prediction","ACDC","COMBINED","rain","acdc+dawn_combined_test/combined_visual_detections/GOPR0572_frame_000760_rgb_anon.jpg","","withheld_acdc_redistribution_restriction","ACDC research-use licence: image redistribution prohibited","466874","5008bf537098d6b7435ae51fd78a2cc51954d58be7d687f5b3834183bdbbec18","","","1","Combined-model inference over the mixed ACDC and DAWN validation union."
"acdc+dawn_combined_test","annotated_prediction","ACDC","COMBINED","rain","acdc+dawn_combined_test/combined_visual_detections/GOPR0572_frame_000773_rgb_anon.jpg","","withheld_acdc_redistribution_restriction","ACDC research-use licence: image redistribution prohibited","592044","b91b689be286a9aa0b825e352c3ae31e2a1c015cb41a92e6cc8dc3d5ac41e9ff","","","1","Combined-model inference over the mixed ACDC and DAWN validation union."
"acdc+dawn_combined_test","annotated_prediction","ACDC","COMBINED","rain","acdc+dawn_combined_test/combined_visual_detections/GOPR0572_frame_000778_rgb_anon.jpg","","withheld_acdc_redistribution_restriction","ACDC research-use licence: image redistribution prohibited","509887","95eb6431592f987b959839e180ec2506163e23b08ef6536c5cb7f56346db6421","","","1","Combined-model inference over the mixed ACDC and DAWN validation union."
"acdc+dawn_combined_test","annotated_prediction","ACDC","COMBINED","rain","acdc+dawn_combined_test/combined_visual_detections/GOPR0572_frame_000820_rgb_anon.jpg","","withheld_acdc_redistribution_restriction","ACDC research-use licence: image redistribution prohibited","561436","5084d881e9e4a693641951591933556b4df79ce92772603fa17c56b0908d72ba","","","1","Combined-model inference over the mixed ACDC and DAWN validation union."
"acdc+dawn_combined_test","annotated_prediction","ACDC","COMBINED","rain","acdc+dawn_combined_test/combined_visual_detections/GOPR0572_frame_000825_rgb_anon.jpg","","withheld_acdc_redistribution_restriction","ACDC research-use licence: image redistribution prohibited","560526","f2256b8143cf2fdbac0c0d98fe41acd381548cc79a5a402e102c1d75603ee591","","","1","Combined-model inference over the mixed ACDC and DAWN validation union."
"acdc+dawn_combined_test","annotated_prediction","ACDC","COMBINED","rain","acdc+dawn_combined_test/combined_visual_detections/GOPR0572_frame_000830_rgb_anon.jpg","","withheld_acdc_redistribution_restriction","ACDC research-use licence: image redistribution prohibited","566026","1acf45a41c1b1ee722d3f8d95cff5e40707a6a01a7d8a2a4c11f4c82ac105e3d","","","1","Combined-model inference over the mixed ACDC and DAWN validation union."
"acdc+dawn_combined_test","annotated_prediction","ACDC","COMBINED","rain","acdc+dawn_combined_test/combined_visual_detections/GOPR0572_frame_000836_rgb_anon.jpg","","withheld_acdc_redistribution_restriction","ACDC research-use licence: image redistribution prohibited","560566","a2f8d11f5ece739a9124a012bd76418762444672610f75e714bacae04ecff4cb","","","1","Combined-model inference over the mixed ACDC and DAWN validation union."
"acdc+dawn_combined_test","annotated_prediction","ACDC","COMBINED","rain","acdc+dawn_combined_test/combined_visual_detections/GOPR0572_frame_000860_rgb_anon.jpg","","withheld_acdc_redistribution_restriction","ACDC research-use licence: image redistribution prohibited","579523","a715c61d5e03f8f510b0fdeb507e68234298bfa91cdc737544663de3b0bd49bb","","","1","Combined-model inference over the mixed ACDC and DAWN validation union."
"acdc+dawn_combined_test","annotated_prediction","ACDC","COMBINED","snow","acdc+dawn_combined_test/combined_visual_detections/GOPR0604_frame_000278_rgb_anon.jpg","","withheld_acdc_redistribution_restriction","ACDC research-use licence: image redistribution prohibited","600855","84fc3cb488c6dbe1fbab188fc0896f249c94041113a8032d3e1c3726f4684827","","","1","Combined-model inference over the mixed ACDC and DAWN validation union."
"acdc+dawn_combined_test","annotated_prediction","ACDC","COMBINED","snow","acdc+dawn_combined_test/combined_visual_detections/GOPR0604_frame_000284_rgb_anon.jpg","","withheld_acdc_redistribution_restriction","ACDC research-use licence: image redistribution prohibited","840864","6fb7b293f2ca7aa202ac02ff15b0e7b393292819a8e482d73b153c68db9a780e","","","1","Combined-model inference over the mixed ACDC and DAWN validation union."
"acdc+dawn_combined_test","annotated_prediction","ACDC","COMBINED","snow","acdc+dawn_combined_test/combined_visual_detections/GOPR0604_frame_000290_rgb_anon.jpg","","withheld_acdc_redistribution_restriction","ACDC research-use licence: image redistribution prohibited","643901","71cc294ee4d7a7da74fe7a98e1cd2ddae4e20cb25aa275eff281691f3162749d","","","1","Combined-model inference over the mixed ACDC and DAWN validation union."
"acdc+dawn_combined_test","annotated_prediction","ACDC","COMBINED","snow","acdc+dawn_combined_test/combined_visual_detections/GOPR0604_frame_000300_rgb_anon.jpg","","withheld_acdc_redistribution_restriction","ACDC research-use licence: image redistribution prohibited","516923","5ca18f50480b496e25dc8bf385d69dbcdea92faef444a05dc9e77f9355e1deff","","","1","Combined-model inference over the mixed ACDC and DAWN validation union."
"acdc+dawn_combined_test","annotated_prediction","ACDC","COMBINED","snow","acdc+dawn_combined_test/combined_visual_detections/GOPR0604_frame_000305_rgb_anon.jpg","","withheld_acdc_redistribution_restriction","ACDC research-use licence: image redistribution prohibited","612404","8a11e78474747d9da6d51d78faed6b69a63610c7adeb54b3a2e7d1468e2f4aa7","","","1","Combined-model inference over the mixed ACDC and DAWN validation union."
"acdc+dawn_combined_test","annotated_prediction","ACDC","COMBINED","snow","acdc+dawn_combined_test/combined_visual_detections/GOPR0604_frame_000310_rgb_anon.jpg","","withheld_acdc_redistribution_restriction","ACDC research-use licence: image redistribution prohibited","602709","70f708e14aa5061e0d1464ea44a712765a202fc2fb0f053a68946e98b1e28dcb","","","1","Combined-model inference over the mixed ACDC and DAWN validation union."
"acdc+dawn_combined_test","annotated_prediction","ACDC","COMBINED","snow","acdc+dawn_combined_test/combined_visual_detections/GOPR0604_frame_000316_rgb_anon.jpg","","withheld_acdc_redistribution_restriction","ACDC research-use licence: image redistribution prohibited","643422","c0986c7489cc76cc397eccd0809f51cfd991f6d444531234ba697f236c8bbbc8","","","1","Combined-model inference over the mixed ACDC and DAWN validation union."
"acdc+dawn_combined_test","annotated_prediction","ACDC","COMBINED","snow","acdc+dawn_combined_test/combined_visual_detections/GOPR0604_frame_000322_rgb_anon.jpg","","withheld_acdc_redistribution_restriction","ACDC research-use licence: image redistribution prohibited","542969","b688d516c45ed617bb3a6ffd8c3b034c0c81de8a2bf9dd390227a2d076c8aaf4","","","1","Combined-model inference over the mixed ACDC and DAWN validation union."
"acdc+dawn_combined_test","annotated_prediction","ACDC","COMBINED","snow","acdc+dawn_combined_test/combined_visual_detections/GOPR0604_frame_000327_rgb_anon.jpg","","withheld_acdc_redistribution_restriction","ACDC research-use licence: image redistribution prohibited","531091","d719b42df38854f084d52d8eb02b7a0080514ab3a657360b241f533c951dd8ea","","","1","Combined-model inference over the mixed ACDC and DAWN validation union."
"acdc+dawn_combined_test","annotated_prediction","ACDC","COMBINED","snow","acdc+dawn_combined_test/combined_visual_detections/GOPR0604_frame_000332_rgb_anon.jpg","","withheld_acdc_redistribution_restriction","ACDC research-use licence: image redistribution prohibited","622449","1280dc7aa565dbc70f58aabd6ffdc7fad70384d01ed78f61c59cf31b26d5e796","","","1","Combined-model inference over the mixed ACDC and DAWN validation union."
"acdc+dawn_combined_test","annotated_prediction","ACDC","COMBINED","snow","acdc+dawn_combined_test/combined_visual_detections/GOPR0604_frame_000337_rgb_anon.jpg","","withheld_acdc_redistribution_restriction","ACDC research-use licence: image redistribution prohibited","565989","3084d6fcf238c01bbb435b44ab3352fb4dcb49ede7666930b44a4f0405b0911d","","","1","Combined-model inference over the mixed ACDC and DAWN validation union."
"acdc+dawn_combined_test","annotated_prediction","ACDC","COMBINED","snow","acdc+dawn_combined_test/combined_visual_detections/GOPR0604_frame_000373_rgb_anon.jpg","","withheld_acdc_redistribution_restriction","ACDC research-use licence: image redistribution prohibited","589332","ab8bc0d9d6460975f3d7550db363a97f2f7ad90e5b204d721794f32d96a861c6","","","1","Combined-model inference over the mixed ACDC and DAWN validation union."
"acdc+dawn_combined_test","annotated_prediction","ACDC","COMBINED","snow","acdc+dawn_combined_test/combined_visual_detections/GOPR0604_frame_000393_rgb_anon.jpg","","withheld_acdc_redistribution_restriction","ACDC research-use licence: image redistribution prohibited","592891","e57f7bb25160a7b29a48da05a3374b7831fd9ee0fab54c9ddab4a708f1c64c4b","","","1","Combined-model inference over the mixed ACDC and DAWN validation union."
"acdc+dawn_combined_test","annotated_prediction","ACDC","COMBINED","snow","acdc+dawn_combined_test/combined_visual_detections/GOPR0604_frame_000413_rgb_anon.jpg","","withheld_acdc_redistribution_restriction","ACDC research-use licence: image redistribution prohibited","585159","f795355f38287a1405cf0d98ffcc385f792a7cd4bdb2e48230c4900184ea8532","","","1","Combined-model inference over the mixed ACDC and DAWN validation union."
"acdc+dawn_combined_test","annotated_prediction","ACDC","COMBINED","snow","acdc+dawn_combined_test/combined_visual_detections/GOPR0604_frame_000433_rgb_anon.jpg","","withheld_acdc_redistribution_restriction","ACDC research-use licence: image redistribution prohibited","719978","079d85ab51b08256f9f6685b2db5faf413b6185e2b84b20369f058d2a1175bcc","","","1","Combined-model inference over the mixed ACDC and DAWN validation union."
"acdc+dawn_combined_test","annotated_prediction","ACDC","COMBINED","snow","acdc+dawn_combined_test/combined_visual_detections/GOPR0604_frame_000439_rgb_anon.jpg","","withheld_acdc_redistribution_restriction","ACDC research-use licence: image redistribution prohibited","712390","428d395b7e019fa643b8610826f20f156150dc212d4d74da9d709bea4fcef6e7","","","1","Combined-model inference over the mixed ACDC and DAWN validation union."
"acdc+dawn_combined_test","annotated_prediction","ACDC","COMBINED","snow","acdc+dawn_combined_test/combined_visual_detections/GOPR0604_frame_000445_rgb_anon.jpg","","withheld_acdc_redistribution_restriction","ACDC research-use licence: image redistribution prohibited","738428","87a79653caaca9e10cc19695b044e41eb43c4877efad7135eada130dc1a39444","","","1","Combined-model inference over the mixed ACDC and DAWN validation union."
"acdc+dawn_combined_test","annotated_prediction","ACDC","COMBINED","snow","acdc+dawn_combined_test/combined_visual_detections/GOPR0604_frame_000455_rgb_anon.jpg","","withheld_acdc_redistribution_restriction","ACDC research-use licence: image redistribution prohibited","682203","f4ff5ed10568d41c8bd4175dda1ed84d66b3a2af1b7b8969e966ac32601b8f20","","","1","Combined-model inference over the mixed ACDC and DAWN validation union."
"acdc+dawn_combined_test","annotated_prediction","ACDC","COMBINED","snow","acdc+dawn_combined_test/combined_visual_detections/GOPR0604_frame_000460_rgb_anon.jpg","","withheld_acdc_redistribution_restriction","ACDC research-use licence: image redistribution prohibited","651606","ee6aa16e5e5d1b145a010bd9e6777855018f302bf36083973f6c497f16b51c3e","","","1","Combined-model inference over the mixed ACDC and DAWN validation union."
"acdc+dawn_combined_test","annotated_prediction","ACDC","COMBINED","snow","acdc+dawn_combined_test/combined_visual_detections/GOPR0604_frame_000465_rgb_anon.jpg","","withheld_acdc_redistribution_restriction","ACDC research-use licence: image redistribution prohibited","572625","fe3035c030086223540a937c9311b3f872492ab0fd5ee2f77f5cdbed8149ab70","","","1","Combined-model inference over the mixed ACDC and DAWN validation union."
"acdc+dawn_combined_test","annotated_prediction","ACDC","COMBINED","snow","acdc+dawn_combined_test/combined_visual_detections/GOPR0604_frame_000470_rgb_anon.jpg","","withheld_acdc_redistribution_restriction","ACDC research-use licence: image redistribution prohibited","582782","188102c173d2f631db1dffd7f8c242c7a76ea2adeb70d7227feeae56102e009d","","","1","Combined-model inference over the mixed ACDC and DAWN validation union."
"acdc+dawn_combined_test","annotated_prediction","ACDC","COMBINED","snow","acdc+dawn_combined_test/combined_visual_detections/GOPR0604_frame_000478_rgb_anon.jpg","","withheld_acdc_redistribution_restriction","ACDC research-use licence: image redistribution prohibited","723473","35adc1ad684b7e2d306a88534ebffaaabcb3d8c0457b63f20b64d12b767fc9e6","","","1","Combined-model inference over the mixed ACDC and DAWN validation union."
"acdc+dawn_combined_test","annotated_prediction","ACDC","COMBINED","snow","acdc+dawn_combined_test/combined_visual_detections/GOPR0604_frame_000488_rgb_anon.jpg","","withheld_acdc_redistribution_restriction","ACDC research-use licence: image redistribution prohibited","582643","459e386e19021edafee117475abc0475c5cf42468bbeb43a3c6c869b2f5330c6","","","1","Combined-model inference over the mixed ACDC and DAWN validation union."
"acdc+dawn_combined_test","annotated_prediction","ACDC","COMBINED","snow","acdc+dawn_combined_test/combined_visual_detections/GOPR0605_frame_000161_rgb_anon.jpg","","withheld_acdc_redistribution_restriction","ACDC research-use licence: image redistribution prohibited","804878","5d57958cab603f376f6b05a17c3d72f8c4f33ed9c99f2a5c0fee91b1b0faea8b","","","1","Combined-model inference over the mixed ACDC and DAWN validation union."
"acdc+dawn_combined_test","annotated_prediction","ACDC","COMBINED","snow","acdc+dawn_combined_test/combined_visual_detections/GOPR0605_frame_000181_rgb_anon.jpg","","withheld_acdc_redistribution_restriction","ACDC research-use licence: image redistribution prohibited","724274","f4bbfa6d9f794aa44ef87490154cdac033a06bbca1f93e558cc2b14597760365","","","1","Combined-model inference over the mixed ACDC and DAWN validation union."
"acdc+dawn_combined_test","annotated_prediction","ACDC","COMBINED","snow","acdc+dawn_combined_test/combined_visual_detections/GOPR0605_frame_000299_rgb_anon.jpg","","withheld_acdc_redistribution_restriction","ACDC research-use licence: image redistribution prohibited","724462","3d80f3923dc106809d014784acb5f50d468976cbfb0056677a3e0ec1b6af7b50","","","1","Combined-model inference over the mixed ACDC and DAWN validation union."
"acdc+dawn_combined_test","annotated_prediction","ACDC","COMBINED","snow","acdc+dawn_combined_test/combined_visual_detections/GOPR0606_frame_000110_rgb_anon.jpg","","withheld_acdc_redistribution_restriction","ACDC research-use licence: image redistribution prohibited","502941","2cfb2c6b9fb67226c02fdf84ad0c9978ce34b072c4ab6ff2368bbb2c66363095","","","1","Combined-model inference over the mixed ACDC and DAWN validation union."
"acdc+dawn_combined_test","annotated_prediction","ACDC","COMBINED","snow","acdc+dawn_combined_test/combined_visual_detections/GOPR0606_frame_000162_rgb_anon.jpg","","withheld_acdc_redistribution_restriction","ACDC research-use licence: image redistribution prohibited","449819","4143a4952c3125802ab015a59c00e00e4e6eeae1b1e6edd18e5dbebd3d9edbee","","","1","Combined-model inference over the mixed ACDC and DAWN validation union."
"acdc+dawn_combined_test","annotated_prediction","ACDC","COMBINED","snow","acdc+dawn_combined_test/combined_visual_detections/GOPR0606_frame_000182_rgb_anon.jpg","","withheld_acdc_redistribution_restriction","ACDC research-use licence: image redistribution prohibited","490690","3819d957a2a36e2eecc08e80a0485167d34c5e06f21b8f4cece23f90fa63248a","","","1","Combined-model inference over the mixed ACDC and DAWN validation union."
"acdc+dawn_combined_test","annotated_prediction","ACDC","COMBINED","snow","acdc+dawn_combined_test/combined_visual_detections/GOPR0606_frame_000196_rgb_anon.jpg","","withheld_acdc_redistribution_restriction","ACDC research-use licence: image redistribution prohibited","533836","4d46ebab2e0e89b1a9bc9c9cc77e83090ac1ed567763dfc409f76ef339f3de3d","","","1","Combined-model inference over the mixed ACDC and DAWN validation union."
"acdc+dawn_combined_test","annotated_prediction","ACDC","COMBINED","snow","acdc+dawn_combined_test/combined_visual_detections/GOPR0606_frame_000202_rgb_anon.jpg","","withheld_acdc_redistribution_restriction","ACDC research-use licence: image redistribution prohibited","446772","ced8e110ea5a8ab0fc6a2bff29ea728cbb4255add8cc5a72d890bfdccd797810","","","1","Combined-model inference over the mixed ACDC and DAWN validation union."
"acdc+dawn_combined_test","annotated_prediction","ACDC","COMBINED","snow","acdc+dawn_combined_test/combined_visual_detections/GOPR0606_frame_000213_rgb_anon.jpg","","withheld_acdc_redistribution_restriction","ACDC research-use licence: image redistribution prohibited","520232","2092045ef33821cfba5eabf6cf347002c66ca8bbb3db1a02040352e96de31496","","","1","Combined-model inference over the mixed ACDC and DAWN validation union."
"acdc+dawn_combined_test","annotated_prediction","ACDC","COMBINED","snow","acdc+dawn_combined_test/combined_visual_detections/GOPR0606_frame_000220_rgb_anon.jpg","","withheld_acdc_redistribution_restriction","ACDC research-use licence: image redistribution prohibited","506033","fc471959325529ba9229d0e0bcde515b419413919f97bd4aebc488287f81cde7","","","1","Combined-model inference over the mixed ACDC and DAWN validation union."
"acdc+dawn_combined_test","annotated_prediction","ACDC","COMBINED","snow","acdc+dawn_combined_test/combined_visual_detections/GOPR0606_frame_000229_rgb_anon.jpg","","withheld_acdc_redistribution_restriction","ACDC research-use licence: image redistribution prohibited","536767","2fa6d42dbf261a7a0eae45765cd59e33374b7d9b32da785eff9a87a1a76b370d","","","1","Combined-model inference over the mixed ACDC and DAWN validation union."
"acdc+dawn_combined_test","annotated_prediction","ACDC","COMBINED","snow","acdc+dawn_combined_test/combined_visual_detections/GOPR0606_frame_000238_rgb_anon.jpg","","withheld_acdc_redistribution_restriction","ACDC research-use licence: image redistribution prohibited","806694","3de0e773ead25ee89b4902053069c07325cfc88f1bbaf7738100a203f3f338d8","","","1","Combined-model inference over the mixed ACDC and DAWN validation union."
"acdc+dawn_combined_test","annotated_prediction","ACDC","COMBINED","snow","acdc+dawn_combined_test/combined_visual_detections/GOPR0606_frame_000258_rgb_anon.jpg","","withheld_acdc_redistribution_restriction","ACDC research-use licence: image redistribution prohibited","725501","d0e4837d8f4fce663e120bafb11220a79ec552e30f0dcf6e0b0befb20c4b6610","","","1","Combined-model inference over the mixed ACDC and DAWN validation union."
"acdc+dawn_combined_test","annotated_prediction","ACDC","COMBINED","snow","acdc+dawn_combined_test/combined_visual_detections/GOPR0606_frame_000352_rgb_anon.jpg","","withheld_acdc_redistribution_restriction","ACDC research-use licence: image redistribution prohibited","686270","db07a7cada0ead5755360bb9af84003c26cad40b06b211d6be95f1961a5785b1","","","1","Combined-model inference over the mixed ACDC and DAWN validation union."
"acdc+dawn_combined_test","annotated_prediction","ACDC","COMBINED","snow","acdc+dawn_combined_test/combined_visual_detections/GOPR0606_frame_000357_rgb_anon.jpg","","withheld_acdc_redistribution_restriction","ACDC research-use licence: image redistribution prohibited","508350","104af9d558a9f17ef5c594941930b4c2b1266a247b1c5db7999c897a14784b8e","","","1","Combined-model inference over the mixed ACDC and DAWN validation union."
"acdc+dawn_combined_test","annotated_prediction","ACDC","COMBINED","snow","acdc+dawn_combined_test/combined_visual_detections/GOPR0606_frame_000377_rgb_anon.jpg","","withheld_acdc_redistribution_restriction","ACDC research-use licence: image redistribution prohibited","541385","b2c2bab8c7933d3e01d60d200b82584130f19958b25cca65f092735c86160767","","","1","Combined-model inference over the mixed ACDC and DAWN validation union."
"acdc+dawn_combined_test","annotated_prediction","ACDC","COMBINED","snow","acdc+dawn_combined_test/combined_visual_detections/GOPR0606_frame_000397_rgb_anon.jpg","","withheld_acdc_redistribution_restriction","ACDC research-use licence: image redistribution prohibited","576356","81239a1d9a794d66e4b2c112736e61e901c1c50b2fbf0761b9892cdbae161ef1","","","1","Combined-model inference over the mixed ACDC and DAWN validation union."
"acdc+dawn_combined_test","annotated_prediction","ACDC","COMBINED","snow","acdc+dawn_combined_test/combined_visual_detections/GOPR0607_frame_000360_rgb_anon.jpg","","withheld_acdc_redistribution_restriction","ACDC research-use licence: image redistribution prohibited","652862","f5d76e69e2ee01600c2548730ec604949afb0005e7b1dce850078cef9bcc0f90","","","1","Combined-model inference over the mixed ACDC and DAWN validation union."
"acdc+dawn_combined_test","annotated_prediction","ACDC","COMBINED","snow","acdc+dawn_combined_test/combined_visual_detections/GOPR0607_frame_000410_rgb_anon.jpg","","withheld_acdc_redistribution_restriction","ACDC research-use licence: image redistribution prohibited","668598","cd0710a4c320560ee7c88fe44a90db0b58b74fee4603a9fac1ab18f935a29948","","","1","Combined-model inference over the mixed ACDC and DAWN validation union."
"acdc+dawn_combined_test","annotated_prediction","ACDC","COMBINED","snow","acdc+dawn_combined_test/combined_visual_detections/GOPR0607_frame_000474_rgb_anon.jpg","","withheld_acdc_redistribution_restriction","ACDC research-use licence: image redistribution prohibited","619558","402bb9c998a58cd5d69863440b058f2f07a49d1791ebcc462d8f0e8631bc343f","","","1","Combined-model inference over the mixed ACDC and DAWN validation union."
"acdc+dawn_combined_test","annotated_prediction","ACDC","COMBINED","rain","acdc+dawn_combined_test/combined_visual_detections/GP010400_frame_000214_rgb_anon.jpg","","withheld_acdc_redistribution_restriction","ACDC research-use licence: image redistribution prohibited","510561","132e91356579e6019c7e719d49888f1f3642a9ec619097d1bf3d68e83320e6c2","","","1","Combined-model inference over the mixed ACDC and DAWN validation union."
"acdc+dawn_combined_test","annotated_prediction","ACDC","COMBINED","rain","acdc+dawn_combined_test/combined_visual_detections/GP010400_frame_000234_rgb_anon.jpg","","withheld_acdc_redistribution_restriction","ACDC research-use licence: image redistribution prohibited","502911","0ca29c6f1a216c1f43e89bdc91390b6cb3e7ae38e11c480124df2e39e4aeb07c","","","1","Combined-model inference over the mixed ACDC and DAWN validation union."
"acdc+dawn_combined_test","annotated_prediction","ACDC","COMBINED","rain","acdc+dawn_combined_test/combined_visual_detections/GP010400_frame_000290_rgb_anon.jpg","","withheld_acdc_redistribution_restriction","ACDC research-use licence: image redistribution prohibited","530279","2ee6d8baa135f1fce2732f4c6f7b42719e373ec363adfc91d2d215f66ae639c5","","","1","Combined-model inference over the mixed ACDC and DAWN validation union."
"acdc+dawn_combined_test","annotated_prediction","ACDC","COMBINED","rain","acdc+dawn_combined_test/combined_visual_detections/GP010400_frame_000350_rgb_anon.jpg","","withheld_acdc_redistribution_restriction","ACDC research-use licence: image redistribution prohibited","618753","0dd35adb2169af938d702278beb00cfd7978d1bbeb4348bce10a85316a3a41e7","","","1","Combined-model inference over the mixed ACDC and DAWN validation union."
"acdc+dawn_combined_test","annotated_prediction","ACDC","COMBINED","rain","acdc+dawn_combined_test/combined_visual_detections/GP010400_frame_000360_rgb_anon.jpg","","withheld_acdc_redistribution_restriction","ACDC research-use licence: image redistribution prohibited","562279","18813ca6e5fde53dbcd09ac5a9a654207beaa5f6be30ab25267de81fc0e77171","","","1","Combined-model inference over the mixed ACDC and DAWN validation union."
"acdc+dawn_combined_test","annotated_prediction","ACDC","COMBINED","rain","acdc+dawn_combined_test/combined_visual_detections/GP010400_frame_000380_rgb_anon.jpg","","withheld_acdc_redistribution_restriction","ACDC research-use licence: image redistribution prohibited","528189","88987ee73795afe27bf8cd43c4f4a0d4983e716c8c822b11f6e689fd55012c7e","","","1","Combined-model inference over the mixed ACDC and DAWN validation union."
"acdc+dawn_combined_test","annotated_prediction","ACDC","COMBINED","fog","acdc+dawn_combined_test/combined_visual_detections/GP010476_frame_000001_rgb_anon.jpg","","withheld_acdc_redistribution_restriction","ACDC research-use licence: image redistribution prohibited","413832","3a8da034d43f3832fa8fa4c168ff97e45fcb62c9303f3c0d08f3312320d4a952","","","1","Combined-model inference over the mixed ACDC and DAWN validation union."
"acdc+dawn_combined_test","annotated_prediction","ACDC","COMBINED","fog","acdc+dawn_combined_test/combined_visual_detections/GP010476_frame_000006_rgb_anon.jpg","","withheld_acdc_redistribution_restriction","ACDC research-use licence: image redistribution prohibited","402805","03acf26d8065b1f911a8ac1bf1f5e991b165003939f6a1dbeae7114035dab7bf","","","1","Combined-model inference over the mixed ACDC and DAWN validation union."
"acdc+dawn_combined_test","annotated_prediction","ACDC","COMBINED","fog","acdc+dawn_combined_test/combined_visual_detections/GP010476_frame_000010_rgb_anon.jpg","","withheld_acdc_redistribution_restriction","ACDC research-use licence: image redistribution prohibited","413742","5911203075b2878360a7f1388555416389ce9dd4797529ed7ec0cfd605236e79","","","1","Combined-model inference over the mixed ACDC and DAWN validation union."
"acdc+dawn_combined_test","annotated_prediction","ACDC","COMBINED","fog","acdc+dawn_combined_test/combined_visual_detections/GP010476_frame_000014_rgb_anon.jpg","","withheld_acdc_redistribution_restriction","ACDC research-use licence: image redistribution prohibited","450434","6b91e346777f86c23f9edff6c1d71844bff471f936db6c518de7c52fcba8cf85","","","1","Combined-model inference over the mixed ACDC and DAWN validation union."
"acdc+dawn_combined_test","annotated_prediction","ACDC","COMBINED","fog","acdc+dawn_combined_test/combined_visual_detections/GP010476_frame_000018_rgb_anon.jpg","","withheld_acdc_redistribution_restriction","ACDC research-use licence: image redistribution prohibited","456351","0361203d6d5567f0685642bbee5cd1f30844378eb4c7c857472ddb995b50dc18","","","1","Combined-model inference over the mixed ACDC and DAWN validation union."
"acdc+dawn_combined_test","annotated_prediction","ACDC","COMBINED","fog","acdc+dawn_combined_test/combined_visual_detections/GP010476_frame_000022_rgb_anon.jpg","","withheld_acdc_redistribution_restriction","ACDC research-use licence: image redistribution prohibited","463939","040b8fc74f878e36e72e5823a3bd25a3dde91d244cd9ba332b80489348f2bfac","","","1","Combined-model inference over the mixed ACDC and DAWN validation union."
"acdc+dawn_combined_test","annotated_prediction","ACDC","COMBINED","fog","acdc+dawn_combined_test/combined_visual_detections/GP010476_frame_000026_rgb_anon.jpg","","withheld_acdc_redistribution_restriction","ACDC research-use licence: image redistribution prohibited","504040","df965221604961900b274ed8c5e519d382244d6d335ff43b751cc40d7c6dd7aa","","","1","Combined-model inference over the mixed ACDC and DAWN validation union."
"acdc+dawn_combined_test","annotated_prediction","ACDC","COMBINED","fog","acdc+dawn_combined_test/combined_visual_detections/GP010476_frame_000031_rgb_anon.jpg","","withheld_acdc_redistribution_restriction","ACDC research-use licence: image redistribution prohibited","591943","4f528733c928ecc9fc6d04ec288474c1b3373693710229e4cc260eff4f7930db","","","1","Combined-model inference over the mixed ACDC and DAWN validation union."
"acdc+dawn_combined_test","annotated_prediction","ACDC","COMBINED","fog","acdc+dawn_combined_test/combined_visual_detections/GP010476_frame_000051_rgb_anon.jpg","","withheld_acdc_redistribution_restriction","ACDC research-use licence: image redistribution prohibited","492535","ca9953788baa54949aeffc9ce4fcab49b77bbd914e9bd102d5a7f03d94c30dec","","","1","Combined-model inference over the mixed ACDC and DAWN validation union."
"acdc+dawn_combined_test","annotated_prediction","ACDC","COMBINED","fog","acdc+dawn_combined_test/combined_visual_detections/GP010476_frame_000058_rgb_anon.jpg","","withheld_acdc_redistribution_restriction","ACDC research-use licence: image redistribution prohibited","413846","71317282bed6121fbd3668a66211335f1d664c236d9fb5075e96fa40b577c713","","","1","Combined-model inference over the mixed ACDC and DAWN validation union."
"acdc+dawn_combined_test","annotated_prediction","ACDC","COMBINED","fog","acdc+dawn_combined_test/combined_visual_detections/GP010476_frame_000063_rgb_anon.jpg","","withheld_acdc_redistribution_restriction","ACDC research-use licence: image redistribution prohibited","396384","0745b1796ed0e15153a37b6f8442c6865fcf821a553ce1fae387a26c0161b277","","","1","Combined-model inference over the mixed ACDC and DAWN validation union."
"acdc+dawn_combined_test","annotated_prediction","ACDC","COMBINED","fog","acdc+dawn_combined_test/combined_visual_detections/GP010476_frame_000068_rgb_anon.jpg","","withheld_acdc_redistribution_restriction","ACDC research-use licence: image redistribution prohibited","444923","40afc39ab28a85f0926708d8c7a6e5e2d506c9d4b20345a1e9096ca1b6f68341","","","1","Combined-model inference over the mixed ACDC and DAWN validation union."
"acdc+dawn_combined_test","annotated_prediction","ACDC","COMBINED","fog","acdc+dawn_combined_test/combined_visual_detections/GP010476_frame_000073_rgb_anon.jpg","","withheld_acdc_redistribution_restriction","ACDC research-use licence: image redistribution prohibited","406922","10ccd5ea57769222df5685b3c9512f0b6787e8586ba658c1615f45f44b680a99","","","1","Combined-model inference over the mixed ACDC and DAWN validation union."
"acdc+dawn_combined_test","annotated_prediction","ACDC","COMBINED","fog","acdc+dawn_combined_test/combined_visual_detections/GP010476_frame_000078_rgb_anon.jpg","","withheld_acdc_redistribution_restriction","ACDC research-use licence: image redistribution prohibited","443209","aec83a12af7724e68451c608ba8d41d74880cee71166e13c313e9ec21caef746","","","1","Combined-model inference over the mixed ACDC and DAWN validation union."
"acdc+dawn_combined_test","annotated_prediction","ACDC","COMBINED","fog","acdc+dawn_combined_test/combined_visual_detections/GP010476_frame_000084_rgb_anon.jpg","","withheld_acdc_redistribution_restriction","ACDC research-use licence: image redistribution prohibited","573875","e224dd21c887b8595e1a15a209c182d4c93912b4682b5a72506876bfddee13f5","","","1","Combined-model inference over the mixed ACDC and DAWN validation union."
"acdc+dawn_combined_test","annotated_prediction","ACDC","COMBINED","fog","acdc+dawn_combined_test/combined_visual_detections/GP010476_frame_000095_rgb_anon.jpg","","withheld_acdc_redistribution_restriction","ACDC research-use licence: image redistribution prohibited","604617","0153cfb9bfb22ca3d4348e548b3134c08e43891d8891411e4a0307c95d0b1bce","","","1","Combined-model inference over the mixed ACDC and DAWN validation union."
"acdc+dawn_combined_test","annotated_prediction","ACDC","COMBINED","fog","acdc+dawn_combined_test/combined_visual_detections/GP010476_frame_000102_rgb_anon.jpg","","withheld_acdc_redistribution_restriction","ACDC research-use licence: image redistribution prohibited","463045","87741b2c0c8c8d7f9328c3a83fabeac7925450d3ddb8cac45abb81b7cdd8f063","","","1","Combined-model inference over the mixed ACDC and DAWN validation union."
"acdc+dawn_combined_test","annotated_prediction","ACDC","COMBINED","fog","acdc+dawn_combined_test/combined_visual_detections/GP010476_frame_000108_rgb_anon.jpg","","withheld_acdc_redistribution_restriction","ACDC research-use licence: image redistribution prohibited","460308","d91af722c110228459c985915be18caa565bc3a482e071634bbafc00daf822dd","","","1","Combined-model inference over the mixed ACDC and DAWN validation union."
"acdc+dawn_combined_test","annotated_prediction","ACDC","COMBINED","fog","acdc+dawn_combined_test/combined_visual_detections/GP010476_frame_000114_rgb_anon.jpg","","withheld_acdc_redistribution_restriction","ACDC research-use licence: image redistribution prohibited","588146","9f8b36d8b402bb3daa800a6886897da89f15c43f32f530be0280dc59bf591563","","","1","Combined-model inference over the mixed ACDC and DAWN validation union."
"acdc+dawn_combined_test","annotated_prediction","ACDC","COMBINED","fog","acdc+dawn_combined_test/combined_visual_detections/GP010476_frame_000120_rgb_anon.jpg","","withheld_acdc_redistribution_restriction","ACDC research-use licence: image redistribution prohibited","568651","72949dc4f41b2f15068729237aebfa3aad713137a3ac204985a6300f638e288d","","","1","Combined-model inference over the mixed ACDC and DAWN validation union."
"acdc+dawn_combined_test","annotated_prediction","ACDC","COMBINED","fog","acdc+dawn_combined_test/combined_visual_detections/GP010476_frame_000125_rgb_anon.jpg","","withheld_acdc_redistribution_restriction","ACDC research-use licence: image redistribution prohibited","445024","8b5973fbad464057e4d70ec66540171cb09a34a14e976234dab53062bb91653b","","","1","Combined-model inference over the mixed ACDC and DAWN validation union."
"acdc+dawn_combined_test","annotated_prediction","ACDC","COMBINED","fog","acdc+dawn_combined_test/combined_visual_detections/GP010476_frame_000131_rgb_anon.jpg","","withheld_acdc_redistribution_restriction","ACDC research-use licence: image redistribution prohibited","439126","d0d1c7b142d237c1347c4d96fbcad9a28639c3115c235e62181ee1c844a71a38","","","1","Combined-model inference over the mixed ACDC and DAWN validation union."
"acdc+dawn_combined_test","annotated_prediction","ACDC","COMBINED","fog","acdc+dawn_combined_test/combined_visual_detections/GP010476_frame_000137_rgb_anon.jpg","","withheld_acdc_redistribution_restriction","ACDC research-use licence: image redistribution prohibited","437813","bd18ef4f4f25b09c82f7f803292089c52f341cfae75806aba25c0ca25f6f283d","","","1","Combined-model inference over the mixed ACDC and DAWN validation union."
"acdc+dawn_combined_test","annotated_prediction","ACDC","COMBINED","fog","acdc+dawn_combined_test/combined_visual_detections/GP010476_frame_000142_rgb_anon.jpg","","withheld_acdc_redistribution_restriction","ACDC research-use licence: image redistribution prohibited","396751","43201e7b5f99f4226c0c95eb5fe24d072e76aaeed5a590166d431a7eb3bf8538","","","1","Combined-model inference over the mixed ACDC and DAWN validation union."
"acdc+dawn_combined_test","annotated_prediction","ACDC","COMBINED","fog","acdc+dawn_combined_test/combined_visual_detections/GP010476_frame_000147_rgb_anon.jpg","","withheld_acdc_redistribution_restriction","ACDC research-use licence: image redistribution prohibited","500366","74671c79ce183f348130f72a0f9646f3e30f7783c30290d3b87e93d0c9f76a18","","","1","Combined-model inference over the mixed ACDC and DAWN validation union."
"acdc+dawn_combined_test","annotated_prediction","ACDC","COMBINED","fog","acdc+dawn_combined_test/combined_visual_detections/GP010476_frame_000161_rgb_anon.jpg","","withheld_acdc_redistribution_restriction","ACDC research-use licence: image redistribution prohibited","490656","5701dbeb6a551cd96e3fee387e5168ed412f68330d733ec1851cbcb5b5f3a59f","","","1","Combined-model inference over the mixed ACDC and DAWN validation union."
"acdc+dawn_combined_test","annotated_prediction","ACDC","COMBINED","fog","acdc+dawn_combined_test/combined_visual_detections/GP010476_frame_000181_rgb_anon.jpg","","withheld_acdc_redistribution_restriction","ACDC research-use licence: image redistribution prohibited","526577","146df0f60bd09896626253f274a9333e8c6b7d263515465964850d6926c75ad5","","","1","Combined-model inference over the mixed ACDC and DAWN validation union."
"acdc+dawn_combined_test","annotated_prediction","ACDC","COMBINED","fog","acdc+dawn_combined_test/combined_visual_detections/GP010476_frame_000194_rgb_anon.jpg","","withheld_acdc_redistribution_restriction","ACDC research-use licence: image redistribution prohibited","393613","3fa8782960f071dbfc9f3f238127a1a8fffce326b44f154596f14edcdfe5bb54","","","1","Combined-model inference over the mixed ACDC and DAWN validation union."
"acdc+dawn_combined_test","annotated_prediction","ACDC","COMBINED","fog","acdc+dawn_combined_test/combined_visual_detections/GP010476_frame_000199_rgb_anon.jpg","","withheld_acdc_redistribution_restriction","ACDC research-use licence: image redistribution prohibited","357497","faf1590a099f598be7d76ce9fd33f762b5e8c26155f3cfeeaf99124be4145128","","","1","Combined-model inference over the mixed ACDC and DAWN validation union."
"acdc+dawn_combined_test","annotated_prediction","ACDC","COMBINED","fog","acdc+dawn_combined_test/combined_visual_detections/GP010476_frame_000204_rgb_anon.jpg","","withheld_acdc_redistribution_restriction","ACDC research-use licence: image redistribution prohibited","512929","caad55194d0cbf75830875c870f6fac0920d57d2592d38738e12a05db3e1ac5e","","","1","Combined-model inference over the mixed ACDC and DAWN validation union."
"acdc+dawn_combined_test","annotated_prediction","ACDC","COMBINED","fog","acdc+dawn_combined_test/combined_visual_detections/GP010476_frame_000242_rgb_anon.jpg","","withheld_acdc_redistribution_restriction","ACDC research-use licence: image redistribution prohibited","391802","d2b87d2c9c91dc23ff244e40116f2cc53dc9bc765278f64aadd988cfb7042ade","","","1","Combined-model inference over the mixed ACDC and DAWN validation union."
"acdc+dawn_combined_test","annotated_prediction","ACDC","COMBINED","fog","acdc+dawn_combined_test/combined_visual_detections/GP010476_frame_000255_rgb_anon.jpg","","withheld_acdc_redistribution_restriction","ACDC research-use licence: image redistribution prohibited","357976","a00d922c73a7b086957b2752a2a537d9049a27bf3850fef9e27186e8fdb0a9ab","","","1","Combined-model inference over the mixed ACDC and DAWN validation union."
"acdc+dawn_combined_test","annotated_prediction","ACDC","COMBINED","snow","acdc+dawn_combined_test/combined_visual_detections/GP010607_frame_000921_rgb_anon.jpg","","withheld_acdc_redistribution_restriction","ACDC research-use licence: image redistribution prohibited","595382","f35338a389cd79e6ef2ebc6da52a992e91346249774ed500d8fc8aca2bbe5f01","","","1","Combined-model inference over the mixed ACDC and DAWN validation union."
"acdc+dawn_combined_test","annotated_prediction","ACDC","COMBINED","snow","acdc+dawn_combined_test/combined_visual_detections/GP010607_frame_000926_rgb_anon.jpg","","withheld_acdc_redistribution_restriction","ACDC research-use licence: image redistribution prohibited","535153","568b25a0f9d7dc0d0b05a53b0d9b20399b05d631aa7fb4a6c1f392ad3f009de6","","","1","Combined-model inference over the mixed ACDC and DAWN validation union."
"acdc+dawn_combined_test","annotated_prediction","ACDC","COMBINED","snow","acdc+dawn_combined_test/combined_visual_detections/GP010607_frame_000931_rgb_anon.jpg","","withheld_acdc_redistribution_restriction","ACDC research-use licence: image redistribution prohibited","495665","3f230b4d3d674e696207d58bb8df515152232bb8e2761214b7590d77bdc442c1","","","1","Combined-model inference over the mixed ACDC and DAWN validation union."
"acdc+dawn_combined_test","annotated_prediction","ACDC","COMBINED","snow","acdc+dawn_combined_test/combined_visual_detections/GP010607_frame_000936_rgb_anon.jpg","","withheld_acdc_redistribution_restriction","ACDC research-use licence: image redistribution prohibited","522236","925e7ed7a36d98451f933e423a5dc2a0df8ebb7cce90206609b10952079c5c31","","","1","Combined-model inference over the mixed ACDC and DAWN validation union."
"acdc+dawn_combined_test","annotated_prediction","ACDC","COMBINED","snow","acdc+dawn_combined_test/combined_visual_detections/GP010607_frame_000950_rgb_anon.jpg","","withheld_acdc_redistribution_restriction","ACDC research-use licence: image redistribution prohibited","511936","af42c0ee652b18340dbcb5c3980805fd36fd051eaaf7e16a810735df4aec0b4e","","","1","Combined-model inference over the mixed ACDC and DAWN validation union."
"acdc+dawn_combined_test","annotated_prediction","ACDC","COMBINED","snow","acdc+dawn_combined_test/combined_visual_detections/GP010607_frame_000954_rgb_anon.jpg","","withheld_acdc_redistribution_restriction","ACDC research-use licence: image redistribution prohibited","512842","7fc4486d1ca9fac3a26bd3985be987dea8455d45225712f3416660e11d0ce271","","","1","Combined-model inference over the mixed ACDC and DAWN validation union."
"acdc+dawn_combined_test","annotated_prediction","ACDC","COMBINED","snow","acdc+dawn_combined_test/combined_visual_detections/GP010607_frame_000958_rgb_anon.jpg","","withheld_acdc_redistribution_restriction","ACDC research-use licence: image redistribution prohibited","516638","232bced9491d14bb0f6f52dfd582b97519ae9b4242949b831cb1d0a35b877da3","","","1","Combined-model inference over the mixed ACDC and DAWN validation union."
"acdc+dawn_combined_test","annotated_prediction","ACDC","COMBINED","snow","acdc+dawn_combined_test/combined_visual_detections/GP010607_frame_000968_rgb_anon.jpg","","withheld_acdc_redistribution_restriction","ACDC research-use licence: image redistribution prohibited","624639","fa7ace716e638a73e401ae7be9bdb74d91f24687a145d4f630fe8a519b1ecf03","","","1","Combined-model inference over the mixed ACDC and DAWN validation union."
"acdc+dawn_combined_test","annotated_prediction","ACDC","COMBINED","snow","acdc+dawn_combined_test/combined_visual_detections/GP010607_frame_000995_rgb_anon.jpg","","withheld_acdc_redistribution_restriction","ACDC research-use licence: image redistribution prohibited","769988","6b13a386aea46cf037905918808b1609ced286667a5d9e003a4fc78119baebab","","","1","Combined-model inference over the mixed ACDC and DAWN validation union."
"acdc+dawn_combined_test","annotated_prediction","ACDC","COMBINED","rain","acdc+dawn_combined_test/combined_visual_detections/GP020402_frame_000599_rgb_anon.jpg","","withheld_acdc_redistribution_restriction","ACDC research-use licence: image redistribution prohibited","449624","9b30dac86d60d679bb21443f8d8adefdc4cb83d0a9e3e4c1316a379c3ab6b6c7","","","1","Combined-model inference over the mixed ACDC and DAWN validation union."
"acdc+dawn_combined_test","annotated_prediction","ACDC","COMBINED","rain","acdc+dawn_combined_test/combined_visual_detections/GP020402_frame_000615_rgb_anon.jpg","","withheld_acdc_redistribution_restriction","ACDC research-use licence: image redistribution prohibited","453667","311bb37c8fc870c13bac9e64c115ee36b12e1f4c9ae59be67883e3d1ef53c635","","","1","Combined-model inference over the mixed ACDC and DAWN validation union."
"acdc+dawn_combined_test","annotated_prediction","ACDC","COMBINED","rain","acdc+dawn_combined_test/combined_visual_detections/GP020402_frame_000624_rgb_anon.jpg","","withheld_acdc_redistribution_restriction","ACDC research-use licence: image redistribution prohibited","492676","b74132b8d6c8dd8931498c713e4869c394aae5406d5f9ebb1afbc8aa03ac9be6","","","1","Combined-model inference over the mixed ACDC and DAWN validation union."
"acdc+dawn_combined_test","annotated_prediction","ACDC","COMBINED","rain","acdc+dawn_combined_test/combined_visual_detections/GP020402_frame_000644_rgb_anon.jpg","","withheld_acdc_redistribution_restriction","ACDC research-use licence: image redistribution prohibited","481967","2a6503344ef27ed174ebeb096b781bc6d77eed779385c32069d62268a9707ff3","","","1","Combined-model inference over the mixed ACDC and DAWN validation union."
"acdc+dawn_combined_test","annotated_prediction","ACDC","COMBINED","rain","acdc+dawn_combined_test/combined_visual_detections/GP020402_frame_000723_rgb_anon.jpg","","withheld_acdc_redistribution_restriction","ACDC research-use licence: image redistribution prohibited","590827","0e55b3dff6a845eb53453725254bd4433717d93539776e871ae5965899bb7013","","","1","Combined-model inference over the mixed ACDC and DAWN validation union."
"acdc+dawn_combined_test","annotated_prediction","ACDC","COMBINED","rain","acdc+dawn_combined_test/combined_visual_detections/GP020402_frame_000738_rgb_anon.jpg","","withheld_acdc_redistribution_restriction","ACDC research-use licence: image redistribution prohibited","462870","fcddcd22b5ac63183d08a4ce1383e6b36dc0c6e687431c24284ae3553decf84c","","","1","Combined-model inference over the mixed ACDC and DAWN validation union."
"acdc+dawn_combined_test","annotated_prediction","ACDC","COMBINED","rain","acdc+dawn_combined_test/combined_visual_detections/GP020402_frame_000748_rgb_anon.jpg","","withheld_acdc_redistribution_restriction","ACDC research-use licence: image redistribution prohibited","464368","7b7201e7e03d0a5c4aaf1919cfec28accb4cff5ceed7ecc8d85e6a5a76ebd16d","","","1","Combined-model inference over the mixed ACDC and DAWN validation union."
"acdc+dawn_combined_test","annotated_prediction","ACDC","COMBINED","rain","acdc+dawn_combined_test/combined_visual_detections/GP020402_frame_000753_rgb_anon.jpg","","withheld_acdc_redistribution_restriction","ACDC research-use licence: image redistribution prohibited","583589","2d1e2e7635a7f5af52922d0f344fc3e886350a25e1017e02a48d2c2a5716f336","","","1","Combined-model inference over the mixed ACDC and DAWN validation union."
"acdc+dawn_combined_test","annotated_prediction","ACDC","COMBINED","rain","acdc+dawn_combined_test/combined_visual_detections/GP020402_frame_000774_rgb_anon.jpg","","withheld_acdc_redistribution_restriction","ACDC research-use licence: image redistribution prohibited","618544","08ce7d616da3d5ee9e0bea3097c4d1d79ec08fe6f0758a1369204450772baf58","","","1","Combined-model inference over the mixed ACDC and DAWN validation union."
"acdc+dawn_combined_test","annotated_prediction","ACDC","COMBINED","rain","acdc+dawn_combined_test/combined_visual_detections/GP020402_frame_000784_rgb_anon.jpg","","withheld_acdc_redistribution_restriction","ACDC research-use licence: image redistribution prohibited","753374","b8bfd1fc99b21982836c572c46924940ddabe61a70b496ebf2a8de4376c1948d","","","1","Combined-model inference over the mixed ACDC and DAWN validation union."
"acdc+dawn_combined_test","annotated_prediction","ACDC","COMBINED","rain","acdc+dawn_combined_test/combined_visual_detections/GP020402_frame_000795_rgb_anon.jpg","","withheld_acdc_redistribution_restriction","ACDC research-use licence: image redistribution prohibited","491572","780dd37fdcddbc99218d56a2a4c21e9a63fc9d7525464693db953f8314ba773e","","","1","Combined-model inference over the mixed ACDC and DAWN validation union."
"acdc+dawn_combined_test","annotated_prediction","ACDC","COMBINED","rain","acdc+dawn_combined_test/combined_visual_detections/GP020402_frame_000802_rgb_anon.jpg","","withheld_acdc_redistribution_restriction","ACDC research-use licence: image redistribution prohibited","518749","a8930fe7d17d91a61ac23f4ce0720b2017ce19408d953c77c3c2dea9c272577c","","","1","Combined-model inference over the mixed ACDC and DAWN validation union."
"acdc+dawn_combined_test","annotated_prediction","ACDC","COMBINED","rain","acdc+dawn_combined_test/combined_visual_detections/GP020402_frame_000809_rgb_anon.jpg","","withheld_acdc_redistribution_restriction","ACDC research-use licence: image redistribution prohibited","480631","29d69025606c7f543aa6834598f780952ec7889a797cad68df7fb62e3a5ccd48","","","1","Combined-model inference over the mixed ACDC and DAWN validation union."
"acdc+dawn_combined_test","annotated_prediction","ACDC","COMBINED","rain","acdc+dawn_combined_test/combined_visual_detections/GP020402_frame_000830_rgb_anon.jpg","","withheld_acdc_redistribution_restriction","ACDC research-use licence: image redistribution prohibited","569857","e5faaf29ce2c48e6efd60735d97dbd0ff40126397995c684f375cd0a9f4fe611","","","1","Combined-model inference over the mixed ACDC and DAWN validation union."
"acdc+dawn_combined_test","annotated_prediction","ACDC","COMBINED","rain","acdc+dawn_combined_test/combined_visual_detections/GP020402_frame_000835_rgb_anon.jpg","","withheld_acdc_redistribution_restriction","ACDC research-use licence: image redistribution prohibited","545132","5cdad45201b3c0c4ebfccfc379cdec732ab5ca382028677998c09c205fb74ae8","","","1","Combined-model inference over the mixed ACDC and DAWN validation union."
"acdc+dawn_combined_test","annotated_prediction","ACDC","COMBINED","rain","acdc+dawn_combined_test/combined_visual_detections/GP020402_frame_000843_rgb_anon.jpg","","withheld_acdc_redistribution_restriction","ACDC research-use licence: image redistribution prohibited","507827","2ec85400a53fdd9eb0cb5a2f0681d7bd4a35962e1081cd40752b3b37f779aff6","","","1","Combined-model inference over the mixed ACDC and DAWN validation union."
"acdc+dawn_combined_test","annotated_prediction","ACDC","COMBINED","rain","acdc+dawn_combined_test/combined_visual_detections/GP020402_frame_000863_rgb_anon.jpg","","withheld_acdc_redistribution_restriction","ACDC research-use licence: image redistribution prohibited","478587","df43a9a553bf8edb35e107c3cd729457a715385d1557c685bbaded1eb7c36b4c","","","1","Combined-model inference over the mixed ACDC and DAWN validation union."
"acdc+dawn_combined_test","annotated_prediction","ACDC","COMBINED","rain","acdc+dawn_combined_test/combined_visual_detections/GP020402_frame_000883_rgb_anon.jpg","","withheld_acdc_redistribution_restriction","ACDC research-use licence: image redistribution prohibited","490501","77b5f38439109ccb7fad33a2500799a5b18454e91caab0bdcea966046f452436","","","1","Combined-model inference over the mixed ACDC and DAWN validation union."
"acdc+dawn_combined_test","annotated_prediction","ACDC","COMBINED","rain","acdc+dawn_combined_test/combined_visual_detections/GP020402_frame_000898_rgb_anon.jpg","","withheld_acdc_redistribution_restriction","ACDC research-use licence: image redistribution prohibited","559586","8ffce8405be527fed7f89fe4695c8f4b058d53080c847701f9fcd0258e3661a7","","","1","Combined-model inference over the mixed ACDC and DAWN validation union."
"acdc+dawn_combined_test","annotated_prediction","ACDC","COMBINED","rain","acdc+dawn_combined_test/combined_visual_detections/GP020402_frame_000904_rgb_anon.jpg","","withheld_acdc_redistribution_restriction","ACDC research-use licence: image redistribution prohibited","613695","70b85e3c0b422e09bf42d45dd5ff2212df7517a7abd18fea5a3f4f2cdfa09148","","","1","Combined-model inference over the mixed ACDC and DAWN validation union."
"acdc+dawn_combined_test","annotated_prediction","ACDC","COMBINED","rain","acdc+dawn_combined_test/combined_visual_detections/GP020402_frame_000909_rgb_anon.jpg","","withheld_acdc_redistribution_restriction","ACDC research-use licence: image redistribution prohibited","571450","50338cea4233d75b30270e4c1cd9a1cfaed20760b90cfced11b34d80ad0240bf","","","1","Combined-model inference over the mixed ACDC and DAWN validation union."
"acdc+dawn_combined_test","annotated_prediction","ACDC","COMBINED","rain","acdc+dawn_combined_test/combined_visual_detections/GP020402_frame_000914_rgb_anon.jpg","","withheld_acdc_redistribution_restriction","ACDC research-use licence: image redistribution prohibited","478241","ce82f48979f831ccf7f8fb8515d1958388762bf6b7b7417da0fa1bb6a34f4c24","","","1","Combined-model inference over the mixed ACDC and DAWN validation union."
"acdc+dawn_combined_test","annotated_prediction","ACDC","COMBINED","rain","acdc+dawn_combined_test/combined_visual_detections/GP020402_frame_000919_rgb_anon.jpg","","withheld_acdc_redistribution_restriction","ACDC research-use licence: image redistribution prohibited","508497","81c301f81b077832756b1ac283f2492f6824dbbf9858bcd90e1ff339600421d0","","","1","Combined-model inference over the mixed ACDC and DAWN validation union."
"acdc+dawn_combined_test","annotated_prediction","ACDC","COMBINED","rain","acdc+dawn_combined_test/combined_visual_detections/GP020402_frame_000939_rgb_anon.jpg","","withheld_acdc_redistribution_restriction","ACDC research-use licence: image redistribution prohibited","541107","c4a17998f20da4b3cf95676c60c65a8a50f1a3b4e22982572ff4bc94f791e92e","","","1","Combined-model inference over the mixed ACDC and DAWN validation union."
"acdc+dawn_combined_test","annotated_prediction","ACDC","COMBINED","rain","acdc+dawn_combined_test/combined_visual_detections/GP020402_frame_000946_rgb_anon.jpg","","withheld_acdc_redistribution_restriction","ACDC research-use licence: image redistribution prohibited","508445","e415793192b45c003ae78b3daf879aa7a944d5e99e717fcc242488ac61c4c835","","","1","Combined-model inference over the mixed ACDC and DAWN validation union."
"acdc+dawn_combined_test","annotated_prediction","ACDC","COMBINED","rain","acdc+dawn_combined_test/combined_visual_detections/GP020402_frame_000951_rgb_anon.jpg","","withheld_acdc_redistribution_restriction","ACDC research-use licence: image redistribution prohibited","452709","991681237f54846cc40e49cc5be467481f47c0d4039962f86818f0b2e33fff90","","","1","Combined-model inference over the mixed ACDC and DAWN validation union."
"acdc+dawn_combined_test","annotated_prediction","ACDC","COMBINED","rain","acdc+dawn_combined_test/combined_visual_detections/GP020402_frame_000966_rgb_anon.jpg","","withheld_acdc_redistribution_restriction","ACDC research-use licence: image redistribution prohibited","456512","8ccae69a2a13fa575f29a1f135ebd51d1b68471e100c2933c3ec440e066e83ac","","","1","Combined-model inference over the mixed ACDC and DAWN validation union."
"acdc+dawn_combined_test","annotated_prediction","ACDC","COMBINED","rain","acdc+dawn_combined_test/combined_visual_detections/GP020402_frame_000971_rgb_anon.jpg","","withheld_acdc_redistribution_restriction","ACDC research-use licence: image redistribution prohibited","480592","300c2a41e35a495db93a229a4d43492dba530f83b2a0de960cadc460c882d264","","","1","Combined-model inference over the mixed ACDC and DAWN validation union."
"acdc+dawn_combined_test","annotated_prediction","ACDC","COMBINED","rain","acdc+dawn_combined_test/combined_visual_detections/GP020402_frame_000976_rgb_anon.jpg","","withheld_acdc_redistribution_restriction","ACDC research-use licence: image redistribution prohibited","487669","7c255f08ede536b12c29e333d689c9a800bab5b6d19f0359c8f1808f8d1f5055","","","1","Combined-model inference over the mixed ACDC and DAWN validation union."
"acdc+dawn_combined_test","annotated_prediction","ACDC","COMBINED","rain","acdc+dawn_combined_test/combined_visual_detections/GP020402_frame_000981_rgb_anon.jpg","","withheld_acdc_redistribution_restriction","ACDC research-use licence: image redistribution prohibited","566088","8244a5816d60c3c23816917ca96e513bddb563af69227bd7b234615103b276ba","","","1","Combined-model inference over the mixed ACDC and DAWN validation union."
"acdc+dawn_combined_test","annotated_prediction","ACDC","COMBINED","rain","acdc+dawn_combined_test/combined_visual_detections/GP020402_frame_000994_rgb_anon.jpg","","withheld_acdc_redistribution_restriction","ACDC research-use licence: image redistribution prohibited","550467","69dbbf4906183fabe60d10a94a037ce0936916be83e2dc3881e3d75c44f4a5f7","","","1","Combined-model inference over the mixed ACDC and DAWN validation union."
"acdc+dawn_combined_test","annotated_prediction","ACDC","COMBINED","rain","acdc+dawn_combined_test/combined_visual_detections/GP020402_frame_001000_rgb_anon.jpg","","withheld_acdc_redistribution_restriction","ACDC research-use licence: image redistribution prohibited","675534","223ea06f30cb4fb8634e3b27486215e178cab9fa938f63a33a9cdbb9113a32d4","","","1","Combined-model inference over the mixed ACDC and DAWN validation union."
"acdc+dawn_combined_test","annotated_prediction","ACDC","COMBINED","rain","acdc+dawn_combined_test/combined_visual_detections/GP020402_frame_001020_rgb_anon.jpg","","withheld_acdc_redistribution_restriction","ACDC research-use licence: image redistribution prohibited","655989","baa31df8a46e3d0321b86614b248c0fbc372ea1de58ab10c47d9a832953c46ce","","","1","Combined-model inference over the mixed ACDC and DAWN validation union."
"acdc+dawn_combined_test","annotated_prediction","ACDC","COMBINED","fog","acdc+dawn_combined_test/combined_visual_detections/GP020475_frame_000054_rgb_anon.jpg","","withheld_acdc_redistribution_restriction","ACDC research-use licence: image redistribution prohibited","468219","1d6a43949be4b54f30a52b097c637ec4578951ac7b63a8d6e28d6ba5012800a8","","","1","Combined-model inference over the mixed ACDC and DAWN validation union."
"acdc+dawn_combined_test","annotated_prediction","ACDC","COMBINED","fog","acdc+dawn_combined_test/combined_visual_detections/GP020475_frame_000061_rgb_anon.jpg","","withheld_acdc_redistribution_restriction","ACDC research-use licence: image redistribution prohibited","475962","31ee8152805bd072a9dfc6688738a3e48eb220cc2771d0f469279130889f6f24","","","1","Combined-model inference over the mixed ACDC and DAWN validation union."
"acdc+dawn_combined_test","annotated_prediction","ACDC","COMBINED","fog","acdc+dawn_combined_test/combined_visual_detections/GP020475_frame_000081_rgb_anon.jpg","","withheld_acdc_redistribution_restriction","ACDC research-use licence: image redistribution prohibited","539020","a4236115d2b41ae720835f800bcb416b653610fd08ef8ba87827558752a42ca2","","","1","Combined-model inference over the mixed ACDC and DAWN validation union."
"acdc+dawn_combined_test","annotated_prediction","ACDC","COMBINED","fog","acdc+dawn_combined_test/combined_visual_detections/GP020475_frame_000088_rgb_anon.jpg","","withheld_acdc_redistribution_restriction","ACDC research-use licence: image redistribution prohibited","423477","9fff140c073ff4b4660fc514a953408d9a49ec5be79e8e0058ef9fce871e1055","","","1","Combined-model inference over the mixed ACDC and DAWN validation union."
"acdc+dawn_combined_test","annotated_prediction","ACDC","COMBINED","fog","acdc+dawn_combined_test/combined_visual_detections/GP020475_frame_000094_rgb_anon.jpg","","withheld_acdc_redistribution_restriction","ACDC research-use licence: image redistribution prohibited","394715","1b815677a2252599729b14d05536e3a395d93f8219bb084a5c8b9e6313af98d1","","","1","Combined-model inference over the mixed ACDC and DAWN validation union."
"acdc+dawn_combined_test","annotated_prediction","ACDC","COMBINED","fog","acdc+dawn_combined_test/combined_visual_detections/GP020475_frame_000100_rgb_anon.jpg","","withheld_acdc_redistribution_restriction","ACDC research-use licence: image redistribution prohibited","438976","2a08606eb3cee0d607a40acabae905e4435683e5bdb1d3806a3a89c9083e9c7c","","","1","Combined-model inference over the mixed ACDC and DAWN validation union."
"acdc+dawn_combined_test","annotated_prediction","ACDC","COMBINED","fog","acdc+dawn_combined_test/combined_visual_detections/GP020475_frame_000109_rgb_anon.jpg","","withheld_acdc_redistribution_restriction","ACDC research-use licence: image redistribution prohibited","441619","0f5afd7aec804049d134fef0014565b288b37e580e51dc07bb4f90471662bf23","","","1","Combined-model inference over the mixed ACDC and DAWN validation union."
"acdc+dawn_combined_test","annotated_prediction","ACDC","COMBINED","fog","acdc+dawn_combined_test/combined_visual_detections/GP020475_frame_000119_rgb_anon.jpg","","withheld_acdc_redistribution_restriction","ACDC research-use licence: image redistribution prohibited","511860","387416cdf9cd69bd8831de493911197e71d082df4a35e76a809d8e4fc8244669","","","1","Combined-model inference over the mixed ACDC and DAWN validation union."
"acdc+dawn_combined_test","annotated_prediction","ACDC","COMBINED","fog","acdc+dawn_combined_test/combined_visual_detections/GP020475_frame_000125_rgb_anon.jpg","","withheld_acdc_redistribution_restriction","ACDC research-use licence: image redistribution prohibited","505548","47575c51a6e0ff35cd8fe2734723fcb73e94c8c291ec65d1a988ad408003d306","","","1","Combined-model inference over the mixed ACDC and DAWN validation union."
"acdc+dawn_combined_test","annotated_prediction","ACDC","COMBINED","fog","acdc+dawn_combined_test/combined_visual_detections/GP020475_frame_000130_rgb_anon.jpg","","withheld_acdc_redistribution_restriction","ACDC research-use licence: image redistribution prohibited","458910","acfc8e858cfff88c3d3602232216dccda4d67570a845c7e4bd5d9ed5261aec6d","","","1","Combined-model inference over the mixed ACDC and DAWN validation union."
"acdc+dawn_combined_test","annotated_prediction","ACDC","COMBINED","fog","acdc+dawn_combined_test/combined_visual_detections/GP020475_frame_000135_rgb_anon.jpg","","withheld_acdc_redistribution_restriction","ACDC research-use licence: image redistribution prohibited","484334","b4cab81de31de141c4485e150ca89d85aa1d3ff5a0b7805bc172070ac58a1a3a","","","1","Combined-model inference over the mixed ACDC and DAWN validation union."
"acdc+dawn_combined_test","annotated_prediction","ACDC","COMBINED","fog","acdc+dawn_combined_test/combined_visual_detections/GP020475_frame_000140_rgb_anon.jpg","","withheld_acdc_redistribution_restriction","ACDC research-use licence: image redistribution prohibited","468439","8f472f3e446a02a98962c3de33ffacfba497858b09a8e9a4b99811ba9b7632ef","","","1","Combined-model inference over the mixed ACDC and DAWN validation union."
"acdc+dawn_combined_test","annotated_prediction","ACDC","COMBINED","fog","acdc+dawn_combined_test/combined_visual_detections/GP020475_frame_000160_rgb_anon.jpg","","withheld_acdc_redistribution_restriction","ACDC research-use licence: image redistribution prohibited","552800","af2dd18abeea39f1b9f74a8a0b8dc3bb3691cc71f387acfe6ac41b2fe4c54074","","","1","Combined-model inference over the mixed ACDC and DAWN validation union."
"acdc+dawn_combined_test","annotated_prediction","ACDC","COMBINED","fog","acdc+dawn_combined_test/combined_visual_detections/GP020475_frame_000173_rgb_anon.jpg","","withheld_acdc_redistribution_restriction","ACDC research-use licence: image redistribution prohibited","413386","b0a8484dde397a2ee5f0ee001d0b7e39bb0182f0476bb9b9dbaed72f4e3c72ef","","","1","Combined-model inference over the mixed ACDC and DAWN validation union."
"acdc+dawn_combined_test","annotated_prediction","ACDC","COMBINED","fog","acdc+dawn_combined_test/combined_visual_detections/GP020475_frame_000179_rgb_anon.jpg","","withheld_acdc_redistribution_restriction","ACDC research-use licence: image redistribution prohibited","525772","d56e9aca81f47c9d2865cb8c88ffdf3c3c49a23e24aa851b06d200ef73a0621d","","","1","Combined-model inference over the mixed ACDC and DAWN validation union."
"acdc+dawn_combined_test","annotated_prediction","ACDC","COMBINED","fog","acdc+dawn_combined_test/combined_visual_detections/GP020475_frame_000184_rgb_anon.jpg","","withheld_acdc_redistribution_restriction","ACDC research-use licence: image redistribution prohibited","469620","8959793f230df81bc966393fdf3ea26954d06a7872839e1d2b137ad79b4db01a","","","1","Combined-model inference over the mixed ACDC and DAWN validation union."
"acdc+dawn_combined_test","annotated_prediction","ACDC","COMBINED","fog","acdc+dawn_combined_test/combined_visual_detections/GP020475_frame_000189_rgb_anon.jpg","","withheld_acdc_redistribution_restriction","ACDC research-use licence: image redistribution prohibited","411717","e40a8c76c6cbdfa531ecdf7cf9150a5cc894647359c8a421f55cc7906c2c52ca","","","1","Combined-model inference over the mixed ACDC and DAWN validation union."
"acdc+dawn_combined_test","annotated_prediction","ACDC","COMBINED","fog","acdc+dawn_combined_test/combined_visual_detections/GP020475_frame_000194_rgb_anon.jpg","","withheld_acdc_redistribution_restriction","ACDC research-use licence: image redistribution prohibited","445584","2059d7e2c4f8fa8ad464dd1132284580a0cd5182def079be7610674221a56d34","","","1","Combined-model inference over the mixed ACDC and DAWN validation union."
"acdc+dawn_combined_test","annotated_prediction","ACDC","COMBINED","fog","acdc+dawn_combined_test/combined_visual_detections/GP020475_frame_000199_rgb_anon.jpg","","withheld_acdc_redistribution_restriction","ACDC research-use licence: image redistribution prohibited","454600","cb3b496b5e8ce8ea4c74ef0a90baf0383da434bbf6260a9fdd725c99078e9c04","","","1","Combined-model inference over the mixed ACDC and DAWN validation union."
"acdc+dawn_combined_test","annotated_prediction","ACDC","COMBINED","fog","acdc+dawn_combined_test/combined_visual_detections/GP020475_frame_000204_rgb_anon.jpg","","withheld_acdc_redistribution_restriction","ACDC research-use licence: image redistribution prohibited","411164","9855f75e828032ead3bc00e4ac7968e9aae530dd4f16fba782e195bc1d8f0031","","","1","Combined-model inference over the mixed ACDC and DAWN validation union."
"acdc+dawn_combined_test","annotated_prediction","ACDC","COMBINED","fog","acdc+dawn_combined_test/combined_visual_detections/GP020475_frame_000209_rgb_anon.jpg","","withheld_acdc_redistribution_restriction","ACDC research-use licence: image redistribution prohibited","454528","164e4d1adc613535c5deb32291ca180cd8a1743e4ca336bf8b8c7ee9d3c09f2c","","","1","Combined-model inference over the mixed ACDC and DAWN validation union."
"acdc+dawn_combined_test","annotated_prediction","ACDC","COMBINED","fog","acdc+dawn_combined_test/combined_visual_detections/GP020475_frame_000229_rgb_anon.jpg","","withheld_acdc_redistribution_restriction","ACDC research-use licence: image redistribution prohibited","485870","16ea1ee28d9aaa704c419f54dd3752fe54755698da48039fde63551708d159fa","","","1","Combined-model inference over the mixed ACDC and DAWN validation union."
"acdc+dawn_combined_test","annotated_prediction","ACDC","COMBINED","snow","acdc+dawn_combined_test/combined_visual_detections/GP020607_frame_000001_rgb_anon.jpg","","withheld_acdc_redistribution_restriction","ACDC research-use licence: image redistribution prohibited","548438","6480fd011cb85fea89de97ba7358c78505be9092599d4c79c20293e3df1d5b81","","","1","Combined-model inference over the mixed ACDC and DAWN validation union."
"acdc+dawn_combined_test","annotated_prediction","ACDC","COMBINED","snow","acdc+dawn_combined_test/combined_visual_detections/GP020607_frame_000149_rgb_anon.jpg","","withheld_acdc_redistribution_restriction","ACDC research-use licence: image redistribution prohibited","499940","e52b6639c32f88fa34c9a1030e07bf4a3910456a4b1e23f84e73d5a90b470857","","","1","Combined-model inference over the mixed ACDC and DAWN validation union."
"acdc+dawn_combined_test","annotated_prediction","ACDC","COMBINED","snow","acdc+dawn_combined_test/combined_visual_detections/GP020607_frame_000162_rgb_anon.jpg","","withheld_acdc_redistribution_restriction","ACDC research-use licence: image redistribution prohibited","599681","ef569badb415a2a437c85f253892f7bb00c30947d215970ef70bdcc3ada8adec","","","1","Combined-model inference over the mixed ACDC and DAWN validation union."
"acdc+dawn_combined_test","annotated_prediction","ACDC","COMBINED","snow","acdc+dawn_combined_test/combined_visual_detections/GP020607_frame_000201_rgb_anon.jpg","","withheld_acdc_redistribution_restriction","ACDC research-use licence: image redistribution prohibited","570320","d7958a8755fd9eaa4a6d19e1c6048a24efcc89fafc9e3516c4188e0ab9ff2779","","","1","Combined-model inference over the mixed ACDC and DAWN validation union."
"acdc+dawn_combined_test","annotated_prediction","ACDC","COMBINED","snow","acdc+dawn_combined_test/combined_visual_detections/GP020607_frame_000226_rgb_anon.jpg","","withheld_acdc_redistribution_restriction","ACDC research-use licence: image redistribution prohibited","605999","3d2c2a070b54f3fe54855efc0dc7de4edd02cca3d49d6f05aa5838a37d668d4f","","","1","Combined-model inference over the mixed ACDC and DAWN validation union."
"acdc+dawn_combined_test","annotated_prediction","ACDC","COMBINED","snow","acdc+dawn_combined_test/combined_visual_detections/GP030176_frame_000529_rgb_anon.jpg","","withheld_acdc_redistribution_restriction","ACDC research-use licence: image redistribution prohibited","589485","a2e62fa26b61f2bebe14357c0b62d914500be9d1f08b888086970bfbc78b4bd2","","","1","Combined-model inference over the mixed ACDC and DAWN validation union."
"acdc+dawn_combined_test","annotated_prediction","ACDC","COMBINED","snow","acdc+dawn_combined_test/combined_visual_detections/GP030176_frame_000549_rgb_anon.jpg","","withheld_acdc_redistribution_restriction","ACDC research-use licence: image redistribution prohibited","791616","29e27062bf46bfb0334d638c8d41c8b8824842144e66a40a9140e612c1341f8d","","","1","Combined-model inference over the mixed ACDC and DAWN validation union."
"acdc+dawn_combined_test","annotated_prediction","ACDC","COMBINED","snow","acdc+dawn_combined_test/combined_visual_detections/GP030176_frame_000569_rgb_anon.jpg","","withheld_acdc_redistribution_restriction","ACDC research-use licence: image redistribution prohibited","694457","cce1aac08cb1975e59f11496dcecaaf26b0bf9fac092ec6d746542c8f79d5d21","","","1","Combined-model inference over the mixed ACDC and DAWN validation union."
"acdc+dawn_combined_test","annotated_prediction","ACDC","COMBINED","snow","acdc+dawn_combined_test/combined_visual_detections/GP030176_frame_000589_rgb_anon.jpg","","withheld_acdc_redistribution_restriction","ACDC research-use licence: image redistribution prohibited","645074","27958b7f4be22235277cd1f114b33a76855238f4bfe35eb72c048017bbbd263d","","","1","Combined-model inference over the mixed ACDC and DAWN validation union."
"acdc+dawn_combined_test","annotated_prediction","ACDC","COMBINED","snow","acdc+dawn_combined_test/combined_visual_detections/GP030176_frame_000609_rgb_anon.jpg","","withheld_acdc_redistribution_restriction","ACDC research-use licence: image redistribution prohibited","706144","53ea1830015df0d2c83b7b14b8e990ad81c5cd07deb6ea02459f880f44ae716a","","","1","Combined-model inference over the mixed ACDC and DAWN validation union."
"acdc+dawn_combined_test","annotated_prediction","ACDC","COMBINED","snow","acdc+dawn_combined_test/combined_visual_detections/GP030176_frame_000629_rgb_anon.jpg","","withheld_acdc_redistribution_restriction","ACDC research-use licence: image redistribution prohibited","653947","63efa545263796d021c44a9d98159c32f3e387f610a6bd0bef8b6348cce3ab92","","","1","Combined-model inference over the mixed ACDC and DAWN validation union."
"acdc+dawn_combined_test","annotated_prediction","ACDC","COMBINED","snow","acdc+dawn_combined_test/combined_visual_detections/GP030176_frame_000649_rgb_anon.jpg","","withheld_acdc_redistribution_restriction","ACDC research-use licence: image redistribution prohibited","738036","382d666b35c2e334c4aedc801fada9f05d98b431a5174273d011261f5c5087bd","","","1","Combined-model inference over the mixed ACDC and DAWN validation union."
"acdc+dawn_combined_test","annotated_prediction","ACDC","COMBINED","snow","acdc+dawn_combined_test/combined_visual_detections/GP030176_frame_000706_rgb_anon.jpg","","withheld_acdc_redistribution_restriction","ACDC research-use licence: image redistribution prohibited","545167","cde7a8ea957fc5ae2cd11ee0612b2b62a6810a1a4d2697d3d2cc1caf7e584547","","","1","Combined-model inference over the mixed ACDC and DAWN validation union."
"acdc+dawn_combined_test","annotated_prediction","ACDC","COMBINED","snow","acdc+dawn_combined_test/combined_visual_detections/GP030176_frame_000721_rgb_anon.jpg","","withheld_acdc_redistribution_restriction","ACDC research-use licence: image redistribution prohibited","629175","805fa09405b6c224bf998a18a2b51650e0b59978d0acaf702825324b145e9b6f","","","1","Combined-model inference over the mixed ACDC and DAWN validation union."
"acdc+dawn_combined_test","annotated_prediction","ACDC","COMBINED","snow","acdc+dawn_combined_test/combined_visual_detections/GP030176_frame_000736_rgb_anon.jpg","","withheld_acdc_redistribution_restriction","ACDC research-use licence: image redistribution prohibited","691218","5a723d31b24343471cf0ddcfc2acda9bf6c409b517003a2b4fc742ff07b5b110","","","1","Combined-model inference over the mixed ACDC and DAWN validation union."
"acdc+dawn_combined_test","annotated_prediction","ACDC","COMBINED","rain","acdc+dawn_combined_test/combined_visual_detections/GP030400_frame_000121_rgb_anon.jpg","","withheld_acdc_redistribution_restriction","ACDC research-use licence: image redistribution prohibited","442347","105e1901f2adcc56da70066e24e7d1f5d7c68c1c28ffc0df005c38b18cef406b","","","1","Combined-model inference over the mixed ACDC and DAWN validation union."
"acdc+dawn_combined_test","annotated_prediction","ACDC","COMBINED","rain","acdc+dawn_combined_test/combined_visual_detections/GP030400_frame_000129_rgb_anon.jpg","","withheld_acdc_redistribution_restriction","ACDC research-use licence: image redistribution prohibited","534581","fa6133f197e43abdd9364934b38755bcbfe7298cc0d62035df8fb6d5b8578cf2","","","1","Combined-model inference over the mixed ACDC and DAWN validation union."
"acdc+dawn_combined_test","annotated_prediction","ACDC","COMBINED","rain","acdc+dawn_combined_test/combined_visual_detections/GP030400_frame_000135_rgb_anon.jpg","","withheld_acdc_redistribution_restriction","ACDC research-use licence: image redistribution prohibited","494941","93801f27a3cefccb752d2a0af79127e878df7f9fde3fac1dd4bc48d0159b2b2b","","","1","Combined-model inference over the mixed ACDC and DAWN validation union."
"acdc+dawn_combined_test","annotated_prediction","ACDC","COMBINED","rain","acdc+dawn_combined_test/combined_visual_detections/GP030400_frame_000154_rgb_anon.jpg","","withheld_acdc_redistribution_restriction","ACDC research-use licence: image redistribution prohibited","427318","95c2e7f6f40f5ec2da23fe4b595cccbcfcfd2e1fef27848e715b819c5763d88c","","","1","Combined-model inference over the mixed ACDC and DAWN validation union."
"acdc+dawn_combined_test","annotated_prediction","ACDC","COMBINED","rain","acdc+dawn_combined_test/combined_visual_detections/GP030400_frame_000184_rgb_anon.jpg","","withheld_acdc_redistribution_restriction","ACDC research-use licence: image redistribution prohibited","449441","ae096542b8cc626abdb0a4d90a20132085684fb1b0923b57fa0f6598e9086efc","","","1","Combined-model inference over the mixed ACDC and DAWN validation union."
"acdc+dawn_combined_test","annotated_prediction","ACDC","COMBINED","rain","acdc+dawn_combined_test/combined_visual_detections/GP030402_frame_000001_rgb_anon.jpg","","withheld_acdc_redistribution_restriction","ACDC research-use licence: image redistribution prohibited","628936","b0b4acc20890b09979dca43b9b1fd5b395f236b74ad67fdd607ea9c04e2600fc","","","1","Combined-model inference over the mixed ACDC and DAWN validation union."
"acdc+dawn_combined_test","annotated_prediction","ACDC","COMBINED","rain","acdc+dawn_combined_test/combined_visual_detections/GP030402_frame_000022_rgb_anon.jpg","","withheld_acdc_redistribution_restriction","ACDC research-use licence: image redistribution prohibited","451653","f4c2b6806dfc068a08f88d6b751c4e582e93e365599e19a272e03af3984c62a8","","","1","Combined-model inference over the mixed ACDC and DAWN validation union."
"acdc+dawn_combined_test","annotated_prediction","ACDC","COMBINED","rain","acdc+dawn_combined_test/combined_visual_detections/GP030402_frame_000094_rgb_anon.jpg","","withheld_acdc_redistribution_restriction","ACDC research-use licence: image redistribution prohibited","463858","173ffb9dcb102b3ac8fbe31610e82c38bdca6640775395a39462e452905821f8","","","1","Combined-model inference over the mixed ACDC and DAWN validation union."
"acdc+dawn_combined_test","annotated_prediction","ACDC","COMBINED","rain","acdc+dawn_combined_test/combined_visual_detections/GP030402_frame_000266_rgb_anon.jpg","","withheld_acdc_redistribution_restriction","ACDC research-use licence: image redistribution prohibited","575215","48b3c3e510bb51632da75cfd4ea92fe4ebf55b79a6f2fb427a69f0662aa4e9e3","","","1","Combined-model inference over the mixed ACDC and DAWN validation union."
"acdc+dawn_combined_test","annotated_prediction","ACDC","COMBINED","rain","acdc+dawn_combined_test/combined_visual_detections/GP030402_frame_000428_rgb_anon.jpg","","withheld_acdc_redistribution_restriction","ACDC research-use licence: image redistribution prohibited","495908","f5f18a07517e5659fde6218381bbceb63688edf98d3c9c8849a3efebeb0e5d40","","","1","Combined-model inference over the mixed ACDC and DAWN validation union."
"acdc+dawn_combined_test","annotated_prediction","DAWN","COMBINED","fog","acdc+dawn_combined_test/combined_visual_detections/mist-013.jpg","results/COMBINED/qualitative_detections/DAWN/mist-013.jpg","included_in_repository","DAWN CC BY-NC 3.0","60789","7d2391f513d311505c6ca36c0f84006b14550a40bffaadac8358581bd242cff8","60789","7d2391f513d311505c6ca36c0f84006b14550a40bffaadac8358581bd242cff8","1","Combined-model inference over the mixed ACDC and DAWN validation union."
"acdc+dawn_combined_test","annotated_prediction","DAWN","COMBINED","fog","acdc+dawn_combined_test/combined_visual_detections/mist-015.jpg","results/COMBINED/qualitative_detections/DAWN/mist-015.jpg","included_in_repository","DAWN CC BY-NC 3.0","24549","4f0ba248978d7fa2b2379f301213264bc860a58c14e0d32a9ca7ebe5a5733173","24549","4f0ba248978d7fa2b2379f301213264bc860a58c14e0d32a9ca7ebe5a5733173","1","Combined-model inference over the mixed ACDC and DAWN validation union."
"acdc+dawn_combined_test","annotated_prediction","DAWN","COMBINED","fog","acdc+dawn_combined_test/combined_visual_detections/mist-016.jpg","results/COMBINED/qualitative_detections/DAWN/mist-016.jpg","included_in_repository","DAWN CC BY-NC 3.0","122691","ae8da6ff3dcdba75c92cc4ea1a3deebddb33ac3ba0fef69d723205136046766a","122691","ae8da6ff3dcdba75c92cc4ea1a3deebddb33ac3ba0fef69d723205136046766a","1","Combined-model inference over the mixed ACDC and DAWN validation union."
"acdc+dawn_combined_test","annotated_prediction","DAWN","COMBINED","fog","acdc+dawn_combined_test/combined_visual_detections/mist-019.jpg","results/COMBINED/qualitative_detections/DAWN/mist-019.jpg","included_in_repository","DAWN CC BY-NC 3.0","622667","717a174c8e35eb6e294413b663719652fec2ac5fdcaab88edbf159afaafb0464","622667","717a174c8e35eb6e294413b663719652fec2ac5fdcaab88edbf159afaafb0464","1","Combined-model inference over the mixed ACDC and DAWN validation union."
"acdc+dawn_combined_test","annotated_prediction","DAWN","COMBINED","fog","acdc+dawn_combined_test/combined_visual_detections/mist-020.jpg","results/COMBINED/qualitative_detections/DAWN/mist-020.jpg","included_in_repository","DAWN CC BY-NC 3.0","82174","e4a4ca2bece48c2e6d43a814c2c2c2f8ce225242092926d631425fd2794cf54f","82174","e4a4ca2bece48c2e6d43a814c2c2c2f8ce225242092926d631425fd2794cf54f","1","Combined-model inference over the mixed ACDC and DAWN validation union."
"acdc+dawn_combined_test","annotated_prediction","DAWN","COMBINED","fog","acdc+dawn_combined_test/combined_visual_detections/mist-021.jpg","results/COMBINED/qualitative_detections/DAWN/mist-021.jpg","included_in_repository","DAWN CC BY-NC 3.0","28972","9d97e2b776c8a6272d724a6363d9800551000771252c898d1ef9ccd2d3eca379","28972","9d97e2b776c8a6272d724a6363d9800551000771252c898d1ef9ccd2d3eca379","1","Combined-model inference over the mixed ACDC and DAWN validation union."
"acdc+dawn_combined_test","annotated_prediction","DAWN","COMBINED","fog","acdc+dawn_combined_test/combined_visual_detections/mist-023.jpg","results/COMBINED/qualitative_detections/DAWN/mist-023.jpg","included_in_repository","DAWN CC BY-NC 3.0","51677","e945a8e59ff4b37ae8bc9e35810ce7e08564506161de0fd610970ab03c761662","51677","e945a8e59ff4b37ae8bc9e35810ce7e08564506161de0fd610970ab03c761662","1","Combined-model inference over the mixed ACDC and DAWN validation union."
"acdc+dawn_combined_test","annotated_prediction","DAWN","COMBINED","fog","acdc+dawn_combined_test/combined_visual_detections/mist-024.jpg","results/COMBINED/qualitative_detections/DAWN/mist-024.jpg","included_in_repository","DAWN CC BY-NC 3.0","74807","1f51b48a13d83962d84c59658f0766b6c5cceb02e98b434d2e21d3c8eb3336ec","74807","1f51b48a13d83962d84c59658f0766b6c5cceb02e98b434d2e21d3c8eb3336ec","1","Combined-model inference over the mixed ACDC and DAWN validation union."
"acdc+dawn_combined_test","annotated_prediction","DAWN","COMBINED","fog","acdc+dawn_combined_test/combined_visual_detections/mist-027.jpg","results/COMBINED/qualitative_detections/DAWN/mist-027.jpg","included_in_repository","DAWN CC BY-NC 3.0","109524","4e72fd3fb2f7de39818aed2475179f6a44d709d04f3afa5e11472737e98f0bf8","109524","4e72fd3fb2f7de39818aed2475179f6a44d709d04f3afa5e11472737e98f0bf8","1","Combined-model inference over the mixed ACDC and DAWN validation union."
"acdc+dawn_combined_test","annotated_prediction","DAWN","COMBINED","fog","acdc+dawn_combined_test/combined_visual_detections/mist-030.jpg","results/COMBINED/qualitative_detections/DAWN/mist-030.jpg","included_in_repository","DAWN CC BY-NC 3.0","42543","4629b1312091c07fd9968069802861a5e47462de4616088963c9065bd825dfe8","42543","4629b1312091c07fd9968069802861a5e47462de4616088963c9065bd825dfe8","1","Combined-model inference over the mixed ACDC and DAWN validation union."
"acdc+dawn_combined_test","annotated_prediction","DAWN","COMBINED","fog","acdc+dawn_combined_test/combined_visual_detections/mist-033.jpg","results/COMBINED/qualitative_detections/DAWN/mist-033.jpg","included_in_repository","DAWN CC BY-NC 3.0","56512","30246dafb707f8f7f1fca26bf134a20ba8eb9a038bd7438eff5a2dc85d5f9ae8","56512","30246dafb707f8f7f1fca26bf134a20ba8eb9a038bd7438eff5a2dc85d5f9ae8","1","Combined-model inference over the mixed ACDC and DAWN validation union."
"acdc+dawn_combined_test","annotated_prediction","DAWN","COMBINED","fog","acdc+dawn_combined_test/combined_visual_detections/mist-034.jpg","results/COMBINED/qualitative_detections/DAWN/mist-034.jpg","included_in_repository","DAWN CC BY-NC 3.0","27561","27d5462131be3abc51db88994bd2e0af0cacefbf6c9e17f0884531fbb2af9d10","27561","27d5462131be3abc51db88994bd2e0af0cacefbf6c9e17f0884531fbb2af9d10","1","Combined-model inference over the mixed ACDC and DAWN validation union."
"acdc+dawn_combined_test","annotated_prediction","DAWN","COMBINED","fog","acdc+dawn_combined_test/combined_visual_detections/mist-035.jpg","results/COMBINED/qualitative_detections/DAWN/mist-035.jpg","included_in_repository","DAWN CC BY-NC 3.0","111972","5f760c99195f9ad5b9ed8f6ac8e19ac58acde74d3fcba3723fa42fd16af7fea1","111972","5f760c99195f9ad5b9ed8f6ac8e19ac58acde74d3fcba3723fa42fd16af7fea1","1","Combined-model inference over the mixed ACDC and DAWN validation union."
"acdc+dawn_combined_test","annotated_prediction","DAWN","COMBINED","fog","acdc+dawn_combined_test/combined_visual_detections/mist-039.jpg","results/COMBINED/qualitative_detections/DAWN/mist-039.jpg","included_in_repository","DAWN CC BY-NC 3.0","38181","a03d6a405949094836a4a48e344c659113362fa28588048b6f505d38ff6a3673","38181","a03d6a405949094836a4a48e344c659113362fa28588048b6f505d38ff6a3673","1","Combined-model inference over the mixed ACDC and DAWN validation union."
"acdc+dawn_combined_test","annotated_prediction","DAWN","COMBINED","fog","acdc+dawn_combined_test/combined_visual_detections/mist-041.jpg","results/COMBINED/qualitative_detections/DAWN/mist-041.jpg","included_in_repository","DAWN CC BY-NC 3.0","67774","bd7a113af6a104beb9072066427850af189d9c170f046ac2384bd8a4abbfd9a7","67774","bd7a113af6a104beb9072066427850af189d9c170f046ac2384bd8a4abbfd9a7","1","Combined-model inference over the mixed ACDC and DAWN validation union."
"acdc+dawn_combined_test","annotated_prediction","DAWN","COMBINED","fog","acdc+dawn_combined_test/combined_visual_detections/mist-042.jpg","results/COMBINED/qualitative_detections/DAWN/mist-042.jpg","included_in_repository","DAWN CC BY-NC 3.0","51123","ecbb3e502f6e6f075e5e7be2b9d3c3c3e423ce957ef1b0886034609ef22c5704","51123","ecbb3e502f6e6f075e5e7be2b9d3c3c3e423ce957ef1b0886034609ef22c5704","1","Combined-model inference over the mixed ACDC and DAWN validation union."
"acdc+dawn_combined_test","annotated_prediction","DAWN","COMBINED","fog","acdc+dawn_combined_test/combined_visual_detections/mist-043.jpg","results/COMBINED/qualitative_detections/DAWN/mist-043.jpg","included_in_repository","DAWN CC BY-NC 3.0","130636","fd32268880c47417b81aefb230dc9fd6c67c42dc81a62d3f6f83422106d8dc7d","130636","fd32268880c47417b81aefb230dc9fd6c67c42dc81a62d3f6f83422106d8dc7d","1","Combined-model inference over the mixed ACDC and DAWN validation union."
"acdc+dawn_combined_test","annotated_prediction","DAWN","COMBINED","fog","acdc+dawn_combined_test/combined_visual_detections/mist-046.jpg","results/COMBINED/qualitative_detections/DAWN/mist-046.jpg","included_in_repository","DAWN CC BY-NC 3.0","33859","c0c5e2e87588efc8fd72f75a04ae751ec000a148238854ad0cc062d5a273c92e","33859","c0c5e2e87588efc8fd72f75a04ae751ec000a148238854ad0cc062d5a273c92e","1","Combined-model inference over the mixed ACDC and DAWN validation union."
"acdc+dawn_combined_test","annotated_prediction","DAWN","COMBINED","fog","acdc+dawn_combined_test/combined_visual_detections/mist-048.jpg","results/COMBINED/qualitative_detections/DAWN/mist-048.jpg","included_in_repository","DAWN CC BY-NC 3.0","21118","ffb94f2a4632d16636d8076de9f6386a320c42547fe77919c414833475e26ee9","21118","ffb94f2a4632d16636d8076de9f6386a320c42547fe77919c414833475e26ee9","1","Combined-model inference over the mixed ACDC and DAWN validation union."
"acdc+dawn_combined_test","annotated_prediction","DAWN","COMBINED","fog","acdc+dawn_combined_test/combined_visual_detections/mist-049.jpg","results/COMBINED/qualitative_detections/DAWN/mist-049.jpg","included_in_repository","DAWN CC BY-NC 3.0","838870","c3e953e8be8d27e2d259b6173140fd34c3747986d90f4c93513ca2eb2e7b394d","838870","c3e953e8be8d27e2d259b6173140fd34c3747986d90f4c93513ca2eb2e7b394d","1","Combined-model inference over the mixed ACDC and DAWN validation union."
"acdc+dawn_combined_test","annotated_prediction","DAWN","COMBINED","fog","acdc+dawn_combined_test/combined_visual_detections/mist-052.jpg","results/COMBINED/qualitative_detections/DAWN/mist-052.jpg","included_in_repository","DAWN CC BY-NC 3.0","22262","935a122ca07bc95f31ab77ce507d0e528e70c5d9093e95db7b934f4d0389683c","22262","935a122ca07bc95f31ab77ce507d0e528e70c5d9093e95db7b934f4d0389683c","1","Combined-model inference over the mixed ACDC and DAWN validation union."
"acdc+dawn_combined_test","annotated_prediction","DAWN","COMBINED","fog","acdc+dawn_combined_test/combined_visual_detections/mist-053.jpg","results/COMBINED/qualitative_detections/DAWN/mist-053.jpg","included_in_repository","DAWN CC BY-NC 3.0","49818","4601a27b3fafe255399e64bf67a5b4d92e1990fa9baaf1518dd83be80902d7d8","49818","4601a27b3fafe255399e64bf67a5b4d92e1990fa9baaf1518dd83be80902d7d8","1","Combined-model inference over the mixed ACDC and DAWN validation union."
"acdc+dawn_combined_test","annotated_prediction","DAWN","COMBINED","fog","acdc+dawn_combined_test/combined_visual_detections/mist-057.jpg","results/COMBINED/qualitative_detections/DAWN/mist-057.jpg","included_in_repository","DAWN CC BY-NC 3.0","22616","4c0e97893edde4e23de7af3a4f9c16187cd818e0cf3050e7e920c6a050bdedc3","22616","4c0e97893edde4e23de7af3a4f9c16187cd818e0cf3050e7e920c6a050bdedc3","1","Combined-model inference over the mixed ACDC and DAWN validation union."
"acdc+dawn_combined_test","annotated_prediction","DAWN","COMBINED","fog","acdc+dawn_combined_test/combined_visual_detections/mist-059.jpg","results/COMBINED/qualitative_detections/DAWN/mist-059.jpg","included_in_repository","DAWN CC BY-NC 3.0","53255","ed10388fdcb18f5526688a92be696d286aa406eec723bb68526191dede032c14","53255","ed10388fdcb18f5526688a92be696d286aa406eec723bb68526191dede032c14","1","Combined-model inference over the mixed ACDC and DAWN validation union."
"acdc+dawn_combined_test","annotated_prediction","DAWN","COMBINED","fog","acdc+dawn_combined_test/combined_visual_detections/mist-061.jpg","results/COMBINED/qualitative_detections/DAWN/mist-061.jpg","included_in_repository","DAWN CC BY-NC 3.0","44355","c6d202332735cb41d368bf54d783135dbbf5a9a1d97c10a3587a4567543f9e06","44355","c6d202332735cb41d368bf54d783135dbbf5a9a1d97c10a3587a4567543f9e06","1","Combined-model inference over the mixed ACDC and DAWN validation union."
"acdc+dawn_combined_test","annotated_prediction","DAWN","COMBINED","fog","acdc+dawn_combined_test/combined_visual_detections/mist-062.jpg","results/COMBINED/qualitative_detections/DAWN/mist-062.jpg","included_in_repository","DAWN CC BY-NC 3.0","41766","8670c1c9177135c6cfa4f5ec5c70a9cc8a6a12682ee8ff04114ef52940ea522b","41766","8670c1c9177135c6cfa4f5ec5c70a9cc8a6a12682ee8ff04114ef52940ea522b","1","Combined-model inference over the mixed ACDC and DAWN validation union."
"acdc+dawn_combined_test","annotated_prediction","DAWN","COMBINED","fog","acdc+dawn_combined_test/combined_visual_detections/mist-063.jpg","results/COMBINED/qualitative_detections/DAWN/mist-063.jpg","included_in_repository","DAWN CC BY-NC 3.0","35270","b708f65b29d82fec86c06918cbfc3bd65b1d9b5a9a0672edbc11f1458a6bc3c4","35270","b708f65b29d82fec86c06918cbfc3bd65b1d9b5a9a0672edbc11f1458a6bc3c4","1","Combined-model inference over the mixed ACDC and DAWN validation union."
"acdc+dawn_combined_test","annotated_prediction","DAWN","COMBINED","fog","acdc+dawn_combined_test/combined_visual_detections/mist-064.jpg","results/COMBINED/qualitative_detections/DAWN/mist-064.jpg","included_in_repository","DAWN CC BY-NC 3.0","112521","152ef8638f8aba529765c26c172a4a14897a386ae0e1e85fc30b5f26a091f23a","112521","152ef8638f8aba529765c26c172a4a14897a386ae0e1e85fc30b5f26a091f23a","1","Combined-model inference over the mixed ACDC and DAWN validation union."
"acdc+dawn_combined_test","annotated_prediction","DAWN","COMBINED","fog","acdc+dawn_combined_test/combined_visual_detections/mist-067.jpg","results/COMBINED/qualitative_detections/DAWN/mist-067.jpg","included_in_repository","DAWN CC BY-NC 3.0","72556","e50b28a64db52ee2d32968daf824766f9fb9c9d8b7f3016b009c81fce385458d","72556","e50b28a64db52ee2d32968daf824766f9fb9c9d8b7f3016b009c81fce385458d","1","Combined-model inference over the mixed ACDC and DAWN validation union."
"acdc+dawn_combined_test","annotated_prediction","DAWN","COMBINED","fog","acdc+dawn_combined_test/combined_visual_detections/mist-068.jpg","results/COMBINED/qualitative_detections/DAWN/mist-068.jpg","included_in_repository","DAWN CC BY-NC 3.0","149843","601203d666153826d66323d3a5e8ae84cf256cab8fec75fed22552ee0d8ff610","149843","601203d666153826d66323d3a5e8ae84cf256cab8fec75fed22552ee0d8ff610","1","Combined-model inference over the mixed ACDC and DAWN validation union."
"acdc+dawn_combined_test","annotated_prediction","DAWN","COMBINED","fog","acdc+dawn_combined_test/combined_visual_detections/mist-071.jpg","results/COMBINED/qualitative_detections/DAWN/mist-071.jpg","included_in_repository","DAWN CC BY-NC 3.0","267829","fab090c73a896d54a420caa0d89f5caec7ca10d2af2e9703dd0bbd69dfbcd30f","267829","fab090c73a896d54a420caa0d89f5caec7ca10d2af2e9703dd0bbd69dfbcd30f","1","Combined-model inference over the mixed ACDC and DAWN validation union."
"acdc+dawn_combined_test","annotated_prediction","DAWN","COMBINED","fog","acdc+dawn_combined_test/combined_visual_detections/mist-072.jpg","results/COMBINED/qualitative_detections/DAWN/mist-072.jpg","included_in_repository","DAWN CC BY-NC 3.0","61611","0bed65879f3a382162fea1670cfd5fe0fae040c041a4d9000186cfea37d0f0a8","61611","0bed65879f3a382162fea1670cfd5fe0fae040c041a4d9000186cfea37d0f0a8","1","Combined-model inference over the mixed ACDC and DAWN validation union."
"acdc+dawn_combined_test","annotated_prediction","DAWN","COMBINED","fog","acdc+dawn_combined_test/combined_visual_detections/mist-074.jpg","results/COMBINED/qualitative_detections/DAWN/mist-074.jpg","included_in_repository","DAWN CC BY-NC 3.0","18950","cc8ec47f9863098ebb9aeb78a332c237e8e1e3b9cd8aa2f4652b5475f64a538b","18950","cc8ec47f9863098ebb9aeb78a332c237e8e1e3b9cd8aa2f4652b5475f64a538b","1","Combined-model inference over the mixed ACDC and DAWN validation union."
"acdc+dawn_combined_test","annotated_prediction","DAWN","COMBINED","fog","acdc+dawn_combined_test/combined_visual_detections/mist-075.jpg","results/COMBINED/qualitative_detections/DAWN/mist-075.jpg","included_in_repository","DAWN CC BY-NC 3.0","64077","ff900d1dcaa38a7479c44672703a61a5abdfafe3cb6c71b7b53536d677085a64","64077","ff900d1dcaa38a7479c44672703a61a5abdfafe3cb6c71b7b53536d677085a64","1","Combined-model inference over the mixed ACDC and DAWN validation union."
"acdc+dawn_combined_test","annotated_prediction","DAWN","COMBINED","fog","acdc+dawn_combined_test/combined_visual_detections/mist-080.jpg","results/COMBINED/qualitative_detections/DAWN/mist-080.jpg","included_in_repository","DAWN CC BY-NC 3.0","25196","bf29ba4926c7abf6ea3b1598a53d3a9817b7b6d68124a223f2cf6c566ba441b3","25196","bf29ba4926c7abf6ea3b1598a53d3a9817b7b6d68124a223f2cf6c566ba441b3","1","Combined-model inference over the mixed ACDC and DAWN validation union."
"acdc+dawn_combined_test","annotated_prediction","DAWN","COMBINED","fog","acdc+dawn_combined_test/combined_visual_detections/mist-084.jpg","results/COMBINED/qualitative_detections/DAWN/mist-084.jpg","included_in_repository","DAWN CC BY-NC 3.0","31584","a02926a87cbe6041f4ae2a645de046524fec0c08535b5e0d5cd74a18091b84ab","31584","a02926a87cbe6041f4ae2a645de046524fec0c08535b5e0d5cd74a18091b84ab","1","Combined-model inference over the mixed ACDC and DAWN validation union."
"acdc+dawn_combined_test","annotated_prediction","DAWN","COMBINED","fog","acdc+dawn_combined_test/combined_visual_detections/mist-088.jpg","results/COMBINED/qualitative_detections/DAWN/mist-088.jpg","included_in_repository","DAWN CC BY-NC 3.0","25065","28a9ff55de8f2d2ac8e85a89fba163eb129c41e7818540771c8d7ca6a2de91e5","25065","28a9ff55de8f2d2ac8e85a89fba163eb129c41e7818540771c8d7ca6a2de91e5","1","Combined-model inference over the mixed ACDC and DAWN validation union."
"acdc+dawn_combined_test","annotated_prediction","DAWN","COMBINED","fog","acdc+dawn_combined_test/combined_visual_detections/mist-098.jpg","results/COMBINED/qualitative_detections/DAWN/mist-098.jpg","included_in_repository","DAWN CC BY-NC 3.0","53110","f1ffff616b9e11487be3f1636bb150f7ed17b648395745c95bb3a0c23bb9ba23","53110","f1ffff616b9e11487be3f1636bb150f7ed17b648395745c95bb3a0c23bb9ba23","1","Combined-model inference over the mixed ACDC and DAWN validation union."
"acdc+dawn_combined_test","annotated_prediction","DAWN","COMBINED","fog","acdc+dawn_combined_test/combined_visual_detections/mist-101.jpg","results/COMBINED/qualitative_detections/DAWN/mist-101.jpg","included_in_repository","DAWN CC BY-NC 3.0","572422","dd6bd687efced3baf1dc30029e54637ff75ada4f9db75d875fd5e3e008280160","572422","dd6bd687efced3baf1dc30029e54637ff75ada4f9db75d875fd5e3e008280160","1","Combined-model inference over the mixed ACDC and DAWN validation union."
"acdc+dawn_combined_test","annotated_prediction","DAWN","COMBINED","fog","acdc+dawn_combined_test/combined_visual_detections/mist-105.jpg","results/COMBINED/qualitative_detections/DAWN/mist-105.jpg","included_in_repository","DAWN CC BY-NC 3.0","64421","c9a6b309d7d92c69e4bbe9e15195a4b233fff3bbc404ea0e7cb4837fb5c964dc","64421","c9a6b309d7d92c69e4bbe9e15195a4b233fff3bbc404ea0e7cb4837fb5c964dc","1","Combined-model inference over the mixed ACDC and DAWN validation union."
"acdc+dawn_combined_test","annotated_prediction","DAWN","COMBINED","fog","acdc+dawn_combined_test/combined_visual_detections/mist-109.jpg","results/COMBINED/qualitative_detections/DAWN/mist-109.jpg","included_in_repository","DAWN CC BY-NC 3.0","63906","6f726e05df9141fcbed739c0e46248da4d444547dcecefcd432d7983fd91edf1","63906","6f726e05df9141fcbed739c0e46248da4d444547dcecefcd432d7983fd91edf1","1","Combined-model inference over the mixed ACDC and DAWN validation union."
"acdc+dawn_combined_test","annotated_prediction","DAWN","COMBINED","fog","acdc+dawn_combined_test/combined_visual_detections/mist-110.jpg","results/COMBINED/qualitative_detections/DAWN/mist-110.jpg","included_in_repository","DAWN CC BY-NC 3.0","52707","cc80044bfbc16b3e8f14343519766a0f7d9b052659b5dedf3d7cc4e54ff2e36c","52707","cc80044bfbc16b3e8f14343519766a0f7d9b052659b5dedf3d7cc4e54ff2e36c","1","Combined-model inference over the mixed ACDC and DAWN validation union."
"acdc+dawn_combined_test","annotated_prediction","DAWN","COMBINED","fog","acdc+dawn_combined_test/combined_visual_detections/mist-111.jpg","results/COMBINED/qualitative_detections/DAWN/mist-111.jpg","included_in_repository","DAWN CC BY-NC 3.0","30013","3f37fcc375e19403325df3439db80aca1cc45aa805b7673f456ac22618f46c73","30013","3f37fcc375e19403325df3439db80aca1cc45aa805b7673f456ac22618f46c73","1","Combined-model inference over the mixed ACDC and DAWN validation union."
"acdc+dawn_combined_test","annotated_prediction","DAWN","COMBINED","fog","acdc+dawn_combined_test/combined_visual_detections/mist-114.jpg","results/COMBINED/qualitative_detections/DAWN/mist-114.jpg","included_in_repository","DAWN CC BY-NC 3.0","147436","1c5f4717f2c80c504f40171d3b2db3eba01fe9a54d9a94d8230d904ce08047d8","147436","1c5f4717f2c80c504f40171d3b2db3eba01fe9a54d9a94d8230d904ce08047d8","1","Combined-model inference over the mixed ACDC and DAWN validation union."
"acdc+dawn_combined_test","annotated_prediction","DAWN","COMBINED","fog","acdc+dawn_combined_test/combined_visual_detections/mist-115.jpg","results/COMBINED/qualitative_detections/DAWN/mist-115.jpg","included_in_repository","DAWN CC BY-NC 3.0","195161","e766c1474bbadc3608abb117c5f6644c72044a6ca6266d9f8bc488451153ad8d","195161","e766c1474bbadc3608abb117c5f6644c72044a6ca6266d9f8bc488451153ad8d","1","Combined-model inference over the mixed ACDC and DAWN validation union."
"acdc+dawn_combined_test","annotated_prediction","DAWN","COMBINED","fog","acdc+dawn_combined_test/combined_visual_detections/mist-117.jpg","results/COMBINED/qualitative_detections/DAWN/mist-117.jpg","included_in_repository","DAWN CC BY-NC 3.0","401388","b56558c93c0fb2399e0c904e936155c4679bda5cd78fbe0e0029b7c40c263813","401388","b56558c93c0fb2399e0c904e936155c4679bda5cd78fbe0e0029b7c40c263813","1","Combined-model inference over the mixed ACDC and DAWN validation union."
"acdc+dawn_combined_test","annotated_prediction","DAWN","COMBINED","fog","acdc+dawn_combined_test/combined_visual_detections/mist-119.jpg","results/COMBINED/qualitative_detections/DAWN/mist-119.jpg","included_in_repository","DAWN CC BY-NC 3.0","200290","4baf7450ae59aebfde7f28e968fb28be282aee263e5bc66fe11806724c4a0f2d","200290","4baf7450ae59aebfde7f28e968fb28be282aee263e5bc66fe11806724c4a0f2d","1","Combined-model inference over the mixed ACDC and DAWN validation union."
"acdc+dawn_combined_test","annotated_prediction","DAWN","COMBINED","fog","acdc+dawn_combined_test/combined_visual_detections/mist-120.jpg","results/COMBINED/qualitative_detections/DAWN/mist-120.jpg","included_in_repository","DAWN CC BY-NC 3.0","77732","b8d56992b5d93de21d005783467ecc8d9dd6676b5892b0c8ceb9a4f42ee3e21b","77732","b8d56992b5d93de21d005783467ecc8d9dd6676b5892b0c8ceb9a4f42ee3e21b","1","Combined-model inference over the mixed ACDC and DAWN validation union."
"acdc+dawn_combined_test","annotated_prediction","DAWN","COMBINED","fog","acdc+dawn_combined_test/combined_visual_detections/mist-121.jpg","results/COMBINED/qualitative_detections/DAWN/mist-121.jpg","included_in_repository","DAWN CC BY-NC 3.0","221154","8295e09dc47a8c6b8568a7d8814e54a4546a587dc6dbe17f3b808eb09dc385a2","221154","8295e09dc47a8c6b8568a7d8814e54a4546a587dc6dbe17f3b808eb09dc385a2","1","Combined-model inference over the mixed ACDC and DAWN validation union."
"acdc+dawn_combined_test","annotated_prediction","DAWN","COMBINED","fog","acdc+dawn_combined_test/combined_visual_detections/mist-122.jpg","results/COMBINED/qualitative_detections/DAWN/mist-122.jpg","included_in_repository","DAWN CC BY-NC 3.0","219688","9989618a0198168ae5027a1ccc552a5a8b9214fe02627cea3dc7dcdeb889e95f","219688","9989618a0198168ae5027a1ccc552a5a8b9214fe02627cea3dc7dcdeb889e95f","1","Combined-model inference over the mixed ACDC and DAWN validation union."
"acdc+dawn_combined_test","annotated_prediction","DAWN","COMBINED","fog","acdc+dawn_combined_test/combined_visual_detections/mist-123.jpg","results/COMBINED/qualitative_detections/DAWN/mist-123.jpg","included_in_repository","DAWN CC BY-NC 3.0","78471","96809cb08ae7d2005850ab529af00ed731770c89d0e7c1d87dba7f05fa23e6c8","78471","96809cb08ae7d2005850ab529af00ed731770c89d0e7c1d87dba7f05fa23e6c8","1","Combined-model inference over the mixed ACDC and DAWN validation union."
"acdc+dawn_combined_test","annotated_prediction","DAWN","COMBINED","fog","acdc+dawn_combined_test/combined_visual_detections/mist-124.jpg","results/COMBINED/qualitative_detections/DAWN/mist-124.jpg","included_in_repository","DAWN CC BY-NC 3.0","158701","3234a6e4a00d97343893c4bccaa30c2921bc596c9bd422e4c8807bf68bd09d8e","158701","3234a6e4a00d97343893c4bccaa30c2921bc596c9bd422e4c8807bf68bd09d8e","1","Combined-model inference over the mixed ACDC and DAWN validation union."
"acdc+dawn_combined_test","annotated_prediction","DAWN","COMBINED","fog","acdc+dawn_combined_test/combined_visual_detections/mist-133.jpg","results/COMBINED/qualitative_detections/DAWN/mist-133.jpg","included_in_repository","DAWN CC BY-NC 3.0","23536","c1de202441a7c4f9eb4de188ac0ca442f8fc990d2c587d964fca15f46f5b6247","23536","c1de202441a7c4f9eb4de188ac0ca442f8fc990d2c587d964fca15f46f5b6247","1","Combined-model inference over the mixed ACDC and DAWN validation union."
"acdc+dawn_combined_test","annotated_prediction","DAWN","COMBINED","fog","acdc+dawn_combined_test/combined_visual_detections/mist-137.jpg","results/COMBINED/qualitative_detections/DAWN/mist-137.jpg","included_in_repository","DAWN CC BY-NC 3.0","28605","f8d52de830e3fc6ef5aac5fa9f54bfa23280d4bfcbe4a3feb7662a1310997212","28605","f8d52de830e3fc6ef5aac5fa9f54bfa23280d4bfcbe4a3feb7662a1310997212","1","Combined-model inference over the mixed ACDC and DAWN validation union."
"acdc+dawn_combined_test","annotated_prediction","DAWN","COMBINED","fog","acdc+dawn_combined_test/combined_visual_detections/mist-138.jpg","results/COMBINED/qualitative_detections/DAWN/mist-138.jpg","included_in_repository","DAWN CC BY-NC 3.0","41167","0e1430a303ff8688d899383b40ab496d39c6ac90bb9d3644c4f22045c8d09ad9","41167","0e1430a303ff8688d899383b40ab496d39c6ac90bb9d3644c4f22045c8d09ad9","1","Combined-model inference over the mixed ACDC and DAWN validation union."
"acdc+dawn_combined_test","annotated_prediction","DAWN","COMBINED","fog","acdc+dawn_combined_test/combined_visual_detections/mist-140.jpg","results/COMBINED/qualitative_detections/DAWN/mist-140.jpg","included_in_repository","DAWN CC BY-NC 3.0","17170","cd53df99cd99d2c5819e6265eda476a6979d0907e5becfda5d27a79aeeefc3ad","17170","cd53df99cd99d2c5819e6265eda476a6979d0907e5becfda5d27a79aeeefc3ad","1","Combined-model inference over the mixed ACDC and DAWN validation union."
"acdc+dawn_combined_test","annotated_prediction","DAWN","COMBINED","fog","acdc+dawn_combined_test/combined_visual_detections/mist-141.jpg","results/COMBINED/qualitative_detections/DAWN/mist-141.jpg","included_in_repository","DAWN CC BY-NC 3.0","14131","f6f06aea9a45b335ea0ed52f74bbfff17fa3de1dbc72387e526ca28f785de81a","14131","f6f06aea9a45b335ea0ed52f74bbfff17fa3de1dbc72387e526ca28f785de81a","1","Combined-model inference over the mixed ACDC and DAWN validation union."
"acdc+dawn_combined_test","annotated_prediction","DAWN","COMBINED","fog","acdc+dawn_combined_test/combined_visual_detections/mist-142.jpg","results/COMBINED/qualitative_detections/DAWN/mist-142.jpg","included_in_repository","DAWN CC BY-NC 3.0","13719","a2909eb7d0f091385c59ed6e9ea27136779fc5ee509cfa5c5342473a3352dfd1","13719","a2909eb7d0f091385c59ed6e9ea27136779fc5ee509cfa5c5342473a3352dfd1","1","Combined-model inference over the mixed ACDC and DAWN validation union."
"acdc+dawn_combined_test","annotated_prediction","DAWN","COMBINED","fog","acdc+dawn_combined_test/combined_visual_detections/mist-143.jpg","results/COMBINED/qualitative_detections/DAWN/mist-143.jpg","included_in_repository","DAWN CC BY-NC 3.0","137522","c353976f3dfd4df29d4f3d24d85bd4bd07f1fc2e56c6f4f55cbb069477706bc8","137522","c353976f3dfd4df29d4f3d24d85bd4bd07f1fc2e56c6f4f55cbb069477706bc8","1","Combined-model inference over the mixed ACDC and DAWN validation union."
"acdc+dawn_combined_test","annotated_prediction","DAWN","COMBINED","fog","acdc+dawn_combined_test/combined_visual_detections/mist-145.jpg","results/COMBINED/qualitative_detections/DAWN/mist-145.jpg","included_in_repository","DAWN CC BY-NC 3.0","9303","bdd5dab9c24094b215b545a001cefa38fa36e6ce7d048cc4d1344ecbf79d6b07","9303","bdd5dab9c24094b215b545a001cefa38fa36e6ce7d048cc4d1344ecbf79d6b07","1","Combined-model inference over the mixed ACDC and DAWN validation union."
"acdc+dawn_combined_test","annotated_prediction","DAWN","COMBINED","fog","acdc+dawn_combined_test/combined_visual_detections/mist-147.jpg","results/COMBINED/qualitative_detections/DAWN/mist-147.jpg","included_in_repository","DAWN CC BY-NC 3.0","66580","a86154efb835148ce92edd3b927039e845422c029edc0dd57b88eca982728e0a","66580","a86154efb835148ce92edd3b927039e845422c029edc0dd57b88eca982728e0a","1","Combined-model inference over the mixed ACDC and DAWN validation union."
"acdc+dawn_combined_test","annotated_prediction","DAWN","COMBINED","fog","acdc+dawn_combined_test/combined_visual_detections/mist-148.jpg","results/COMBINED/qualitative_detections/DAWN/mist-148.jpg","included_in_repository","DAWN CC BY-NC 3.0","31962","caeb2c1fa89a7d287fbe698e746a1457822cadbecf1219b8e2fbeade27eedb19","31962","caeb2c1fa89a7d287fbe698e746a1457822cadbecf1219b8e2fbeade27eedb19","1","Combined-model inference over the mixed ACDC and DAWN validation union."
"acdc+dawn_combined_test","annotated_prediction","DAWN","COMBINED","fog","acdc+dawn_combined_test/combined_visual_detections/mist-149.jpg","results/COMBINED/qualitative_detections/DAWN/mist-149.jpg","included_in_repository","DAWN CC BY-NC 3.0","33265","a4be9629b61d954f238442b26bef19f8bbb4505a0299e887888649f2012ea1a5","33265","a4be9629b61d954f238442b26bef19f8bbb4505a0299e887888649f2012ea1a5","1","Combined-model inference over the mixed ACDC and DAWN validation union."
"acdc+dawn_combined_test","annotated_prediction","DAWN","COMBINED","fog","acdc+dawn_combined_test/combined_visual_detections/mist-150.jpg","results/COMBINED/qualitative_detections/DAWN/mist-150.jpg","included_in_repository","DAWN CC BY-NC 3.0","126373","4b56db0a2255411af7a239b8a299c1991ef3272bff5d5fe93015443fda75d53f","126373","4b56db0a2255411af7a239b8a299c1991ef3272bff5d5fe93015443fda75d53f","1","Combined-model inference over the mixed ACDC and DAWN validation union."
"acdc+dawn_combined_test","annotated_prediction","DAWN","COMBINED","fog","acdc+dawn_combined_test/combined_visual_detections/mist-152.jpg","results/COMBINED/qualitative_detections/DAWN/mist-152.jpg","included_in_repository","DAWN CC BY-NC 3.0","83048","5471be2d7b2437176e411531f5327f35d81d84149a1bef2eb97ecc420df978e8","83048","5471be2d7b2437176e411531f5327f35d81d84149a1bef2eb97ecc420df978e8","1","Combined-model inference over the mixed ACDC and DAWN validation union."
"acdc+dawn_combined_test","annotated_prediction","DAWN","COMBINED","fog","acdc+dawn_combined_test/combined_visual_detections/mist-158.jpg","results/COMBINED/qualitative_detections/DAWN/mist-158.jpg","included_in_repository","DAWN CC BY-NC 3.0","65782","792fe24386b802ca27a882890cefe201aa65f6ba0c51a839b71126876b46556f","65782","792fe24386b802ca27a882890cefe201aa65f6ba0c51a839b71126876b46556f","1","Combined-model inference over the mixed ACDC and DAWN validation union."
"acdc+dawn_combined_test","annotated_prediction","DAWN","COMBINED","fog","acdc+dawn_combined_test/combined_visual_detections/mist-161.jpg","results/COMBINED/qualitative_detections/DAWN/mist-161.jpg","included_in_repository","DAWN CC BY-NC 3.0","179639","e3e943d70052aa1114e47d77eaf0699fba01223dd529cb9b514f54e4d56a3cb0","179639","e3e943d70052aa1114e47d77eaf0699fba01223dd529cb9b514f54e4d56a3cb0","1","Combined-model inference over the mixed ACDC and DAWN validation union."
"acdc+dawn_combined_test","annotated_prediction","DAWN","COMBINED","fog","acdc+dawn_combined_test/combined_visual_detections/mist-163.jpg","results/COMBINED/qualitative_detections/DAWN/mist-163.jpg","included_in_repository","DAWN CC BY-NC 3.0","42635","57389c81949ab1a0b01b8a758a03e180abdd8a61af02e35d1a4d809322e6eac9","42635","57389c81949ab1a0b01b8a758a03e180abdd8a61af02e35d1a4d809322e6eac9","1","Combined-model inference over the mixed ACDC and DAWN validation union."
"acdc+dawn_combined_test","annotated_prediction","DAWN","COMBINED","fog","acdc+dawn_combined_test/combined_visual_detections/mist-168.jpg","results/COMBINED/qualitative_detections/DAWN/mist-168.jpg","included_in_repository","DAWN CC BY-NC 3.0","461210","07a3b8c239b3ea583fb94d2157920611c9bd718824091b1f0ef876d51ef4e182","461210","07a3b8c239b3ea583fb94d2157920611c9bd718824091b1f0ef876d51ef4e182","1","Combined-model inference over the mixed ACDC and DAWN validation union."
"acdc+dawn_combined_test","annotated_prediction","DAWN","COMBINED","fog","acdc+dawn_combined_test/combined_visual_detections/mist-176.jpg","results/COMBINED/qualitative_detections/DAWN/mist-176.jpg","included_in_repository","DAWN CC BY-NC 3.0","441472","1a789eaa324b6d5dda4bc748bcc1df2ab1d7a9a22ce5f94639f6baed68c8dd32","441472","1a789eaa324b6d5dda4bc748bcc1df2ab1d7a9a22ce5f94639f6baed68c8dd32","1","Combined-model inference over the mixed ACDC and DAWN validation union."
"acdc+dawn_combined_test","annotated_prediction","DAWN","COMBINED","fog","acdc+dawn_combined_test/combined_visual_detections/mist-180.jpg","results/COMBINED/qualitative_detections/DAWN/mist-180.jpg","included_in_repository","DAWN CC BY-NC 3.0","83433","8944412b5687aca6d61144498045bbafb1d5c56adcc5489d1c7b33c001332514","83433","8944412b5687aca6d61144498045bbafb1d5c56adcc5489d1c7b33c001332514","1","Combined-model inference over the mixed ACDC and DAWN validation union."
"acdc+dawn_combined_test","annotated_prediction","DAWN","COMBINED","fog","acdc+dawn_combined_test/combined_visual_detections/mist-189.jpg","results/COMBINED/qualitative_detections/DAWN/mist-189.jpg","included_in_repository","DAWN CC BY-NC 3.0","31801","cb1bb120bdf2e456bbeb8361c7f3f2f3c73ef49940f12f5c23a0a9f076b664e8","31801","cb1bb120bdf2e456bbeb8361c7f3f2f3c73ef49940f12f5c23a0a9f076b664e8","1","Combined-model inference over the mixed ACDC and DAWN validation union."
"acdc+dawn_combined_test","annotated_prediction","DAWN","COMBINED","fog","acdc+dawn_combined_test/combined_visual_detections/mist-190.jpg","results/COMBINED/qualitative_detections/DAWN/mist-190.jpg","included_in_repository","DAWN CC BY-NC 3.0","49500","1abe34c97167867f7a2efa8a5e3ebf9f5b80d8b7fa138d74fc3c360923b355a4","49500","1abe34c97167867f7a2efa8a5e3ebf9f5b80d8b7fa138d74fc3c360923b355a4","1","Combined-model inference over the mixed ACDC and DAWN validation union."
"acdc+dawn_combined_test","annotated_prediction","DAWN","COMBINED","fog","acdc+dawn_combined_test/combined_visual_detections/mist-922.jpg","results/COMBINED/qualitative_detections/DAWN/mist-922.jpg","included_in_repository","DAWN CC BY-NC 3.0","118953","d6925f9a616247a55ce6a859aa0426c986e23f8ffbe9b052a6c06b47999c01e4","118953","d6925f9a616247a55ce6a859aa0426c986e23f8ffbe9b052a6c06b47999c01e4","1","Combined-model inference over the mixed ACDC and DAWN validation union."
"acdc+dawn_combined_test","annotated_prediction","DAWN","COMBINED","fog","acdc+dawn_combined_test/combined_visual_detections/mist-938.jpg","results/COMBINED/qualitative_detections/DAWN/mist-938.jpg","included_in_repository","DAWN CC BY-NC 3.0","104787","e752609be284d4b6c39fc0593edf204f866ac983d75beedeb6af67bd2efd0130","104787","e752609be284d4b6c39fc0593edf204f866ac983d75beedeb6af67bd2efd0130","1","Combined-model inference over the mixed ACDC and DAWN validation union."
"acdc+dawn_combined_test","annotated_prediction","DAWN","COMBINED","fog","acdc+dawn_combined_test/combined_visual_detections/mist-955.jpg","results/COMBINED/qualitative_detections/DAWN/mist-955.jpg","included_in_repository","DAWN CC BY-NC 3.0","186216","4c2c471f703c78c0f37623bc9f4396d298bd386c50847efe21b405a3e4bc2db1","186216","4c2c471f703c78c0f37623bc9f4396d298bd386c50847efe21b405a3e4bc2db1","1","Combined-model inference over the mixed ACDC and DAWN validation union."
"acdc+dawn_combined_test","annotated_prediction","DAWN","COMBINED","fog","acdc+dawn_combined_test/combined_visual_detections/mist-966.jpg","results/COMBINED/qualitative_detections/DAWN/mist-966.jpg","included_in_repository","DAWN CC BY-NC 3.0","153379","d6c00ebd298cde1f7d539c738f366a10fba64b96963daa0e77b8821d764f3da9","153379","d6c00ebd298cde1f7d539c738f366a10fba64b96963daa0e77b8821d764f3da9","1","Combined-model inference over the mixed ACDC and DAWN validation union."
"acdc+dawn_combined_test","annotated_prediction","DAWN","COMBINED","fog","acdc+dawn_combined_test/combined_visual_detections/mist-971.jpg","results/COMBINED/qualitative_detections/DAWN/mist-971.jpg","included_in_repository","DAWN CC BY-NC 3.0","75838","ca4cec63ec6f9cc679c44d7220143e28c5ad11abf281616ff29eb4be972c6c3b","75838","ca4cec63ec6f9cc679c44d7220143e28c5ad11abf281616ff29eb4be972c6c3b","1","Combined-model inference over the mixed ACDC and DAWN validation union."
"acdc+dawn_combined_test","annotated_prediction","DAWN","COMBINED","rain","acdc+dawn_combined_test/combined_visual_detections/rain_storm-667.jpg","results/COMBINED/qualitative_detections/DAWN/rain_storm-667.jpg","included_in_repository","DAWN CC BY-NC 3.0","57598","1d183fbf1e30e734eacc074be22619708a235a118de78e78e507e53b7d95127b","57598","1d183fbf1e30e734eacc074be22619708a235a118de78e78e507e53b7d95127b","1","Combined-model inference over the mixed ACDC and DAWN validation union."
"acdc+dawn_combined_test","annotated_prediction","DAWN","COMBINED","rain","acdc+dawn_combined_test/combined_visual_detections/rain_storm-676.jpg","results/COMBINED/qualitative_detections/DAWN/rain_storm-676.jpg","included_in_repository","DAWN CC BY-NC 3.0","90274","cfb921bae7d7a152313288631f4c0186699e481cb3c1ff353c767e59450bf5d7","90274","cfb921bae7d7a152313288631f4c0186699e481cb3c1ff353c767e59450bf5d7","1","Combined-model inference over the mixed ACDC and DAWN validation union."
"acdc+dawn_combined_test","annotated_prediction","DAWN","COMBINED","rain","acdc+dawn_combined_test/combined_visual_detections/rain_storm-681.jpg","results/COMBINED/qualitative_detections/DAWN/rain_storm-681.jpg","included_in_repository","DAWN CC BY-NC 3.0","61734","f8aef3f2781e527944d66fe62017bb04c48cba46d74c16e394ec06b27abfcaba","61734","f8aef3f2781e527944d66fe62017bb04c48cba46d74c16e394ec06b27abfcaba","1","Combined-model inference over the mixed ACDC and DAWN validation union."
"acdc+dawn_combined_test","annotated_prediction","DAWN","COMBINED","rain","acdc+dawn_combined_test/combined_visual_detections/rain_storm-685.jpg","results/COMBINED/qualitative_detections/DAWN/rain_storm-685.jpg","included_in_repository","DAWN CC BY-NC 3.0","279369","3807ae592d13ed72b762f787d243d9e0de1fce3b5a39c488dff0b3a66a3aaa73","279369","3807ae592d13ed72b762f787d243d9e0de1fce3b5a39c488dff0b3a66a3aaa73","1","Combined-model inference over the mixed ACDC and DAWN validation union."
"acdc+dawn_combined_test","annotated_prediction","DAWN","COMBINED","rain","acdc+dawn_combined_test/combined_visual_detections/rain_storm-688.jpg","results/COMBINED/qualitative_detections/DAWN/rain_storm-688.jpg","included_in_repository","DAWN CC BY-NC 3.0","268226","6cfe73fc5445e05afe25d2035d429a3924beed9664042a2cd763d151b70483ce","268226","6cfe73fc5445e05afe25d2035d429a3924beed9664042a2cd763d151b70483ce","1","Combined-model inference over the mixed ACDC and DAWN validation union."
"acdc+dawn_combined_test","annotated_prediction","DAWN","COMBINED","rain","acdc+dawn_combined_test/combined_visual_detections/rain_storm-692.jpg","results/COMBINED/qualitative_detections/DAWN/rain_storm-692.jpg","included_in_repository","DAWN CC BY-NC 3.0","205514","4caacb6b4b5d29777cf32dfb6c556f639b6cee4a55fd5e9fe845a371e6ad7959","205514","4caacb6b4b5d29777cf32dfb6c556f639b6cee4a55fd5e9fe845a371e6ad7959","1","Combined-model inference over the mixed ACDC and DAWN validation union."
"acdc+dawn_combined_test","annotated_prediction","DAWN","COMBINED","rain","acdc+dawn_combined_test/combined_visual_detections/rain_storm-696.jpg","results/COMBINED/qualitative_detections/DAWN/rain_storm-696.jpg","included_in_repository","DAWN CC BY-NC 3.0","244216","8fce3e1117412b84299529c3590362ca55465c69b0fc113d0877e4f014a7ee22","244216","8fce3e1117412b84299529c3590362ca55465c69b0fc113d0877e4f014a7ee22","1","Combined-model inference over the mixed ACDC and DAWN validation union."
"acdc+dawn_combined_test","annotated_prediction","DAWN","COMBINED","rain","acdc+dawn_combined_test/combined_visual_detections/rain_storm-700.jpg","results/COMBINED/qualitative_detections/DAWN/rain_storm-700.jpg","included_in_repository","DAWN CC BY-NC 3.0","185288","6799ccd04fbba3734e877cb1c3e99efa6d53f9360a8b041b48d09e8b41652e8c","185288","6799ccd04fbba3734e877cb1c3e99efa6d53f9360a8b041b48d09e8b41652e8c","1","Combined-model inference over the mixed ACDC and DAWN validation union."
"acdc+dawn_combined_test","annotated_prediction","DAWN","COMBINED","rain","acdc+dawn_combined_test/combined_visual_detections/rain_storm-704.jpg","results/COMBINED/qualitative_detections/DAWN/rain_storm-704.jpg","included_in_repository","DAWN CC BY-NC 3.0","252663","772ecbd2db27d65b908a8fefc084731e291f39959ce3a2e22703ab3be6996a0d","252663","772ecbd2db27d65b908a8fefc084731e291f39959ce3a2e22703ab3be6996a0d","1","Combined-model inference over the mixed ACDC and DAWN validation union."
"acdc+dawn_combined_test","annotated_prediction","DAWN","COMBINED","rain","acdc+dawn_combined_test/combined_visual_detections/rain_storm-708.jpg","results/COMBINED/qualitative_detections/DAWN/rain_storm-708.jpg","included_in_repository","DAWN CC BY-NC 3.0","280358","6492ded7d3289c6fb01ef9903fb4f8294e995ca7d4130bd252df6f66a18c040b","280358","6492ded7d3289c6fb01ef9903fb4f8294e995ca7d4130bd252df6f66a18c040b","1","Combined-model inference over the mixed ACDC and DAWN validation union."
"acdc+dawn_combined_test","annotated_prediction","DAWN","COMBINED","rain","acdc+dawn_combined_test/combined_visual_detections/rain_storm-712.jpg","results/COMBINED/qualitative_detections/DAWN/rain_storm-712.jpg","included_in_repository","DAWN CC BY-NC 3.0","188834","86b643876d520242023d8e3be413cf8e401eb4e2942d0858b068ae293d3f11e0","188834","86b643876d520242023d8e3be413cf8e401eb4e2942d0858b068ae293d3f11e0","1","Combined-model inference over the mixed ACDC and DAWN validation union."
"acdc+dawn_combined_test","annotated_prediction","DAWN","COMBINED","rain","acdc+dawn_combined_test/combined_visual_detections/rain_storm-720.jpg","results/COMBINED/qualitative_detections/DAWN/rain_storm-720.jpg","included_in_repository","DAWN CC BY-NC 3.0","226823","9a3b621ddc4d38bcdb8ab7b39e957c626a58e97665bfc8cb792a672b06e6d023","226823","9a3b621ddc4d38bcdb8ab7b39e957c626a58e97665bfc8cb792a672b06e6d023","1","Combined-model inference over the mixed ACDC and DAWN validation union."
"acdc+dawn_combined_test","annotated_prediction","DAWN","COMBINED","rain","acdc+dawn_combined_test/combined_visual_detections/rain_storm-724.jpg","results/COMBINED/qualitative_detections/DAWN/rain_storm-724.jpg","included_in_repository","DAWN CC BY-NC 3.0","177911","59495c6030082f50dc1b6df6e389dc9dfb244ff7ba18974f82ea68733cbe327e","177911","59495c6030082f50dc1b6df6e389dc9dfb244ff7ba18974f82ea68733cbe327e","1","Combined-model inference over the mixed ACDC and DAWN validation union."
"acdc+dawn_combined_test","annotated_prediction","DAWN","COMBINED","rain","acdc+dawn_combined_test/combined_visual_detections/rain_storm-732.jpg","results/COMBINED/qualitative_detections/DAWN/rain_storm-732.jpg","included_in_repository","DAWN CC BY-NC 3.0","125083","f09407f9dfa9d3985b84483e92300b016ce08f9e6723c5d986096e33866dbfae","125083","f09407f9dfa9d3985b84483e92300b016ce08f9e6723c5d986096e33866dbfae","1","Combined-model inference over the mixed ACDC and DAWN validation union."
"acdc+dawn_combined_test","annotated_prediction","DAWN","COMBINED","rain","acdc+dawn_combined_test/combined_visual_detections/rain_storm-736.jpg","results/COMBINED/qualitative_detections/DAWN/rain_storm-736.jpg","included_in_repository","DAWN CC BY-NC 3.0","458594","1bfd27241046fd17d42769f43f82e72a3f2c47c7bd240c9802b5d24a8c3de716","458594","1bfd27241046fd17d42769f43f82e72a3f2c47c7bd240c9802b5d24a8c3de716","1","Combined-model inference over the mixed ACDC and DAWN validation union."
"acdc+dawn_combined_test","annotated_prediction","DAWN","COMBINED","rain","acdc+dawn_combined_test/combined_visual_detections/rain_storm-740.jpg","results/COMBINED/qualitative_detections/DAWN/rain_storm-740.jpg","included_in_repository","DAWN CC BY-NC 3.0","339534","ae6250ec446673123ad7fda7936f9a0a41596b12bc9580105cbb4aed2e4c87c1","339534","ae6250ec446673123ad7fda7936f9a0a41596b12bc9580105cbb4aed2e4c87c1","1","Combined-model inference over the mixed ACDC and DAWN validation union."
"acdc+dawn_combined_test","annotated_prediction","DAWN","COMBINED","rain","acdc+dawn_combined_test/combined_visual_detections/rain_storm-744.jpg","results/COMBINED/qualitative_detections/DAWN/rain_storm-744.jpg","included_in_repository","DAWN CC BY-NC 3.0","190118","83df34b7ac372b12c8a43f007b93f2322891adf82235bd41f11653d5808d4313","190118","83df34b7ac372b12c8a43f007b93f2322891adf82235bd41f11653d5808d4313","1","Combined-model inference over the mixed ACDC and DAWN validation union."
"acdc+dawn_combined_test","annotated_prediction","DAWN","COMBINED","rain","acdc+dawn_combined_test/combined_visual_detections/rain_storm-748.jpg","results/COMBINED/qualitative_detections/DAWN/rain_storm-748.jpg","included_in_repository","DAWN CC BY-NC 3.0","256500","1e79d9df8b581321a9abad907f981cea99b3c5c3bd61d27613984097fcd7c316","256500","1e79d9df8b581321a9abad907f981cea99b3c5c3bd61d27613984097fcd7c316","1","Combined-model inference over the mixed ACDC and DAWN validation union."
"acdc+dawn_combined_test","annotated_prediction","DAWN","COMBINED","rain","acdc+dawn_combined_test/combined_visual_detections/rain_storm-757.jpg","results/COMBINED/qualitative_detections/DAWN/rain_storm-757.jpg","included_in_repository","DAWN CC BY-NC 3.0","377389","6438ae8df3994966ee9f79d24981516bee32c0a9c1a03ae240e2983312d458d3","377389","6438ae8df3994966ee9f79d24981516bee32c0a9c1a03ae240e2983312d458d3","1","Combined-model inference over the mixed ACDC and DAWN validation union."
"acdc+dawn_combined_test","annotated_prediction","DAWN","COMBINED","rain","acdc+dawn_combined_test/combined_visual_detections/rain_storm-766.jpg","results/COMBINED/qualitative_detections/DAWN/rain_storm-766.jpg","included_in_repository","DAWN CC BY-NC 3.0","329368","453d7ff04cc29f8ba4067c5f0a02d88d96e320ae4b49bd53de4a2357e25480a5","329368","453d7ff04cc29f8ba4067c5f0a02d88d96e320ae4b49bd53de4a2357e25480a5","1","Combined-model inference over the mixed ACDC and DAWN validation union."
"acdc+dawn_combined_test","annotated_prediction","DAWN","COMBINED","rain","acdc+dawn_combined_test/combined_visual_detections/rain_storm-775.jpg","results/COMBINED/qualitative_detections/DAWN/rain_storm-775.jpg","included_in_repository","DAWN CC BY-NC 3.0","323581","4719fdf41dffe19fa9c9a6da6189ebaf8916c5e1df24b99e3325e89481f12417","323581","4719fdf41dffe19fa9c9a6da6189ebaf8916c5e1df24b99e3325e89481f12417","1","Combined-model inference over the mixed ACDC and DAWN validation union."
"acdc+dawn_combined_test","annotated_prediction","DAWN","COMBINED","rain","acdc+dawn_combined_test/combined_visual_detections/rain_storm-779.jpg","results/COMBINED/qualitative_detections/DAWN/rain_storm-779.jpg","included_in_repository","DAWN CC BY-NC 3.0","338955","019869b27e9028bbcf6e1aeaae47657f6e58c1bf998979ad4b79eaf586602d42","338955","019869b27e9028bbcf6e1aeaae47657f6e58c1bf998979ad4b79eaf586602d42","1","Combined-model inference over the mixed ACDC and DAWN validation union."
"acdc+dawn_combined_test","annotated_prediction","DAWN","COMBINED","rain","acdc+dawn_combined_test/combined_visual_detections/rain_storm-783.jpg","results/COMBINED/qualitative_detections/DAWN/rain_storm-783.jpg","included_in_repository","DAWN CC BY-NC 3.0","113874","a4a2675b7d81452d3ce7329b0cafc804daee9a4e1f34f1f94ebfc2472cb63c3a","113874","a4a2675b7d81452d3ce7329b0cafc804daee9a4e1f34f1f94ebfc2472cb63c3a","1","Combined-model inference over the mixed ACDC and DAWN validation union."
"acdc+dawn_combined_test","annotated_prediction","DAWN","COMBINED","rain","acdc+dawn_combined_test/combined_visual_detections/rain_storm-787.jpg","results/COMBINED/qualitative_detections/DAWN/rain_storm-787.jpg","included_in_repository","DAWN CC BY-NC 3.0","92660","47406dc81d6769c6583c9c35938e0317e0833e0cb5d171c79e79c2c50631ea1f","92660","47406dc81d6769c6583c9c35938e0317e0833e0cb5d171c79e79c2c50631ea1f","1","Combined-model inference over the mixed ACDC and DAWN validation union."
"acdc+dawn_combined_test","annotated_prediction","DAWN","COMBINED","rain","acdc+dawn_combined_test/combined_visual_detections/rain_storm-789.jpg","results/COMBINED/qualitative_detections/DAWN/rain_storm-789.jpg","included_in_repository","DAWN CC BY-NC 3.0","305347","882bdae4b88df4ede57fd2a4685a7f435108f1c55fc658daa358b727078dff58","305347","882bdae4b88df4ede57fd2a4685a7f435108f1c55fc658daa358b727078dff58","1","Combined-model inference over the mixed ACDC and DAWN validation union."
"acdc+dawn_combined_test","annotated_prediction","DAWN","COMBINED","rain","acdc+dawn_combined_test/combined_visual_detections/rain_storm-807.jpg","results/COMBINED/qualitative_detections/DAWN/rain_storm-807.jpg","included_in_repository","DAWN CC BY-NC 3.0","79369","266417e2379ee5b89c05d2e166ef177259ccae8a22eb579c137ade0cd209dbce","79369","266417e2379ee5b89c05d2e166ef177259ccae8a22eb579c137ade0cd209dbce","1","Combined-model inference over the mixed ACDC and DAWN validation union."
"acdc+dawn_combined_test","annotated_prediction","DAWN","COMBINED","rain","acdc+dawn_combined_test/combined_visual_detections/rain_storm-811.jpg","results/COMBINED/qualitative_detections/DAWN/rain_storm-811.jpg","included_in_repository","DAWN CC BY-NC 3.0","99521","95b3da3b7165804bb36bc1438e3d5288137b6f48f2f6a65850980cb11650677c","99521","95b3da3b7165804bb36bc1438e3d5288137b6f48f2f6a65850980cb11650677c","1","Combined-model inference over the mixed ACDC and DAWN validation union."
"acdc+dawn_combined_test","annotated_prediction","DAWN","COMBINED","rain","acdc+dawn_combined_test/combined_visual_detections/rain_storm-815.jpg","results/COMBINED/qualitative_detections/DAWN/rain_storm-815.jpg","included_in_repository","DAWN CC BY-NC 3.0","285679","ad699bd095a9d5b8cf1aa2ced48bb4cd038c12c2d91f27f564ac92074aac4598","285679","ad699bd095a9d5b8cf1aa2ced48bb4cd038c12c2d91f27f564ac92074aac4598","1","Combined-model inference over the mixed ACDC and DAWN validation union."
"acdc+dawn_combined_test","annotated_prediction","DAWN","COMBINED","rain","acdc+dawn_combined_test/combined_visual_detections/rain_storm-823.jpg","results/COMBINED/qualitative_detections/DAWN/rain_storm-823.jpg","included_in_repository","DAWN CC BY-NC 3.0","168700","e4d81f08211b8bfdf457b33928f48326c472b01a3ec887d01096cbb8395d4683","168700","e4d81f08211b8bfdf457b33928f48326c472b01a3ec887d01096cbb8395d4683","1","Combined-model inference over the mixed ACDC and DAWN validation union."
"acdc+dawn_combined_test","annotated_prediction","DAWN","COMBINED","rain","acdc+dawn_combined_test/combined_visual_detections/rain_storm-835.jpg","results/COMBINED/qualitative_detections/DAWN/rain_storm-835.jpg","included_in_repository","DAWN CC BY-NC 3.0","246648","9c28c77845961bf1faad724d768792e77cc193a7bfe8c0b9620ac6a99e75c14c","246648","9c28c77845961bf1faad724d768792e77cc193a7bfe8c0b9620ac6a99e75c14c","1","Combined-model inference over the mixed ACDC and DAWN validation union."
"acdc+dawn_combined_test","annotated_prediction","DAWN","COMBINED","rain","acdc+dawn_combined_test/combined_visual_detections/rain_storm-839.jpg","results/COMBINED/qualitative_detections/DAWN/rain_storm-839.jpg","included_in_repository","DAWN CC BY-NC 3.0","230579","15d665062d37cbb7e3c6e2c94b22eecc605e144334c6d4e6c0c7c16268580716","230579","15d665062d37cbb7e3c6e2c94b22eecc605e144334c6d4e6c0c7c16268580716","1","Combined-model inference over the mixed ACDC and DAWN validation union."
"acdc+dawn_combined_test","annotated_prediction","DAWN","COMBINED","rain","acdc+dawn_combined_test/combined_visual_detections/rain_storm-843.jpg","results/COMBINED/qualitative_detections/DAWN/rain_storm-843.jpg","included_in_repository","DAWN CC BY-NC 3.0","163769","70083f2be2a69b85294c2310c639201dd43839a2400288f3d8a235bf636776fd","163769","70083f2be2a69b85294c2310c639201dd43839a2400288f3d8a235bf636776fd","1","Combined-model inference over the mixed ACDC and DAWN validation union."
"acdc+dawn_combined_test","annotated_prediction","DAWN","COMBINED","rain","acdc+dawn_combined_test/combined_visual_detections/rain_storm-847.jpg","results/COMBINED/qualitative_detections/DAWN/rain_storm-847.jpg","included_in_repository","DAWN CC BY-NC 3.0","73353","dd5fa5549a79e0f98b7bf86aabed6402e98c80d800c4b5e7ee19146f87679cda","73353","dd5fa5549a79e0f98b7bf86aabed6402e98c80d800c4b5e7ee19146f87679cda","1","Combined-model inference over the mixed ACDC and DAWN validation union."
"acdc+dawn_combined_test","annotated_prediction","DAWN","COMBINED","rain","acdc+dawn_combined_test/combined_visual_detections/rain_storm-851.jpg","results/COMBINED/qualitative_detections/DAWN/rain_storm-851.jpg","included_in_repository","DAWN CC BY-NC 3.0","103807","f5ffe4fac6a2fd170136b128fd300ddb427c92ec1281edfca12865ea15efcfbb","103807","f5ffe4fac6a2fd170136b128fd300ddb427c92ec1281edfca12865ea15efcfbb","1","Combined-model inference over the mixed ACDC and DAWN validation union."
"acdc+dawn_combined_test","annotated_prediction","DAWN","COMBINED","rain","acdc+dawn_combined_test/combined_visual_detections/rain_storm-855.jpg","results/COMBINED/qualitative_detections/DAWN/rain_storm-855.jpg","included_in_repository","DAWN CC BY-NC 3.0","356549","dae785eee30a471cfff13053c4a8754a09578ccdfcce26578a42b29be4f5bdd9","356549","dae785eee30a471cfff13053c4a8754a09578ccdfcce26578a42b29be4f5bdd9","1","Combined-model inference over the mixed ACDC and DAWN validation union."
"acdc+dawn_combined_test","annotated_prediction","DAWN","COMBINED","rain","acdc+dawn_combined_test/combined_visual_detections/rain_storm-859.jpg","results/COMBINED/qualitative_detections/DAWN/rain_storm-859.jpg","included_in_repository","DAWN CC BY-NC 3.0","196705","b25b0d435e3f1bc0f6cb883169bf36c0036c051bd48bcf0c302958a5bea2bd6b","196705","b25b0d435e3f1bc0f6cb883169bf36c0036c051bd48bcf0c302958a5bea2bd6b","1","Combined-model inference over the mixed ACDC and DAWN validation union."
"acdc+dawn_combined_test","annotated_prediction","DAWN","COMBINED","rain","acdc+dawn_combined_test/combined_visual_detections/rain_storm-863.jpg","results/COMBINED/qualitative_detections/DAWN/rain_storm-863.jpg","included_in_repository","DAWN CC BY-NC 3.0","186603","ea8f20d9362f58d2cd66d67b7ce0ca097c7b08f101bb61b0b4805f639b428317","186603","ea8f20d9362f58d2cd66d67b7ce0ca097c7b08f101bb61b0b4805f639b428317","1","Combined-model inference over the mixed ACDC and DAWN validation union."
"acdc+dawn_combined_test","annotated_prediction","DAWN","COMBINED","rain","acdc+dawn_combined_test/combined_visual_detections/rain_storm-901.jpg","results/COMBINED/qualitative_detections/DAWN/rain_storm-901.jpg","included_in_repository","DAWN CC BY-NC 3.0","231023","9dc54bdcb4617d7e5f35eecdb26c840f2b9491c7f5aae5f12ac45cfacdeea366","231023","9dc54bdcb4617d7e5f35eecdb26c840f2b9491c7f5aae5f12ac45cfacdeea366","1","Combined-model inference over the mixed ACDC and DAWN validation union."
"acdc+dawn_combined_test","annotated_prediction","DAWN","COMBINED","rain","acdc+dawn_combined_test/combined_visual_detections/rain_storm-932.jpg","results/COMBINED/qualitative_detections/DAWN/rain_storm-932.jpg","included_in_repository","DAWN CC BY-NC 3.0","126237","7bcc7d5a6fef758c93c6c1ce215035863435c5b19d05157f55e11c178cbc9f8a","126237","7bcc7d5a6fef758c93c6c1ce215035863435c5b19d05157f55e11c178cbc9f8a","1","Combined-model inference over the mixed ACDC and DAWN validation union."
"acdc+dawn_combined_test","annotated_prediction","DAWN","COMBINED","rain","acdc+dawn_combined_test/combined_visual_detections/rain_storm-939.jpg","results/COMBINED/qualitative_detections/DAWN/rain_storm-939.jpg","included_in_repository","DAWN CC BY-NC 3.0","189315","6dd6307c56f5f5fb6842d113d855f6dcf2a64a5f4503e0a78a7b7bae8257aa2b","189315","6dd6307c56f5f5fb6842d113d855f6dcf2a64a5f4503e0a78a7b7bae8257aa2b","1","Combined-model inference over the mixed ACDC and DAWN validation union."
"acdc+dawn_combined_test","annotated_prediction","DAWN","COMBINED","rain","acdc+dawn_combined_test/combined_visual_detections/rain_storm-981.jpg","results/COMBINED/qualitative_detections/DAWN/rain_storm-981.jpg","included_in_repository","DAWN CC BY-NC 3.0","137234","90238e1c8a6441e0fe846fb64b7dad88acdee0bcd30a479164560237f356b675","137234","90238e1c8a6441e0fe846fb64b7dad88acdee0bcd30a479164560237f356b675","1","Combined-model inference over the mixed ACDC and DAWN validation union."
"acdc+dawn_combined_test","annotated_prediction","DAWN","COMBINED","rain","acdc+dawn_combined_test/combined_visual_detections/rain_storm-985.jpg","results/COMBINED/qualitative_detections/DAWN/rain_storm-985.jpg","included_in_repository","DAWN CC BY-NC 3.0","430064","5aa8ca36c262ce31d020934aec9cd5b0c1dab92670adfeca7f5636236beb1026","430064","5aa8ca36c262ce31d020934aec9cd5b0c1dab92670adfeca7f5636236beb1026","1","Combined-model inference over the mixed ACDC and DAWN validation union."
"dawn_entire_test","detection_log","DAWN","DAWN_ENTIRE","mixed","dawn_entire_test/dawn_entire_inference_results.csv","results/DAWN/ENTIRE/inference_results.csv","included_in_repository","Research-generated detection metadata","33985","4e25fd794d0026f83192cf526535acb07c87db7addc5dfe9594c24374f0aad48","33063","e3ccc471dccbecbea62b29cfbb3b4d03ac679722b1aa15b3e0d516727ffba723","1",""
"dawn_entire_test","annotated_prediction","DAWN","DAWN_ENTIRE","mixed","dawn_entire_test/dawn_entire_visual_detections/mist-013.jpg","results/DAWN/ENTIRE/qualitative_detections/mist-013.jpg","included_in_repository","DAWN CC BY-NC 3.0","54889","cff6cc62149febeead1f6db011fe6871c38ad876bca951a455292c37b4094602","54889","cff6cc62149febeead1f6db011fe6871c38ad876bca951a455292c37b4094602","1",""
"dawn_entire_test","annotated_prediction","DAWN","DAWN_ENTIRE","mixed","dawn_entire_test/dawn_entire_visual_detections/mist-015.jpg","results/DAWN/ENTIRE/qualitative_detections/mist-015.jpg","included_in_repository","DAWN CC BY-NC 3.0","24389","2d3f7e0598b802136db320d3a093e0ff0bb560e3b9eb2dd453685125f330880d","24389","2d3f7e0598b802136db320d3a093e0ff0bb560e3b9eb2dd453685125f330880d","1",""
"dawn_entire_test","annotated_prediction","DAWN","DAWN_ENTIRE","mixed","dawn_entire_test/dawn_entire_visual_detections/mist-016.jpg","results/DAWN/ENTIRE/qualitative_detections/mist-016.jpg","included_in_repository","DAWN CC BY-NC 3.0","121579","44c55d29acd3b14e52677c0cdbd7e2f97fa165b7b7a842de7626163f14f49a6f","121579","44c55d29acd3b14e52677c0cdbd7e2f97fa165b7b7a842de7626163f14f49a6f","1",""
"dawn_entire_test","annotated_prediction","DAWN","DAWN_ENTIRE","mixed","dawn_entire_test/dawn_entire_visual_detections/mist-019.jpg","results/DAWN/ENTIRE/qualitative_detections/mist-019.jpg","included_in_repository","DAWN CC BY-NC 3.0","614435","1148eb2ebd8f098a5cd72b0055538d2bba163590bcbaf79748c8cae2a71808df","614435","1148eb2ebd8f098a5cd72b0055538d2bba163590bcbaf79748c8cae2a71808df","1",""
"dawn_entire_test","annotated_prediction","DAWN","DAWN_ENTIRE","mixed","dawn_entire_test/dawn_entire_visual_detections/mist-020.jpg","results/DAWN/ENTIRE/qualitative_detections/mist-020.jpg","included_in_repository","DAWN CC BY-NC 3.0","84310","745ff530da8778413ec83d5b9efc18b36220da73467711966315d4a8887f9d3f","84310","745ff530da8778413ec83d5b9efc18b36220da73467711966315d4a8887f9d3f","1",""
"dawn_entire_test","annotated_prediction","DAWN","DAWN_ENTIRE","mixed","dawn_entire_test/dawn_entire_visual_detections/mist-021.jpg","results/DAWN/ENTIRE/qualitative_detections/mist-021.jpg","included_in_repository","DAWN CC BY-NC 3.0","25697","ef8722b6f6583f0b8c0abe95cfd581efd16b4eec398f06bfa7ea59e46e077062","25697","ef8722b6f6583f0b8c0abe95cfd581efd16b4eec398f06bfa7ea59e46e077062","1",""
"dawn_entire_test","annotated_prediction","DAWN","DAWN_ENTIRE","mixed","dawn_entire_test/dawn_entire_visual_detections/mist-023.jpg","results/DAWN/ENTIRE/qualitative_detections/mist-023.jpg","included_in_repository","DAWN CC BY-NC 3.0","54234","b4421e0d70f3abfa5c7e13dc6fb7a445f0d98b636fb89a7c8bee3d04c2e102a7","54234","b4421e0d70f3abfa5c7e13dc6fb7a445f0d98b636fb89a7c8bee3d04c2e102a7","1",""
"dawn_entire_test","annotated_prediction","DAWN","DAWN_ENTIRE","mixed","dawn_entire_test/dawn_entire_visual_detections/mist-024.jpg","results/DAWN/ENTIRE/qualitative_detections/mist-024.jpg","included_in_repository","DAWN CC BY-NC 3.0","74661","906c6c91352b4b25350bafe5eda1e62c96317bc987fdd158b9e913edf2500818","74661","906c6c91352b4b25350bafe5eda1e62c96317bc987fdd158b9e913edf2500818","1",""
"dawn_entire_test","annotated_prediction","DAWN","DAWN_ENTIRE","mixed","dawn_entire_test/dawn_entire_visual_detections/mist-027.jpg","results/DAWN/ENTIRE/qualitative_detections/mist-027.jpg","included_in_repository","DAWN CC BY-NC 3.0","96326","bc4fa5a8093009d8a67bd4eb60899152f4fc32d99de40e3c605a0f979cbde6ea","96326","bc4fa5a8093009d8a67bd4eb60899152f4fc32d99de40e3c605a0f979cbde6ea","1",""
"dawn_entire_test","annotated_prediction","DAWN","DAWN_ENTIRE","mixed","dawn_entire_test/dawn_entire_visual_detections/mist-030.jpg","results/DAWN/ENTIRE/qualitative_detections/mist-030.jpg","included_in_repository","DAWN CC BY-NC 3.0","45208","75a239a20d2880fa2572fa8785108ed0ab176aa146162e4b15824a74cfb9dd6e","45208","75a239a20d2880fa2572fa8785108ed0ab176aa146162e4b15824a74cfb9dd6e","1",""
"dawn_entire_test","annotated_prediction","DAWN","DAWN_ENTIRE","mixed","dawn_entire_test/dawn_entire_visual_detections/mist-033.jpg","results/DAWN/ENTIRE/qualitative_detections/mist-033.jpg","included_in_repository","DAWN CC BY-NC 3.0","56029","6182d159f274b3fa35e6789c1e787330b61f3776e64bc47cba7758ec849437ec","56029","6182d159f274b3fa35e6789c1e787330b61f3776e64bc47cba7758ec849437ec","1",""
"dawn_entire_test","annotated_prediction","DAWN","DAWN_ENTIRE","mixed","dawn_entire_test/dawn_entire_visual_detections/mist-034.jpg","results/DAWN/ENTIRE/qualitative_detections/mist-034.jpg","included_in_repository","DAWN CC BY-NC 3.0","26284","b9e8fe47ddaf8d73f85e6db80c8d0990acfb4b51f93dc9be47efe7326da6e5c1","26284","b9e8fe47ddaf8d73f85e6db80c8d0990acfb4b51f93dc9be47efe7326da6e5c1","1",""
"dawn_entire_test","annotated_prediction","DAWN","DAWN_ENTIRE","mixed","dawn_entire_test/dawn_entire_visual_detections/mist-035.jpg","results/DAWN/ENTIRE/qualitative_detections/mist-035.jpg","included_in_repository","DAWN CC BY-NC 3.0","114132","1723b8160e369fac33c58fb6a5ff5f47e1eb018c56d1ec10878284e58ff43d58","114132","1723b8160e369fac33c58fb6a5ff5f47e1eb018c56d1ec10878284e58ff43d58","1",""
"dawn_entire_test","annotated_prediction","DAWN","DAWN_ENTIRE","mixed","dawn_entire_test/dawn_entire_visual_detections/mist-039.jpg","results/DAWN/ENTIRE/qualitative_detections/mist-039.jpg","included_in_repository","DAWN CC BY-NC 3.0","40348","f2371647350c781654b52e303bd702f7dcc6cf49f2bc832c9c92528df8bdb3ce","40348","f2371647350c781654b52e303bd702f7dcc6cf49f2bc832c9c92528df8bdb3ce","1",""
"dawn_entire_test","annotated_prediction","DAWN","DAWN_ENTIRE","mixed","dawn_entire_test/dawn_entire_visual_detections/mist-041.jpg","results/DAWN/ENTIRE/qualitative_detections/mist-041.jpg","included_in_repository","DAWN CC BY-NC 3.0","60011","172fb16a8d3b9459455b95e67229bbecdbfe4b133c18d21e7feeda1565cc5969","60011","172fb16a8d3b9459455b95e67229bbecdbfe4b133c18d21e7feeda1565cc5969","1",""
"dawn_entire_test","annotated_prediction","DAWN","DAWN_ENTIRE","mixed","dawn_entire_test/dawn_entire_visual_detections/mist-042.jpg","results/DAWN/ENTIRE/qualitative_detections/mist-042.jpg","included_in_repository","DAWN CC BY-NC 3.0","51275","639c0713e6a35d6682024f968039e6d935123bf8026b295a79839c8abe1f6bc3","51275","639c0713e6a35d6682024f968039e6d935123bf8026b295a79839c8abe1f6bc3","1",""
"dawn_entire_test","annotated_prediction","DAWN","DAWN_ENTIRE","mixed","dawn_entire_test/dawn_entire_visual_detections/mist-043.jpg","results/DAWN/ENTIRE/qualitative_detections/mist-043.jpg","included_in_repository","DAWN CC BY-NC 3.0","126969","3cf00ce32ffcc588024bc900ed28315552de638ab6e64948c1180e95818831bb","126969","3cf00ce32ffcc588024bc900ed28315552de638ab6e64948c1180e95818831bb","1",""
"dawn_entire_test","annotated_prediction","DAWN","DAWN_ENTIRE","mixed","dawn_entire_test/dawn_entire_visual_detections/mist-046.jpg","results/DAWN/ENTIRE/qualitative_detections/mist-046.jpg","included_in_repository","DAWN CC BY-NC 3.0","31302","37227563c6fd3ae54163aa9b5ab688ca215757e808bbf7597ad875ec635dd4b9","31302","37227563c6fd3ae54163aa9b5ab688ca215757e808bbf7597ad875ec635dd4b9","1",""
"dawn_entire_test","annotated_prediction","DAWN","DAWN_ENTIRE","mixed","dawn_entire_test/dawn_entire_visual_detections/mist-048.jpg","results/DAWN/ENTIRE/qualitative_detections/mist-048.jpg","included_in_repository","DAWN CC BY-NC 3.0","13622","85ffbf6bede861bf95e2c6dfe80c9aa77425d0246489aa96a8d990ce6142f9f5","13622","85ffbf6bede861bf95e2c6dfe80c9aa77425d0246489aa96a8d990ce6142f9f5","1",""
"dawn_entire_test","annotated_prediction","DAWN","DAWN_ENTIRE","mixed","dawn_entire_test/dawn_entire_visual_detections/mist-049.jpg","results/DAWN/ENTIRE/qualitative_detections/mist-049.jpg","included_in_repository","DAWN CC BY-NC 3.0","829016","bc97e6e74a16131d8e408c421c16878ab423920201a4f36745be50b7f1a49f93","829016","bc97e6e74a16131d8e408c421c16878ab423920201a4f36745be50b7f1a49f93","1",""
"dawn_entire_test","annotated_prediction","DAWN","DAWN_ENTIRE","mixed","dawn_entire_test/dawn_entire_visual_detections/mist-052.jpg","results/DAWN/ENTIRE/qualitative_detections/mist-052.jpg","included_in_repository","DAWN CC BY-NC 3.0","21388","4d095e98fd665915f22c091139652ac4edb2d2b8e4cc0d014105b55b88c3995f","21388","4d095e98fd665915f22c091139652ac4edb2d2b8e4cc0d014105b55b88c3995f","1",""
"dawn_entire_test","annotated_prediction","DAWN","DAWN_ENTIRE","mixed","dawn_entire_test/dawn_entire_visual_detections/mist-053.jpg","results/DAWN/ENTIRE/qualitative_detections/mist-053.jpg","included_in_repository","DAWN CC BY-NC 3.0","49953","d03f9805cf4013e80362acc1fc44b5e5b048d7284073d04635c0e91ea432461e","49953","d03f9805cf4013e80362acc1fc44b5e5b048d7284073d04635c0e91ea432461e","1",""
"dawn_entire_test","annotated_prediction","DAWN","DAWN_ENTIRE","mixed","dawn_entire_test/dawn_entire_visual_detections/mist-057.jpg","results/DAWN/ENTIRE/qualitative_detections/mist-057.jpg","included_in_repository","DAWN CC BY-NC 3.0","17868","ceb563b59a4a239998d8c00538aba7b90c3a1a67030cf75dd600f09c5039fb0b","17868","ceb563b59a4a239998d8c00538aba7b90c3a1a67030cf75dd600f09c5039fb0b","1",""
"dawn_entire_test","annotated_prediction","DAWN","DAWN_ENTIRE","mixed","dawn_entire_test/dawn_entire_visual_detections/mist-059.jpg","results/DAWN/ENTIRE/qualitative_detections/mist-059.jpg","included_in_repository","DAWN CC BY-NC 3.0","51873","59f6643e1628b3de7e00b1056b3ec45ec9f3b1626f433dd690ca4463ad35968f","51873","59f6643e1628b3de7e00b1056b3ec45ec9f3b1626f433dd690ca4463ad35968f","1",""
"dawn_entire_test","annotated_prediction","DAWN","DAWN_ENTIRE","mixed","dawn_entire_test/dawn_entire_visual_detections/mist-061.jpg","results/DAWN/ENTIRE/qualitative_detections/mist-061.jpg","included_in_repository","DAWN CC BY-NC 3.0","42154","b2f7b9aa10589f98fd7d56f4f819bfb56e562b039e12b408b4a074c6a4d75689","42154","b2f7b9aa10589f98fd7d56f4f819bfb56e562b039e12b408b4a074c6a4d75689","1",""
"dawn_entire_test","annotated_prediction","DAWN","DAWN_ENTIRE","mixed","dawn_entire_test/dawn_entire_visual_detections/mist-062.jpg","results/DAWN/ENTIRE/qualitative_detections/mist-062.jpg","included_in_repository","DAWN CC BY-NC 3.0","41662","5fccb6923ba29bb0c35efea1f4f616ff9f1c896e99f01983cfe4d5bd803dc5b3","41662","5fccb6923ba29bb0c35efea1f4f616ff9f1c896e99f01983cfe4d5bd803dc5b3","1",""
"dawn_entire_test","annotated_prediction","DAWN","DAWN_ENTIRE","mixed","dawn_entire_test/dawn_entire_visual_detections/mist-063.jpg","results/DAWN/ENTIRE/qualitative_detections/mist-063.jpg","included_in_repository","DAWN CC BY-NC 3.0","38423","1731bbf69dcafa83fb46092db79b2757b79e5570c8eb60e222132c5d9de28e2f","38423","1731bbf69dcafa83fb46092db79b2757b79e5570c8eb60e222132c5d9de28e2f","1",""
"dawn_entire_test","annotated_prediction","DAWN","DAWN_ENTIRE","mixed","dawn_entire_test/dawn_entire_visual_detections/mist-064.jpg","results/DAWN/ENTIRE/qualitative_detections/mist-064.jpg","included_in_repository","DAWN CC BY-NC 3.0","108302","def87826dbeb7371c0a0601395240590532f563dfe93a98f481f928c8b0f7ef1","108302","def87826dbeb7371c0a0601395240590532f563dfe93a98f481f928c8b0f7ef1","1",""
"dawn_entire_test","annotated_prediction","DAWN","DAWN_ENTIRE","mixed","dawn_entire_test/dawn_entire_visual_detections/mist-067.jpg","results/DAWN/ENTIRE/qualitative_detections/mist-067.jpg","included_in_repository","DAWN CC BY-NC 3.0","72244","5362c50d2dd3b1475390b5d20820488110256759edea669bd63cf3c79b644374","72244","5362c50d2dd3b1475390b5d20820488110256759edea669bd63cf3c79b644374","1",""
"dawn_entire_test","annotated_prediction","DAWN","DAWN_ENTIRE","mixed","dawn_entire_test/dawn_entire_visual_detections/mist-068.jpg","results/DAWN/ENTIRE/qualitative_detections/mist-068.jpg","included_in_repository","DAWN CC BY-NC 3.0","149715","162de4f60d311a683bf4121458ae5627893168cce694a06c5292071dab18c800","149715","162de4f60d311a683bf4121458ae5627893168cce694a06c5292071dab18c800","1",""
"dawn_entire_test","annotated_prediction","DAWN","DAWN_ENTIRE","mixed","dawn_entire_test/dawn_entire_visual_detections/mist-071.jpg","results/DAWN/ENTIRE/qualitative_detections/mist-071.jpg","included_in_repository","DAWN CC BY-NC 3.0","268370","74adac8dd9db2b5684c0eb33d11ca79edf26e339fd2f9a9ab9a2bdd738002827","268370","74adac8dd9db2b5684c0eb33d11ca79edf26e339fd2f9a9ab9a2bdd738002827","1",""
"dawn_entire_test","annotated_prediction","DAWN","DAWN_ENTIRE","mixed","dawn_entire_test/dawn_entire_visual_detections/mist-072.jpg","results/DAWN/ENTIRE/qualitative_detections/mist-072.jpg","included_in_repository","DAWN CC BY-NC 3.0","62777","1692c40376cac09f218271606d8f292e04af288e8ae3795ca5c9d5733169d24b","62777","1692c40376cac09f218271606d8f292e04af288e8ae3795ca5c9d5733169d24b","1",""
"dawn_entire_test","annotated_prediction","DAWN","DAWN_ENTIRE","mixed","dawn_entire_test/dawn_entire_visual_detections/mist-074.jpg","results/DAWN/ENTIRE/qualitative_detections/mist-074.jpg","included_in_repository","DAWN CC BY-NC 3.0","20255","23a3d77e10009d9e663a3a1d1654049414e18c7a35c3a33a46f939308eb6d56e","20255","23a3d77e10009d9e663a3a1d1654049414e18c7a35c3a33a46f939308eb6d56e","1",""
"dawn_entire_test","annotated_prediction","DAWN","DAWN_ENTIRE","mixed","dawn_entire_test/dawn_entire_visual_detections/mist-075.jpg","results/DAWN/ENTIRE/qualitative_detections/mist-075.jpg","included_in_repository","DAWN CC BY-NC 3.0","62951","6efb98c1b7cbb590bb2e68b46d45b8c47910f550adc5e9f3d630cfeb0894ad3f","62951","6efb98c1b7cbb590bb2e68b46d45b8c47910f550adc5e9f3d630cfeb0894ad3f","1",""
"dawn_entire_test","annotated_prediction","DAWN","DAWN_ENTIRE","mixed","dawn_entire_test/dawn_entire_visual_detections/mist-080.jpg","results/DAWN/ENTIRE/qualitative_detections/mist-080.jpg","included_in_repository","DAWN CC BY-NC 3.0","25359","225a1691624940a93a7e3307933d1d449bab60df2a5f388403cef35f8b083ce8","25359","225a1691624940a93a7e3307933d1d449bab60df2a5f388403cef35f8b083ce8","1",""
"dawn_entire_test","annotated_prediction","DAWN","DAWN_ENTIRE","mixed","dawn_entire_test/dawn_entire_visual_detections/mist-084.jpg","results/DAWN/ENTIRE/qualitative_detections/mist-084.jpg","included_in_repository","DAWN CC BY-NC 3.0","28797","46f949cca81c4566bf8bee32854f8b206b789d5fb50a207b0f229661a5472e68","28797","46f949cca81c4566bf8bee32854f8b206b789d5fb50a207b0f229661a5472e68","1",""
"dawn_entire_test","annotated_prediction","DAWN","DAWN_ENTIRE","mixed","dawn_entire_test/dawn_entire_visual_detections/mist-088.jpg","results/DAWN/ENTIRE/qualitative_detections/mist-088.jpg","included_in_repository","DAWN CC BY-NC 3.0","23038","680714f6ae6465be83253ce1d65313243d30d9e76e0b5a46416dbbf5e0190859","23038","680714f6ae6465be83253ce1d65313243d30d9e76e0b5a46416dbbf5e0190859","1",""
"dawn_entire_test","annotated_prediction","DAWN","DAWN_ENTIRE","mixed","dawn_entire_test/dawn_entire_visual_detections/mist-098.jpg","results/DAWN/ENTIRE/qualitative_detections/mist-098.jpg","included_in_repository","DAWN CC BY-NC 3.0","41578","73fe531e4c0f90b462a229e4a8c2ef126ac155fc6fd18becf3c8f41072405af4","41578","73fe531e4c0f90b462a229e4a8c2ef126ac155fc6fd18becf3c8f41072405af4","1",""
"dawn_entire_test","annotated_prediction","DAWN","DAWN_ENTIRE","mixed","dawn_entire_test/dawn_entire_visual_detections/mist-101.jpg","results/DAWN/ENTIRE/qualitative_detections/mist-101.jpg","included_in_repository","DAWN CC BY-NC 3.0","553881","380747808154f31709e3abffa2b57158d8dd8359b1358d85abb7f70b082eda52","553881","380747808154f31709e3abffa2b57158d8dd8359b1358d85abb7f70b082eda52","1",""
"dawn_entire_test","annotated_prediction","DAWN","DAWN_ENTIRE","mixed","dawn_entire_test/dawn_entire_visual_detections/mist-105.jpg","results/DAWN/ENTIRE/qualitative_detections/mist-105.jpg","included_in_repository","DAWN CC BY-NC 3.0","63176","7d4365e43e195a89b5827f05f5bb29574daf3a4706a3c6a18e8ca5f3dfe9b981","63176","7d4365e43e195a89b5827f05f5bb29574daf3a4706a3c6a18e8ca5f3dfe9b981","1",""
"dawn_entire_test","annotated_prediction","DAWN","DAWN_ENTIRE","mixed","dawn_entire_test/dawn_entire_visual_detections/mist-109.jpg","results/DAWN/ENTIRE/qualitative_detections/mist-109.jpg","included_in_repository","DAWN CC BY-NC 3.0","61143","c079990ac3632dbbc8fd3736914f37c4527a18d658fe4d62cfd235942bb25d2c","61143","c079990ac3632dbbc8fd3736914f37c4527a18d658fe4d62cfd235942bb25d2c","1",""
"dawn_entire_test","annotated_prediction","DAWN","DAWN_ENTIRE","mixed","dawn_entire_test/dawn_entire_visual_detections/mist-110.jpg","results/DAWN/ENTIRE/qualitative_detections/mist-110.jpg","included_in_repository","DAWN CC BY-NC 3.0","54768","c12dddc06c8157c552ca1a4244243465dd202e6d3ef94ff94d521d277277e204","54768","c12dddc06c8157c552ca1a4244243465dd202e6d3ef94ff94d521d277277e204","1",""
"dawn_entire_test","annotated_prediction","DAWN","DAWN_ENTIRE","mixed","dawn_entire_test/dawn_entire_visual_detections/mist-111.jpg","results/DAWN/ENTIRE/qualitative_detections/mist-111.jpg","included_in_repository","DAWN CC BY-NC 3.0","23599","2016daa5e309d8d98961d865f4509cb334c86522de8230667658d8d41241bbd8","23599","2016daa5e309d8d98961d865f4509cb334c86522de8230667658d8d41241bbd8","1",""
"dawn_entire_test","annotated_prediction","DAWN","DAWN_ENTIRE","mixed","dawn_entire_test/dawn_entire_visual_detections/mist-114.jpg","results/DAWN/ENTIRE/qualitative_detections/mist-114.jpg","included_in_repository","DAWN CC BY-NC 3.0","118924","19a365bd9b9cb94b12c11d5bba9a98246bbcfb29b5c2dda1633c36c01e00933c","118924","19a365bd9b9cb94b12c11d5bba9a98246bbcfb29b5c2dda1633c36c01e00933c","1",""
"dawn_entire_test","annotated_prediction","DAWN","DAWN_ENTIRE","mixed","dawn_entire_test/dawn_entire_visual_detections/mist-115.jpg","results/DAWN/ENTIRE/qualitative_detections/mist-115.jpg","included_in_repository","DAWN CC BY-NC 3.0","189611","ca75be41f9c689c65ae75f8182acca08097e2d3f6f14641d3dea5991d673d16c","189611","ca75be41f9c689c65ae75f8182acca08097e2d3f6f14641d3dea5991d673d16c","1",""
"dawn_entire_test","annotated_prediction","DAWN","DAWN_ENTIRE","mixed","dawn_entire_test/dawn_entire_visual_detections/mist-117.jpg","results/DAWN/ENTIRE/qualitative_detections/mist-117.jpg","included_in_repository","DAWN CC BY-NC 3.0","401300","36f23b4f7d755b7d67f8bd207bf1032688a39257eddcf82fa230cd5ec52ffc11","401300","36f23b4f7d755b7d67f8bd207bf1032688a39257eddcf82fa230cd5ec52ffc11","1",""
"dawn_entire_test","annotated_prediction","DAWN","DAWN_ENTIRE","mixed","dawn_entire_test/dawn_entire_visual_detections/mist-119.jpg","results/DAWN/ENTIRE/qualitative_detections/mist-119.jpg","included_in_repository","DAWN CC BY-NC 3.0","203852","bef39445cceeb2cf0e1a1e0cd456233a88341255b8c7aa2ed3e8b22aac3df78c","203852","bef39445cceeb2cf0e1a1e0cd456233a88341255b8c7aa2ed3e8b22aac3df78c","1",""
"dawn_entire_test","annotated_prediction","DAWN","DAWN_ENTIRE","mixed","dawn_entire_test/dawn_entire_visual_detections/mist-120.jpg","results/DAWN/ENTIRE/qualitative_detections/mist-120.jpg","included_in_repository","DAWN CC BY-NC 3.0","75002","aa25c17248801b4d9ada7be6bb718099f87fee9cef643caf6e6ba36ebe3916dd","75002","aa25c17248801b4d9ada7be6bb718099f87fee9cef643caf6e6ba36ebe3916dd","1",""
"dawn_entire_test","annotated_prediction","DAWN","DAWN_ENTIRE","mixed","dawn_entire_test/dawn_entire_visual_detections/mist-121.jpg","results/DAWN/ENTIRE/qualitative_detections/mist-121.jpg","included_in_repository","DAWN CC BY-NC 3.0","228927","c8d6a32e0597d600b6efbfc6266214f5bd53b7f73f64f411df116549335bf67d","228927","c8d6a32e0597d600b6efbfc6266214f5bd53b7f73f64f411df116549335bf67d","1",""
"dawn_entire_test","annotated_prediction","DAWN","DAWN_ENTIRE","mixed","dawn_entire_test/dawn_entire_visual_detections/mist-122.jpg","results/DAWN/ENTIRE/qualitative_detections/mist-122.jpg","included_in_repository","DAWN CC BY-NC 3.0","209067","978e3ce22ad48f0aba9e74acbf20de7b5097298fef331424fb03ae4b95e4cc9c","209067","978e3ce22ad48f0aba9e74acbf20de7b5097298fef331424fb03ae4b95e4cc9c","1",""
"dawn_entire_test","annotated_prediction","DAWN","DAWN_ENTIRE","mixed","dawn_entire_test/dawn_entire_visual_detections/mist-123.jpg","results/DAWN/ENTIRE/qualitative_detections/mist-123.jpg","included_in_repository","DAWN CC BY-NC 3.0","81247","02483a6e382def58d1926d134e80085dddcfabc3e27f5260101c35fc80955961","81247","02483a6e382def58d1926d134e80085dddcfabc3e27f5260101c35fc80955961","1",""
"dawn_entire_test","annotated_prediction","DAWN","DAWN_ENTIRE","mixed","dawn_entire_test/dawn_entire_visual_detections/mist-124.jpg","results/DAWN/ENTIRE/qualitative_detections/mist-124.jpg","included_in_repository","DAWN CC BY-NC 3.0","158555","9cef0d68b4f71773a43fa833d6afd15a2a760a936757f3cb741d33507ade03d7","158555","9cef0d68b4f71773a43fa833d6afd15a2a760a936757f3cb741d33507ade03d7","1",""
"dawn_entire_test","annotated_prediction","DAWN","DAWN_ENTIRE","mixed","dawn_entire_test/dawn_entire_visual_detections/mist-133.jpg","results/DAWN/ENTIRE/qualitative_detections/mist-133.jpg","included_in_repository","DAWN CC BY-NC 3.0","23540","08c569c95683721280651ae4eb76cbd2de508011cc5c83953835dbed3e3dd955","23540","08c569c95683721280651ae4eb76cbd2de508011cc5c83953835dbed3e3dd955","1",""
"dawn_entire_test","annotated_prediction","DAWN","DAWN_ENTIRE","mixed","dawn_entire_test/dawn_entire_visual_detections/mist-137.jpg","results/DAWN/ENTIRE/qualitative_detections/mist-137.jpg","included_in_repository","DAWN CC BY-NC 3.0","28666","49bba46e5a93c98debb3735766285100db5eb3382825a6449d2046b158f91cf0","28666","49bba46e5a93c98debb3735766285100db5eb3382825a6449d2046b158f91cf0","1",""
"dawn_entire_test","annotated_prediction","DAWN","DAWN_ENTIRE","mixed","dawn_entire_test/dawn_entire_visual_detections/mist-138.jpg","results/DAWN/ENTIRE/qualitative_detections/mist-138.jpg","included_in_repository","DAWN CC BY-NC 3.0","41819","747cb58e9e96fbd98fe993565f5267671655306d30a0d2c683a815a943308343","41819","747cb58e9e96fbd98fe993565f5267671655306d30a0d2c683a815a943308343","1",""
"dawn_entire_test","annotated_prediction","DAWN","DAWN_ENTIRE","mixed","dawn_entire_test/dawn_entire_visual_detections/mist-140.jpg","results/DAWN/ENTIRE/qualitative_detections/mist-140.jpg","included_in_repository","DAWN CC BY-NC 3.0","15364","f602e66884a72edd00029db2c943bc98dfb95f406dacddc3d6233ab5dfb78aa3","15364","f602e66884a72edd00029db2c943bc98dfb95f406dacddc3d6233ab5dfb78aa3","1",""
"dawn_entire_test","annotated_prediction","DAWN","DAWN_ENTIRE","mixed","dawn_entire_test/dawn_entire_visual_detections/mist-141.jpg","results/DAWN/ENTIRE/qualitative_detections/mist-141.jpg","included_in_repository","DAWN CC BY-NC 3.0","15824","850226de586acafe1bb2d1fccdb35a6dd9dc5aa34e1466ed44782308ac381863","15824","850226de586acafe1bb2d1fccdb35a6dd9dc5aa34e1466ed44782308ac381863","1",""
"dawn_entire_test","annotated_prediction","DAWN","DAWN_ENTIRE","mixed","dawn_entire_test/dawn_entire_visual_detections/mist-142.jpg","results/DAWN/ENTIRE/qualitative_detections/mist-142.jpg","included_in_repository","DAWN CC BY-NC 3.0","10242","206b817ddbdd5c9fbf61c6b47dfa3e6b83a8657ffe5982ae408f46c7febda040","10242","206b817ddbdd5c9fbf61c6b47dfa3e6b83a8657ffe5982ae408f46c7febda040","1",""
"dawn_entire_test","annotated_prediction","DAWN","DAWN_ENTIRE","mixed","dawn_entire_test/dawn_entire_visual_detections/mist-143.jpg","results/DAWN/ENTIRE/qualitative_detections/mist-143.jpg","included_in_repository","DAWN CC BY-NC 3.0","134833","613ff9698da80bb909c26955704f04ba49d87b9779389a97b231cf2bc2cb6979","134833","613ff9698da80bb909c26955704f04ba49d87b9779389a97b231cf2bc2cb6979","1",""
"dawn_entire_test","annotated_prediction","DAWN","DAWN_ENTIRE","mixed","dawn_entire_test/dawn_entire_visual_detections/mist-145.jpg","results/DAWN/ENTIRE/qualitative_detections/mist-145.jpg","included_in_repository","DAWN CC BY-NC 3.0","6862","70c37b8f511396010d4ab6ff9f031326d5b048a171d700dfe5e9e7bd3f5eca14","6862","70c37b8f511396010d4ab6ff9f031326d5b048a171d700dfe5e9e7bd3f5eca14","1",""
"dawn_entire_test","annotated_prediction","DAWN","DAWN_ENTIRE","mixed","dawn_entire_test/dawn_entire_visual_detections/mist-147.jpg","results/DAWN/ENTIRE/qualitative_detections/mist-147.jpg","included_in_repository","DAWN CC BY-NC 3.0","62138","a740941b34f2ecf07748b7103ef228dbe93cb226c4df912d3d7eb963d3c253a1","62138","a740941b34f2ecf07748b7103ef228dbe93cb226c4df912d3d7eb963d3c253a1","1",""
"dawn_entire_test","annotated_prediction","DAWN","DAWN_ENTIRE","mixed","dawn_entire_test/dawn_entire_visual_detections/mist-148.jpg","results/DAWN/ENTIRE/qualitative_detections/mist-148.jpg","included_in_repository","DAWN CC BY-NC 3.0","28942","95ed3968cda685fa120f5d6ddde4f4b348424c99a038c9fc1fa3adecf2dcace3","28942","95ed3968cda685fa120f5d6ddde4f4b348424c99a038c9fc1fa3adecf2dcace3","1",""
"dawn_entire_test","annotated_prediction","DAWN","DAWN_ENTIRE","mixed","dawn_entire_test/dawn_entire_visual_detections/mist-149.jpg","results/DAWN/ENTIRE/qualitative_detections/mist-149.jpg","included_in_repository","DAWN CC BY-NC 3.0","29068","d02cc0e99f6a96fae8f695515f1dcb4101f33c2e20b05d7c586b92ba737522ec","29068","d02cc0e99f6a96fae8f695515f1dcb4101f33c2e20b05d7c586b92ba737522ec","1",""
"dawn_entire_test","annotated_prediction","DAWN","DAWN_ENTIRE","mixed","dawn_entire_test/dawn_entire_visual_detections/mist-150.jpg","results/DAWN/ENTIRE/qualitative_detections/mist-150.jpg","included_in_repository","DAWN CC BY-NC 3.0","123810","db66c610b6a7abd8a790ec1802a4a5c3420850d020909769eab8e58c19e71057","123810","db66c610b6a7abd8a790ec1802a4a5c3420850d020909769eab8e58c19e71057","1",""
"dawn_entire_test","annotated_prediction","DAWN","DAWN_ENTIRE","mixed","dawn_entire_test/dawn_entire_visual_detections/mist-152.jpg","results/DAWN/ENTIRE/qualitative_detections/mist-152.jpg","included_in_repository","DAWN CC BY-NC 3.0","81597","db25e44d5ed556ebe384fe62552c30406f842ae6daee08704c376cbd1155651b","81597","db25e44d5ed556ebe384fe62552c30406f842ae6daee08704c376cbd1155651b","1",""
"dawn_entire_test","annotated_prediction","DAWN","DAWN_ENTIRE","mixed","dawn_entire_test/dawn_entire_visual_detections/mist-158.jpg","results/DAWN/ENTIRE/qualitative_detections/mist-158.jpg","included_in_repository","DAWN CC BY-NC 3.0","67459","2ecd0b003d70ce2784b5025c4c850ca96c8f6ffb9b8eb8a5bcef4cbe43b9c7c4","67459","2ecd0b003d70ce2784b5025c4c850ca96c8f6ffb9b8eb8a5bcef4cbe43b9c7c4","1",""
"dawn_entire_test","annotated_prediction","DAWN","DAWN_ENTIRE","mixed","dawn_entire_test/dawn_entire_visual_detections/mist-161.jpg","results/DAWN/ENTIRE/qualitative_detections/mist-161.jpg","included_in_repository","DAWN CC BY-NC 3.0","184390","75f313820e49de6ee47b2a4ffe027f96d199b214b81dfce81eee9c69c8aafb97","184390","75f313820e49de6ee47b2a4ffe027f96d199b214b81dfce81eee9c69c8aafb97","1",""
"dawn_entire_test","annotated_prediction","DAWN","DAWN_ENTIRE","mixed","dawn_entire_test/dawn_entire_visual_detections/mist-163.jpg","results/DAWN/ENTIRE/qualitative_detections/mist-163.jpg","included_in_repository","DAWN CC BY-NC 3.0","42906","28275cb5652b74c64b30d03d96ea4b804aa8558528fb0cb7114b9609aab8e8f0","42906","28275cb5652b74c64b30d03d96ea4b804aa8558528fb0cb7114b9609aab8e8f0","1",""
"dawn_entire_test","annotated_prediction","DAWN","DAWN_ENTIRE","mixed","dawn_entire_test/dawn_entire_visual_detections/mist-168.jpg","results/DAWN/ENTIRE/qualitative_detections/mist-168.jpg","included_in_repository","DAWN CC BY-NC 3.0","462511","28ea89e1d2e7a5103d0ff9ce577a6e0a730098a4963a2b6c25e974973a4949f9","462511","28ea89e1d2e7a5103d0ff9ce577a6e0a730098a4963a2b6c25e974973a4949f9","1",""
"dawn_entire_test","annotated_prediction","DAWN","DAWN_ENTIRE","mixed","dawn_entire_test/dawn_entire_visual_detections/mist-176.jpg","results/DAWN/ENTIRE/qualitative_detections/mist-176.jpg","included_in_repository","DAWN CC BY-NC 3.0","451545","fd1f1e2be1a532fb0d0663abeec1b667d1a2591bc8b8db6f1586cf08512d1fa7","451545","fd1f1e2be1a532fb0d0663abeec1b667d1a2591bc8b8db6f1586cf08512d1fa7","1",""
"dawn_entire_test","annotated_prediction","DAWN","DAWN_ENTIRE","mixed","dawn_entire_test/dawn_entire_visual_detections/mist-180.jpg","results/DAWN/ENTIRE/qualitative_detections/mist-180.jpg","included_in_repository","DAWN CC BY-NC 3.0","78554","eb09f0d006ac06b582c9d9ea096f61af22a4c1780f3468cd115bc5f5d96931e0","78554","eb09f0d006ac06b582c9d9ea096f61af22a4c1780f3468cd115bc5f5d96931e0","1",""
"dawn_entire_test","annotated_prediction","DAWN","DAWN_ENTIRE","mixed","dawn_entire_test/dawn_entire_visual_detections/mist-189.jpg","results/DAWN/ENTIRE/qualitative_detections/mist-189.jpg","included_in_repository","DAWN CC BY-NC 3.0","29004","3f3e87f16c4557b5e055bd3bcd3cc27d9373fd7257ece710c23fccda97761a05","29004","3f3e87f16c4557b5e055bd3bcd3cc27d9373fd7257ece710c23fccda97761a05","1",""
"dawn_entire_test","annotated_prediction","DAWN","DAWN_ENTIRE","mixed","dawn_entire_test/dawn_entire_visual_detections/mist-190.jpg","results/DAWN/ENTIRE/qualitative_detections/mist-190.jpg","included_in_repository","DAWN CC BY-NC 3.0","47641","319cb0044ec999910e9caaf27b8dffe3c3cd9e0400ed822686ae2ebb824c3703","47641","319cb0044ec999910e9caaf27b8dffe3c3cd9e0400ed822686ae2ebb824c3703","1",""
"dawn_entire_test","annotated_prediction","DAWN","DAWN_ENTIRE","mixed","dawn_entire_test/dawn_entire_visual_detections/mist-922.jpg","results/DAWN/ENTIRE/qualitative_detections/mist-922.jpg","included_in_repository","DAWN CC BY-NC 3.0","112682","887051660da1e9d81fe8db0036a7fb34e6120d52d08d34954f6f62ec0aba3c29","112682","887051660da1e9d81fe8db0036a7fb34e6120d52d08d34954f6f62ec0aba3c29","1",""
"dawn_entire_test","annotated_prediction","DAWN","DAWN_ENTIRE","mixed","dawn_entire_test/dawn_entire_visual_detections/mist-938.jpg","results/DAWN/ENTIRE/qualitative_detections/mist-938.jpg","included_in_repository","DAWN CC BY-NC 3.0","99275","8aefb2389c2d72109ced08c5ea8e3d0e42a55a4c55fb8c915fd0729093690eb1","99275","8aefb2389c2d72109ced08c5ea8e3d0e42a55a4c55fb8c915fd0729093690eb1","1",""
"dawn_entire_test","annotated_prediction","DAWN","DAWN_ENTIRE","mixed","dawn_entire_test/dawn_entire_visual_detections/mist-955.jpg","results/DAWN/ENTIRE/qualitative_detections/mist-955.jpg","included_in_repository","DAWN CC BY-NC 3.0","185713","d776dea7d5f9fef1be30f6e0103de03d3cd5c2ac3736c59b0affd9ff33e6a647","185713","d776dea7d5f9fef1be30f6e0103de03d3cd5c2ac3736c59b0affd9ff33e6a647","1",""
"dawn_entire_test","annotated_prediction","DAWN","DAWN_ENTIRE","mixed","dawn_entire_test/dawn_entire_visual_detections/mist-966.jpg","results/DAWN/ENTIRE/qualitative_detections/mist-966.jpg","included_in_repository","DAWN CC BY-NC 3.0","142067","2fc5ec68631b95972d15befa6bb2d7006110421b6c9b0bccc8ce65810bb6904a","142067","2fc5ec68631b95972d15befa6bb2d7006110421b6c9b0bccc8ce65810bb6904a","1",""
"dawn_entire_test","annotated_prediction","DAWN","DAWN_ENTIRE","mixed","dawn_entire_test/dawn_entire_visual_detections/mist-971.jpg","results/DAWN/ENTIRE/qualitative_detections/mist-971.jpg","included_in_repository","DAWN CC BY-NC 3.0","78069","838e72981425aecfe1a0bbcdcfad5aa793ffd23ff24801eb42a9abe36aeec174","78069","838e72981425aecfe1a0bbcdcfad5aa793ffd23ff24801eb42a9abe36aeec174","1",""
"dawn_entire_test","annotated_prediction","DAWN","DAWN_ENTIRE","mixed","dawn_entire_test/dawn_entire_visual_detections/rain_storm-667.jpg","results/DAWN/ENTIRE/qualitative_detections/rain_storm-667.jpg","included_in_repository","DAWN CC BY-NC 3.0","57726","262984590f9e7901a0925aaee58b9a702d5eff6b02966803248f1f5148500ed2","57726","262984590f9e7901a0925aaee58b9a702d5eff6b02966803248f1f5148500ed2","1",""
"dawn_entire_test","annotated_prediction","DAWN","DAWN_ENTIRE","mixed","dawn_entire_test/dawn_entire_visual_detections/rain_storm-676.jpg","results/DAWN/ENTIRE/qualitative_detections/rain_storm-676.jpg","included_in_repository","DAWN CC BY-NC 3.0","80623","7dd3401ab82e405412198306b1771f507b076866d096021c4f40a1c4faf4d778","80623","7dd3401ab82e405412198306b1771f507b076866d096021c4f40a1c4faf4d778","1",""
"dawn_entire_test","annotated_prediction","DAWN","DAWN_ENTIRE","mixed","dawn_entire_test/dawn_entire_visual_detections/rain_storm-681.jpg","results/DAWN/ENTIRE/qualitative_detections/rain_storm-681.jpg","included_in_repository","DAWN CC BY-NC 3.0","61930","55b5c348d9d6aade24146f041ac71fbbb75fd153b72120f8dadc23106c7b2744","61930","55b5c348d9d6aade24146f041ac71fbbb75fd153b72120f8dadc23106c7b2744","1",""
"dawn_entire_test","annotated_prediction","DAWN","DAWN_ENTIRE","mixed","dawn_entire_test/dawn_entire_visual_detections/rain_storm-685.jpg","results/DAWN/ENTIRE/qualitative_detections/rain_storm-685.jpg","included_in_repository","DAWN CC BY-NC 3.0","275739","02f661495e0fdbd90eb218362661633a30ff146f412f6f43f8f4c679edd8baf6","275739","02f661495e0fdbd90eb218362661633a30ff146f412f6f43f8f4c679edd8baf6","1",""
"dawn_entire_test","annotated_prediction","DAWN","DAWN_ENTIRE","mixed","dawn_entire_test/dawn_entire_visual_detections/rain_storm-688.jpg","results/DAWN/ENTIRE/qualitative_detections/rain_storm-688.jpg","included_in_repository","DAWN CC BY-NC 3.0","268215","fb00eac4f39504ee30701c847eecefda003629793db28f8328b75eb485893051","268215","fb00eac4f39504ee30701c847eecefda003629793db28f8328b75eb485893051","1",""
"dawn_entire_test","annotated_prediction","DAWN","DAWN_ENTIRE","mixed","dawn_entire_test/dawn_entire_visual_detections/rain_storm-692.jpg","results/DAWN/ENTIRE/qualitative_detections/rain_storm-692.jpg","included_in_repository","DAWN CC BY-NC 3.0","194690","3ec3f933d2c3ba429772f4c2943e53589db0f1c9ed8c1e1a78b146311cdab04c","194690","3ec3f933d2c3ba429772f4c2943e53589db0f1c9ed8c1e1a78b146311cdab04c","1",""
"dawn_entire_test","annotated_prediction","DAWN","DAWN_ENTIRE","mixed","dawn_entire_test/dawn_entire_visual_detections/rain_storm-696.jpg","results/DAWN/ENTIRE/qualitative_detections/rain_storm-696.jpg","included_in_repository","DAWN CC BY-NC 3.0","233649","c77f75d8a26d29bd4da9f60bde66dc9bb60729d4295939a1490af488b8365abb","233649","c77f75d8a26d29bd4da9f60bde66dc9bb60729d4295939a1490af488b8365abb","1",""
"dawn_entire_test","annotated_prediction","DAWN","DAWN_ENTIRE","mixed","dawn_entire_test/dawn_entire_visual_detections/rain_storm-700.jpg","results/DAWN/ENTIRE/qualitative_detections/rain_storm-700.jpg","included_in_repository","DAWN CC BY-NC 3.0","183691","ea58b263d97d39eea501012bae8d5015eb010bf0e8a14f2282725b8833ca79ee","183691","ea58b263d97d39eea501012bae8d5015eb010bf0e8a14f2282725b8833ca79ee","1",""
"dawn_entire_test","annotated_prediction","DAWN","DAWN_ENTIRE","mixed","dawn_entire_test/dawn_entire_visual_detections/rain_storm-704.jpg","results/DAWN/ENTIRE/qualitative_detections/rain_storm-704.jpg","included_in_repository","DAWN CC BY-NC 3.0","252256","1918ae1b1408cebd69f26648831aa9a97c0c87b187c117386a97f3b7c78022f1","252256","1918ae1b1408cebd69f26648831aa9a97c0c87b187c117386a97f3b7c78022f1","1",""
"dawn_entire_test","annotated_prediction","DAWN","DAWN_ENTIRE","mixed","dawn_entire_test/dawn_entire_visual_detections/rain_storm-708.jpg","results/DAWN/ENTIRE/qualitative_detections/rain_storm-708.jpg","included_in_repository","DAWN CC BY-NC 3.0","274050","6f8371b38ccb57404fe5bec9cd90b62f6b1d01cf51572c092ae236c1c156b54f","274050","6f8371b38ccb57404fe5bec9cd90b62f6b1d01cf51572c092ae236c1c156b54f","1",""
"dawn_entire_test","annotated_prediction","DAWN","DAWN_ENTIRE","mixed","dawn_entire_test/dawn_entire_visual_detections/rain_storm-712.jpg","results/DAWN/ENTIRE/qualitative_detections/rain_storm-712.jpg","included_in_repository","DAWN CC BY-NC 3.0","182568","478bcd1e15b8114b080bdf424adb62c1389fe08d69208fe90870bcd188367558","182568","478bcd1e15b8114b080bdf424adb62c1389fe08d69208fe90870bcd188367558","1",""
"dawn_entire_test","annotated_prediction","DAWN","DAWN_ENTIRE","mixed","dawn_entire_test/dawn_entire_visual_detections/rain_storm-720.jpg","results/DAWN/ENTIRE/qualitative_detections/rain_storm-720.jpg","included_in_repository","DAWN CC BY-NC 3.0","225898","3c613188a3081f5b619ee247aa2f5a98d7bb7b7b8302471faf4fbf62ae8e91cd","225898","3c613188a3081f5b619ee247aa2f5a98d7bb7b7b8302471faf4fbf62ae8e91cd","1",""
"dawn_entire_test","annotated_prediction","DAWN","DAWN_ENTIRE","mixed","dawn_entire_test/dawn_entire_visual_detections/rain_storm-724.jpg","results/DAWN/ENTIRE/qualitative_detections/rain_storm-724.jpg","included_in_repository","DAWN CC BY-NC 3.0","180881","9eb16288ab41b089c89f9beb8c33e095166b94091cdfe13e74af0a883cdd199d","180881","9eb16288ab41b089c89f9beb8c33e095166b94091cdfe13e74af0a883cdd199d","1",""
"dawn_entire_test","annotated_prediction","DAWN","DAWN_ENTIRE","mixed","dawn_entire_test/dawn_entire_visual_detections/rain_storm-732.jpg","results/DAWN/ENTIRE/qualitative_detections/rain_storm-732.jpg","included_in_repository","DAWN CC BY-NC 3.0","124002","ca44f56b3663747a76f2213b9c067e958793dc7118a808e14abbaa4fe9a24a3a","124002","ca44f56b3663747a76f2213b9c067e958793dc7118a808e14abbaa4fe9a24a3a","1",""
"dawn_entire_test","annotated_prediction","DAWN","DAWN_ENTIRE","mixed","dawn_entire_test/dawn_entire_visual_detections/rain_storm-736.jpg","results/DAWN/ENTIRE/qualitative_detections/rain_storm-736.jpg","included_in_repository","DAWN CC BY-NC 3.0","454816","21b96a8b7ff265602c71865c147bb7687d6eb4d61c1303d5d30a16d700183c49","454816","21b96a8b7ff265602c71865c147bb7687d6eb4d61c1303d5d30a16d700183c49","1",""
"dawn_entire_test","annotated_prediction","DAWN","DAWN_ENTIRE","mixed","dawn_entire_test/dawn_entire_visual_detections/rain_storm-740.jpg","results/DAWN/ENTIRE/qualitative_detections/rain_storm-740.jpg","included_in_repository","DAWN CC BY-NC 3.0","335409","49ad3f076dcbb0a131730bc89df1d68a572fe99a8d0ecc366662c2660efbbd17","335409","49ad3f076dcbb0a131730bc89df1d68a572fe99a8d0ecc366662c2660efbbd17","1",""
"dawn_entire_test","annotated_prediction","DAWN","DAWN_ENTIRE","mixed","dawn_entire_test/dawn_entire_visual_detections/rain_storm-744.jpg","results/DAWN/ENTIRE/qualitative_detections/rain_storm-744.jpg","included_in_repository","DAWN CC BY-NC 3.0","175910","5bcc9b2e4577f95c4dc80f7b8aa5febd6259c7edc43d533ffe1f5a5367480e5d","175910","5bcc9b2e4577f95c4dc80f7b8aa5febd6259c7edc43d533ffe1f5a5367480e5d","1",""
"dawn_entire_test","annotated_prediction","DAWN","DAWN_ENTIRE","mixed","dawn_entire_test/dawn_entire_visual_detections/rain_storm-748.jpg","results/DAWN/ENTIRE/qualitative_detections/rain_storm-748.jpg","included_in_repository","DAWN CC BY-NC 3.0","251578","bbf18ccd510488eb98c1ad18d1debb3d13376334b98aebf99bce8f36a83972a6","251578","bbf18ccd510488eb98c1ad18d1debb3d13376334b98aebf99bce8f36a83972a6","1",""
"dawn_entire_test","annotated_prediction","DAWN","DAWN_ENTIRE","mixed","dawn_entire_test/dawn_entire_visual_detections/rain_storm-757.jpg","results/DAWN/ENTIRE/qualitative_detections/rain_storm-757.jpg","included_in_repository","DAWN CC BY-NC 3.0","377712","fd31ccd0e46f66be2d59a2853bca22a132b12b9acc7f9869457443e6a6551648","377712","fd31ccd0e46f66be2d59a2853bca22a132b12b9acc7f9869457443e6a6551648","1",""
"dawn_entire_test","annotated_prediction","DAWN","DAWN_ENTIRE","mixed","dawn_entire_test/dawn_entire_visual_detections/rain_storm-766.jpg","results/DAWN/ENTIRE/qualitative_detections/rain_storm-766.jpg","included_in_repository","DAWN CC BY-NC 3.0","330035","5f8d2900932cd628e1319e847ed095ed1928870e9f76739e3face3931d69a411","330035","5f8d2900932cd628e1319e847ed095ed1928870e9f76739e3face3931d69a411","1",""
"dawn_entire_test","annotated_prediction","DAWN","DAWN_ENTIRE","mixed","dawn_entire_test/dawn_entire_visual_detections/rain_storm-775.jpg","results/DAWN/ENTIRE/qualitative_detections/rain_storm-775.jpg","included_in_repository","DAWN CC BY-NC 3.0","323752","495a580b7e13b796affa41adaae8e1d4bfdb34c0f3721b3baf5436bc5cf836ec","323752","495a580b7e13b796affa41adaae8e1d4bfdb34c0f3721b3baf5436bc5cf836ec","1",""
"dawn_entire_test","annotated_prediction","DAWN","DAWN_ENTIRE","mixed","dawn_entire_test/dawn_entire_visual_detections/rain_storm-779.jpg","results/DAWN/ENTIRE/qualitative_detections/rain_storm-779.jpg","included_in_repository","DAWN CC BY-NC 3.0","322956","d272fefcf81d60291cbbbcea8007e193daae9eed64b8d9e9101fffb462f88192","322956","d272fefcf81d60291cbbbcea8007e193daae9eed64b8d9e9101fffb462f88192","1",""
"dawn_entire_test","annotated_prediction","DAWN","DAWN_ENTIRE","mixed","dawn_entire_test/dawn_entire_visual_detections/rain_storm-783.jpg","results/DAWN/ENTIRE/qualitative_detections/rain_storm-783.jpg","included_in_repository","DAWN CC BY-NC 3.0","115561","0fb09d71aa7756f61f806becafb96942bb852faf45a606b9630a4c9a136d6241","115561","0fb09d71aa7756f61f806becafb96942bb852faf45a606b9630a4c9a136d6241","1",""
"dawn_entire_test","annotated_prediction","DAWN","DAWN_ENTIRE","mixed","dawn_entire_test/dawn_entire_visual_detections/rain_storm-787.jpg","results/DAWN/ENTIRE/qualitative_detections/rain_storm-787.jpg","included_in_repository","DAWN CC BY-NC 3.0","90012","ee15fd6dc44d045b17720d2ac43c9bc6328a437ef6c50dbc32e8ef9148df52ce","90012","ee15fd6dc44d045b17720d2ac43c9bc6328a437ef6c50dbc32e8ef9148df52ce","1",""
"dawn_entire_test","annotated_prediction","DAWN","DAWN_ENTIRE","mixed","dawn_entire_test/dawn_entire_visual_detections/rain_storm-789.jpg","results/DAWN/ENTIRE/qualitative_detections/rain_storm-789.jpg","included_in_repository","DAWN CC BY-NC 3.0","311410","66efc754438c224d072f6d50fab55ac45636c7a53db6a5d5a7b6fd67013d5a82","311410","66efc754438c224d072f6d50fab55ac45636c7a53db6a5d5a7b6fd67013d5a82","1",""
"dawn_entire_test","annotated_prediction","DAWN","DAWN_ENTIRE","mixed","dawn_entire_test/dawn_entire_visual_detections/rain_storm-807.jpg","results/DAWN/ENTIRE/qualitative_detections/rain_storm-807.jpg","included_in_repository","DAWN CC BY-NC 3.0","78579","79194c5faefbf74fdb2514b33c7108201374a7dfd39f2730c849b433a3ea7aac","78579","79194c5faefbf74fdb2514b33c7108201374a7dfd39f2730c849b433a3ea7aac","1",""
"dawn_entire_test","annotated_prediction","DAWN","DAWN_ENTIRE","mixed","dawn_entire_test/dawn_entire_visual_detections/rain_storm-811.jpg","results/DAWN/ENTIRE/qualitative_detections/rain_storm-811.jpg","included_in_repository","DAWN CC BY-NC 3.0","96035","4e8ecb9ebb88477bb3c534df3be13a79474a88de27d7f08749d943e8f71fb487","96035","4e8ecb9ebb88477bb3c534df3be13a79474a88de27d7f08749d943e8f71fb487","1",""
"dawn_entire_test","annotated_prediction","DAWN","DAWN_ENTIRE","mixed","dawn_entire_test/dawn_entire_visual_detections/rain_storm-815.jpg","results/DAWN/ENTIRE/qualitative_detections/rain_storm-815.jpg","included_in_repository","DAWN CC BY-NC 3.0","255248","b7da53f6f59908c1fb4044902729c0f01f4898b344261b125a27329ccc5d4cc8","255248","b7da53f6f59908c1fb4044902729c0f01f4898b344261b125a27329ccc5d4cc8","1",""
"dawn_entire_test","annotated_prediction","DAWN","DAWN_ENTIRE","mixed","dawn_entire_test/dawn_entire_visual_detections/rain_storm-823.jpg","results/DAWN/ENTIRE/qualitative_detections/rain_storm-823.jpg","included_in_repository","DAWN CC BY-NC 3.0","167695","a338296d28eb911f2636ae50aeea7772c88ea10f5e32462a6976f9fbcd9c87da","167695","a338296d28eb911f2636ae50aeea7772c88ea10f5e32462a6976f9fbcd9c87da","1",""
"dawn_entire_test","annotated_prediction","DAWN","DAWN_ENTIRE","mixed","dawn_entire_test/dawn_entire_visual_detections/rain_storm-835.jpg","results/DAWN/ENTIRE/qualitative_detections/rain_storm-835.jpg","included_in_repository","DAWN CC BY-NC 3.0","238146","807a92c174012d47293419b0902835f75f36db3d7cfc35308c1cd3fb2ce159f4","238146","807a92c174012d47293419b0902835f75f36db3d7cfc35308c1cd3fb2ce159f4","1",""
"dawn_entire_test","annotated_prediction","DAWN","DAWN_ENTIRE","mixed","dawn_entire_test/dawn_entire_visual_detections/rain_storm-839.jpg","results/DAWN/ENTIRE/qualitative_detections/rain_storm-839.jpg","included_in_repository","DAWN CC BY-NC 3.0","211950","ab978940f99f8879b6140957f8718ec6d9911ff3f4944f1c3918fddfbaca3fb1","211950","ab978940f99f8879b6140957f8718ec6d9911ff3f4944f1c3918fddfbaca3fb1","1",""
"dawn_entire_test","annotated_prediction","DAWN","DAWN_ENTIRE","mixed","dawn_entire_test/dawn_entire_visual_detections/rain_storm-843.jpg","results/DAWN/ENTIRE/qualitative_detections/rain_storm-843.jpg","included_in_repository","DAWN CC BY-NC 3.0","162709","f32b63c8cb9df8121d7c9487871a029fc01e30fe10877a13ba3dcaae2fc472fe","162709","f32b63c8cb9df8121d7c9487871a029fc01e30fe10877a13ba3dcaae2fc472fe","1",""
"dawn_entire_test","annotated_prediction","DAWN","DAWN_ENTIRE","mixed","dawn_entire_test/dawn_entire_visual_detections/rain_storm-847.jpg","results/DAWN/ENTIRE/qualitative_detections/rain_storm-847.jpg","included_in_repository","DAWN CC BY-NC 3.0","73363","36fedc34665089bdffecbcd0a1e07c317c8205a4bbe71c9fde0eb06b8fb5b4f7","73363","36fedc34665089bdffecbcd0a1e07c317c8205a4bbe71c9fde0eb06b8fb5b4f7","1",""
"dawn_entire_test","annotated_prediction","DAWN","DAWN_ENTIRE","mixed","dawn_entire_test/dawn_entire_visual_detections/rain_storm-851.jpg","results/DAWN/ENTIRE/qualitative_detections/rain_storm-851.jpg","included_in_repository","DAWN CC BY-NC 3.0","96428","4f44a7e20d0a21d6fae9f6829a758135a1e7b935c827ef934a16adeea10f357f","96428","4f44a7e20d0a21d6fae9f6829a758135a1e7b935c827ef934a16adeea10f357f","1",""
"dawn_entire_test","annotated_prediction","DAWN","DAWN_ENTIRE","mixed","dawn_entire_test/dawn_entire_visual_detections/rain_storm-855.jpg","results/DAWN/ENTIRE/qualitative_detections/rain_storm-855.jpg","included_in_repository","DAWN CC BY-NC 3.0","340899","e9458d883278e9c83999aec04df51f1918fc65ebec4df7bbeee13de600801a2b","340899","e9458d883278e9c83999aec04df51f1918fc65ebec4df7bbeee13de600801a2b","1",""
"dawn_entire_test","annotated_prediction","DAWN","DAWN_ENTIRE","mixed","dawn_entire_test/dawn_entire_visual_detections/rain_storm-859.jpg","results/DAWN/ENTIRE/qualitative_detections/rain_storm-859.jpg","included_in_repository","DAWN CC BY-NC 3.0","188067","ca482b5321c46f2355de9db41791214e4dc4b14a852a04336eb314a6bb57ce03","188067","ca482b5321c46f2355de9db41791214e4dc4b14a852a04336eb314a6bb57ce03","1",""
"dawn_entire_test","annotated_prediction","DAWN","DAWN_ENTIRE","mixed","dawn_entire_test/dawn_entire_visual_detections/rain_storm-863.jpg","results/DAWN/ENTIRE/qualitative_detections/rain_storm-863.jpg","included_in_repository","DAWN CC BY-NC 3.0","173353","e98ea121a9c306f99d751731196e11479ba5ecf522155bc4cf20d05bc679ae90","173353","e98ea121a9c306f99d751731196e11479ba5ecf522155bc4cf20d05bc679ae90","1",""
"dawn_entire_test","annotated_prediction","DAWN","DAWN_ENTIRE","mixed","dawn_entire_test/dawn_entire_visual_detections/rain_storm-901.jpg","results/DAWN/ENTIRE/qualitative_detections/rain_storm-901.jpg","included_in_repository","DAWN CC BY-NC 3.0","213936","01ff725fe7d017d1d19cf8988f4564c9a4f5c2d5c2d638ecc6885d8628bf5b40","213936","01ff725fe7d017d1d19cf8988f4564c9a4f5c2d5c2d638ecc6885d8628bf5b40","1",""
"dawn_entire_test","annotated_prediction","DAWN","DAWN_ENTIRE","mixed","dawn_entire_test/dawn_entire_visual_detections/rain_storm-932.jpg","results/DAWN/ENTIRE/qualitative_detections/rain_storm-932.jpg","included_in_repository","DAWN CC BY-NC 3.0","126242","e6511fd9725342251a31f06b7ae849ef327bd5bb0301e9a16f9805c20d34327b","126242","e6511fd9725342251a31f06b7ae849ef327bd5bb0301e9a16f9805c20d34327b","1",""
"dawn_entire_test","annotated_prediction","DAWN","DAWN_ENTIRE","mixed","dawn_entire_test/dawn_entire_visual_detections/rain_storm-939.jpg","results/DAWN/ENTIRE/qualitative_detections/rain_storm-939.jpg","included_in_repository","DAWN CC BY-NC 3.0","187692","6300616b31166f5d42519ddc39dbf8a6b6ed1a45d30796b608e0c9cde1a14cf3","187692","6300616b31166f5d42519ddc39dbf8a6b6ed1a45d30796b608e0c9cde1a14cf3","1",""
"dawn_entire_test","annotated_prediction","DAWN","DAWN_ENTIRE","mixed","dawn_entire_test/dawn_entire_visual_detections/rain_storm-981.jpg","results/DAWN/ENTIRE/qualitative_detections/rain_storm-981.jpg","included_in_repository","DAWN CC BY-NC 3.0","131887","9a8f39af4518fa8474494e2aed9148589843449f82adc9f9d489f9f499ed06d8","131887","9a8f39af4518fa8474494e2aed9148589843449f82adc9f9d489f9f499ed06d8","1",""
"dawn_entire_test","annotated_prediction","DAWN","DAWN_ENTIRE","mixed","dawn_entire_test/dawn_entire_visual_detections/rain_storm-985.jpg","results/DAWN/ENTIRE/qualitative_detections/rain_storm-985.jpg","included_in_repository","DAWN CC BY-NC 3.0","426669","4fa0829c74b067c3e077a5cc927a6b554def8c8a602e18646da6f6a78cb4966d","426669","4fa0829c74b067c3e077a5cc927a6b554def8c8a602e18646da6f6a78cb4966d","1",""
"dawn_fog_test","detection_log","ACDC","ACDC_FOG","fog","dawn_fog_test/fog_inference_results.csv","results/ACDC/FOG/inference_results.csv","included_in_repository","Research-generated detection metadata","29961","f0492d60aef1929df90d9c809f57913dce91c41e9cfb32dcee19bca5349acee6","29434","07a84bbd786ce11e76defb181bc8317ab1c735ad706505d176384f06d8244985","1","Historical folder label is misleading; the archived notebook configured the ACDC Fog model and ACDC Fog inputs."
"dawn_fog_test","annotated_prediction","ACDC","ACDC_FOG","fog","dawn_fog_test/fog_visual_detections/GOPR0476_frame_000761_rgb_anon.jpg","","withheld_acdc_redistribution_restriction","ACDC research-use licence: image redistribution prohibited","370492","470ac52f0b431efde64ed0ade3f5df37c21704d412223b969a34672ca7b3ab2f","","","2","Historical folder label is misleading; the archived notebook configured the ACDC Fog model and ACDC Fog inputs."
"dawn_fog_test","annotated_prediction","ACDC","ACDC_FOG","fog","dawn_fog_test/fog_visual_detections/GOPR0476_frame_000769_rgb_anon.jpg","","withheld_acdc_redistribution_restriction","ACDC research-use licence: image redistribution prohibited","394394","bca68a8c8c4d1698b0de03d089466368bf5f3053d0885bbf7679f9feb120961f","","","2","Historical folder label is misleading; the archived notebook configured the ACDC Fog model and ACDC Fog inputs."
"dawn_fog_test","annotated_prediction","ACDC","ACDC_FOG","fog","dawn_fog_test/fog_visual_detections/GOPR0476_frame_000775_rgb_anon.jpg","","withheld_acdc_redistribution_restriction","ACDC research-use licence: image redistribution prohibited","412612","f69591fe5222d9b4cf55ca2442dbb187b06ebb9b8d04a291a3cd5126ee286df2","","","2","Historical folder label is misleading; the archived notebook configured the ACDC Fog model and ACDC Fog inputs."
"dawn_fog_test","annotated_prediction","ACDC","ACDC_FOG","fog","dawn_fog_test/fog_visual_detections/GOPR0476_frame_000781_rgb_anon.jpg","","withheld_acdc_redistribution_restriction","ACDC research-use licence: image redistribution prohibited","399103","5171d61245d3d219eb00a6775c258b6a70a209f22cb4dec087a36a816c2fde6a","","","2","Historical folder label is misleading; the archived notebook configured the ACDC Fog model and ACDC Fog inputs."
"dawn_fog_test","annotated_prediction","ACDC","ACDC_FOG","fog","dawn_fog_test/fog_visual_detections/GOPR0476_frame_000788_rgb_anon.jpg","","withheld_acdc_redistribution_restriction","ACDC research-use licence: image redistribution prohibited","475620","2d08ed8eca848df2a08d175f3052235add345e69088be913a371dd380acea507","","","2","Historical folder label is misleading; the archived notebook configured the ACDC Fog model and ACDC Fog inputs."
"dawn_fog_test","annotated_prediction","ACDC","ACDC_FOG","fog","dawn_fog_test/fog_visual_detections/GOPR0476_frame_000798_rgb_anon.jpg","","withheld_acdc_redistribution_restriction","ACDC research-use licence: image redistribution prohibited","355469","4b146c85f677ee1208ddcfabd0f34acc215ebf7451c40b60ee4ef26a3278e25e","","","2","Historical folder label is misleading; the archived notebook configured the ACDC Fog model and ACDC Fog inputs."
"dawn_fog_test","annotated_prediction","ACDC","ACDC_FOG","fog","dawn_fog_test/fog_visual_detections/GOPR0476_frame_000826_rgb_anon.jpg","","withheld_acdc_redistribution_restriction","ACDC research-use licence: image redistribution prohibited","479426","ca7d44a96a29172169ad0da550102e5f75c571c315feab66de9cadb1c1a35dcd","","","2","Historical folder label is misleading; the archived notebook configured the ACDC Fog model and ACDC Fog inputs."
"dawn_fog_test","annotated_prediction","ACDC","ACDC_FOG","fog","dawn_fog_test/fog_visual_detections/GOPR0476_frame_000834_rgb_anon.jpg","","withheld_acdc_redistribution_restriction","ACDC research-use licence: image redistribution prohibited","519955","9262d35680504e843214713f8f5fca952b1c3bf4d53c6b98b7a7a16b44fdc310","","","2","Historical folder label is misleading; the archived notebook configured the ACDC Fog model and ACDC Fog inputs."
"dawn_fog_test","annotated_prediction","ACDC","ACDC_FOG","fog","dawn_fog_test/fog_visual_detections/GOPR0476_frame_000840_rgb_anon.jpg","","withheld_acdc_redistribution_restriction","ACDC research-use licence: image redistribution prohibited","491279","7b9a3d0bbe4e9683a02fd1b35fe4cb05f446bb5bac4261745cc177e80f5aa3d1","","","2","Historical folder label is misleading; the archived notebook configured the ACDC Fog model and ACDC Fog inputs."
"dawn_fog_test","annotated_prediction","ACDC","ACDC_FOG","fog","dawn_fog_test/fog_visual_detections/GOPR0476_frame_000845_rgb_anon.jpg","","withheld_acdc_redistribution_restriction","ACDC research-use licence: image redistribution prohibited","473128","7a84a2c57aa6aff597512c4471d95acc040e6d350c1bea29a589008670b7ba08","","","2","Historical folder label is misleading; the archived notebook configured the ACDC Fog model and ACDC Fog inputs."
"dawn_fog_test","annotated_prediction","ACDC","ACDC_FOG","fog","dawn_fog_test/fog_visual_detections/GOPR0476_frame_000850_rgb_anon.jpg","","withheld_acdc_redistribution_restriction","ACDC research-use licence: image redistribution prohibited","448683","d2ba0005ff24d0dce692f025bcb1d8e9ed5cb2f9734957216b1826797592d4ae","","","2","Historical folder label is misleading; the archived notebook configured the ACDC Fog model and ACDC Fog inputs."
"dawn_fog_test","annotated_prediction","ACDC","ACDC_FOG","fog","dawn_fog_test/fog_visual_detections/GOPR0476_frame_000854_rgb_anon.jpg","","withheld_acdc_redistribution_restriction","ACDC research-use licence: image redistribution prohibited","483476","7a7a77791ef7df9ae5571656f2a216219dd8746621dbe11a3fd10fc2b6d225d0","","","2","Historical folder label is misleading; the archived notebook configured the ACDC Fog model and ACDC Fog inputs."
"dawn_fog_test","annotated_prediction","ACDC","ACDC_FOG","fog","dawn_fog_test/fog_visual_detections/GOPR0476_frame_000859_rgb_anon.jpg","","withheld_acdc_redistribution_restriction","ACDC research-use licence: image redistribution prohibited","483663","a865bae1c889d55de535ffa96ae1ac0ae12645cef92691a07b8d7014c5dea4e6","","","2","Historical folder label is misleading; the archived notebook configured the ACDC Fog model and ACDC Fog inputs."
"dawn_fog_test","annotated_prediction","ACDC","ACDC_FOG","fog","dawn_fog_test/fog_visual_detections/GOPR0476_frame_000864_rgb_anon.jpg","","withheld_acdc_redistribution_restriction","ACDC research-use licence: image redistribution prohibited","510754","27d2323d4682fab20d577ae5abde4bc7bbc4b2122f280529ca220df5ac259f84","","","2","Historical folder label is misleading; the archived notebook configured the ACDC Fog model and ACDC Fog inputs."
"dawn_fog_test","annotated_prediction","ACDC","ACDC_FOG","fog","dawn_fog_test/fog_visual_detections/GOPR0476_frame_000869_rgb_anon.jpg","","withheld_acdc_redistribution_restriction","ACDC research-use licence: image redistribution prohibited","446383","9b08ea5da39f375293f045c466eba46530be0086f768fa95047dd751b5cae8b4","","","2","Historical folder label is misleading; the archived notebook configured the ACDC Fog model and ACDC Fog inputs."
"dawn_fog_test","annotated_prediction","ACDC","ACDC_FOG","fog","dawn_fog_test/fog_visual_detections/GOPR0476_frame_000874_rgb_anon.jpg","","withheld_acdc_redistribution_restriction","ACDC research-use licence: image redistribution prohibited","406706","860864e05e9267fdacb0d4479a7d32d9632f36b4d2983c410abcbe08335db5c2","","","2","Historical folder label is misleading; the archived notebook configured the ACDC Fog model and ACDC Fog inputs."
"dawn_fog_test","annotated_prediction","ACDC","ACDC_FOG","fog","dawn_fog_test/fog_visual_detections/GOPR0476_frame_000879_rgb_anon.jpg","","withheld_acdc_redistribution_restriction","ACDC research-use licence: image redistribution prohibited","468494","4e28b418b95a0742654db37563ba4ec8f9d47d09c3cd2449428d66231b8adaca","","","2","Historical folder label is misleading; the archived notebook configured the ACDC Fog model and ACDC Fog inputs."
"dawn_fog_test","annotated_prediction","ACDC","ACDC_FOG","fog","dawn_fog_test/fog_visual_detections/GOPR0476_frame_000884_rgb_anon.jpg","","withheld_acdc_redistribution_restriction","ACDC research-use licence: image redistribution prohibited","510360","c762eb518ead54fbc955b789a5792df74121748ce9173c391e35b8a855bd03a9","","","2","Historical folder label is misleading; the archived notebook configured the ACDC Fog model and ACDC Fog inputs."
"dawn_fog_test","annotated_prediction","ACDC","ACDC_FOG","fog","dawn_fog_test/fog_visual_detections/GOPR0476_frame_000889_rgb_anon.jpg","","withheld_acdc_redistribution_restriction","ACDC research-use licence: image redistribution prohibited","481995","7a1dff32bf3ddd3c1f859923b105d908d0f8ff83f5c3483c8129070b85543cbf","","","2","Historical folder label is misleading; the archived notebook configured the ACDC Fog model and ACDC Fog inputs."
"dawn_fog_test","annotated_prediction","ACDC","ACDC_FOG","fog","dawn_fog_test/fog_visual_detections/GOPR0476_frame_000894_rgb_anon.jpg","","withheld_acdc_redistribution_restriction","ACDC research-use licence: image redistribution prohibited","566745","a5a42ca7dd239d2cff02185941dd4f31a0572ee9be7204237ca3d2f01bee28ad","","","2","Historical folder label is misleading; the archived notebook configured the ACDC Fog model and ACDC Fog inputs."
"dawn_fog_test","annotated_prediction","ACDC","ACDC_FOG","fog","dawn_fog_test/fog_visual_detections/GOPR0476_frame_000899_rgb_anon.jpg","","withheld_acdc_redistribution_restriction","ACDC research-use licence: image redistribution prohibited","566357","c19a437debdfaf070d718de027b49a73d2c0b61d44829bcad20aa0dab2a3d4b4","","","2","Historical folder label is misleading; the archived notebook configured the ACDC Fog model and ACDC Fog inputs."
"dawn_fog_test","annotated_prediction","ACDC","ACDC_FOG","fog","dawn_fog_test/fog_visual_detections/GOPR0476_frame_000904_rgb_anon.jpg","","withheld_acdc_redistribution_restriction","ACDC research-use licence: image redistribution prohibited","636603","6dea8e94f3970da1b7afb7759f83f5e8a87537bf283ca867790fe8d1724c18c8","","","2","Historical folder label is misleading; the archived notebook configured the ACDC Fog model and ACDC Fog inputs."
"dawn_fog_test","annotated_prediction","ACDC","ACDC_FOG","fog","dawn_fog_test/fog_visual_detections/GOPR0476_frame_000910_rgb_anon.jpg","","withheld_acdc_redistribution_restriction","ACDC research-use licence: image redistribution prohibited","472108","1f3e5ce26fe2bc427467bf6c5a349944812ef38fbed5f9cd087ccca504a928ac","","","2","Historical folder label is misleading; the archived notebook configured the ACDC Fog model and ACDC Fog inputs."
"dawn_fog_test","annotated_prediction","ACDC","ACDC_FOG","fog","dawn_fog_test/fog_visual_detections/GOPR0476_frame_000916_rgb_anon.jpg","","withheld_acdc_redistribution_restriction","ACDC research-use licence: image redistribution prohibited","599527","8bf3f3f62b3d7e6f8eae38777c4b3ff0688ed502a2331be22d8d61adcfa84bbb","","","2","Historical folder label is misleading; the archived notebook configured the ACDC Fog model and ACDC Fog inputs."
"dawn_fog_test","annotated_prediction","ACDC","ACDC_FOG","fog","dawn_fog_test/fog_visual_detections/GOPR0476_frame_000921_rgb_anon.jpg","","withheld_acdc_redistribution_restriction","ACDC research-use licence: image redistribution prohibited","434536","9dd115224ec58112a97a722674bedb9816abaf71428866b77b74ce2aae164765","","","2","Historical folder label is misleading; the archived notebook configured the ACDC Fog model and ACDC Fog inputs."
"dawn_fog_test","annotated_prediction","ACDC","ACDC_FOG","fog","dawn_fog_test/fog_visual_detections/GOPR0476_frame_000926_rgb_anon.jpg","","withheld_acdc_redistribution_restriction","ACDC research-use licence: image redistribution prohibited","486461","8e34621f964020bd56a22c313700fb68f0a45068d73d161424466cd02d8b19df","","","2","Historical folder label is misleading; the archived notebook configured the ACDC Fog model and ACDC Fog inputs."
"dawn_fog_test","annotated_prediction","ACDC","ACDC_FOG","fog","dawn_fog_test/fog_visual_detections/GOPR0476_frame_000931_rgb_anon.jpg","","withheld_acdc_redistribution_restriction","ACDC research-use licence: image redistribution prohibited","421920","38ca2404e41c4a9b880382b09b5065e299b204e6174da1815f14df3d1bf31c5d","","","2","Historical folder label is misleading; the archived notebook configured the ACDC Fog model and ACDC Fog inputs."
"dawn_fog_test","annotated_prediction","ACDC","ACDC_FOG","fog","dawn_fog_test/fog_visual_detections/GOPR0476_frame_000935_rgb_anon.jpg","","withheld_acdc_redistribution_restriction","ACDC research-use licence: image redistribution prohibited","394563","4cfdb9a37bca97c40d7bf0c5a00947ea2fafa5fd71092bf27b16404b98245645","","","2","Historical folder label is misleading; the archived notebook configured the ACDC Fog model and ACDC Fog inputs."
"dawn_fog_test","annotated_prediction","ACDC","ACDC_FOG","fog","dawn_fog_test/fog_visual_detections/GOPR0476_frame_000940_rgb_anon.jpg","","withheld_acdc_redistribution_restriction","ACDC research-use licence: image redistribution prohibited","423497","0c833c0021944e1ef6d50022c2c56eb842c0ffa568cc637bc0a951e890075d8c","","","2","Historical folder label is misleading; the archived notebook configured the ACDC Fog model and ACDC Fog inputs."
"dawn_fog_test","annotated_prediction","ACDC","ACDC_FOG","fog","dawn_fog_test/fog_visual_detections/GOPR0476_frame_000944_rgb_anon.jpg","","withheld_acdc_redistribution_restriction","ACDC research-use licence: image redistribution prohibited","428641","83bddc5b923524c5edee1f6f709f5d8b6f0b87a51808ff25cb0da4493fa2a4e0","","","2","Historical folder label is misleading; the archived notebook configured the ACDC Fog model and ACDC Fog inputs."
"dawn_fog_test","annotated_prediction","ACDC","ACDC_FOG","fog","dawn_fog_test/fog_visual_detections/GOPR0476_frame_000948_rgb_anon.jpg","","withheld_acdc_redistribution_restriction","ACDC research-use licence: image redistribution prohibited","418059","57402fd28dbc0dd10c1005faa559e7dc3590330077148435b2ca77904f03d2a9","","","2","Historical folder label is misleading; the archived notebook configured the ACDC Fog model and ACDC Fog inputs."
"dawn_fog_test","annotated_prediction","ACDC","ACDC_FOG","fog","dawn_fog_test/fog_visual_detections/GOPR0476_frame_000952_rgb_anon.jpg","","withheld_acdc_redistribution_restriction","ACDC research-use licence: image redistribution prohibited","548781","8ae7787533eaf744d4d4b12d1fe6b098f9a8a6f393de0ed442ad5b2c57fc0538","","","2","Historical folder label is misleading; the archived notebook configured the ACDC Fog model and ACDC Fog inputs."
"dawn_fog_test","annotated_prediction","ACDC","ACDC_FOG","fog","dawn_fog_test/fog_visual_detections/GOPR0476_frame_000957_rgb_anon.jpg","","withheld_acdc_redistribution_restriction","ACDC research-use licence: image redistribution prohibited","489560","6360c9ec4440ae9907b3f6c7868fa19fcfbfca5275bd418d8c10c64663dd3c60","","","2","Historical folder label is misleading; the archived notebook configured the ACDC Fog model and ACDC Fog inputs."
"dawn_fog_test","annotated_prediction","ACDC","ACDC_FOG","fog","dawn_fog_test/fog_visual_detections/GOPR0476_frame_000962_rgb_anon.jpg","","withheld_acdc_redistribution_restriction","ACDC research-use licence: image redistribution prohibited","451847","072e48fccd6305b12918cf239b93a6758cad61b5f108fb849e0af5d403f95cea","","","2","Historical folder label is misleading; the archived notebook configured the ACDC Fog model and ACDC Fog inputs."
"dawn_fog_test","annotated_prediction","ACDC","ACDC_FOG","fog","dawn_fog_test/fog_visual_detections/GOPR0476_frame_000982_rgb_anon.jpg","","withheld_acdc_redistribution_restriction","ACDC research-use licence: image redistribution prohibited","454653","c71900d6c5c0ab23ac7daf29737c0e8888018398ff664cfd22a2302e71d9429e","","","2","Historical folder label is misleading; the archived notebook configured the ACDC Fog model and ACDC Fog inputs."
"dawn_fog_test","annotated_prediction","ACDC","ACDC_FOG","fog","dawn_fog_test/fog_visual_detections/GOPR0476_frame_001002_rgb_anon.jpg","","withheld_acdc_redistribution_restriction","ACDC research-use licence: image redistribution prohibited","473882","980ac1005eb133feceaa6c5c4e6f4ae60caf3ebc7fbe0c01931d466c7e5c8de4","","","2","Historical folder label is misleading; the archived notebook configured the ACDC Fog model and ACDC Fog inputs."
"dawn_fog_test","annotated_prediction","ACDC","ACDC_FOG","fog","dawn_fog_test/fog_visual_detections/GOPR0476_frame_001007_rgb_anon.jpg","","withheld_acdc_redistribution_restriction","ACDC research-use licence: image redistribution prohibited","522739","5f7b14d6d4fff56af53f1dff87340b7e1cb632adb043d739231c08383f1720f2","","","2","Historical folder label is misleading; the archived notebook configured the ACDC Fog model and ACDC Fog inputs."
"dawn_fog_test","annotated_prediction","ACDC","ACDC_FOG","fog","dawn_fog_test/fog_visual_detections/GOPR0476_frame_001011_rgb_anon.jpg","","withheld_acdc_redistribution_restriction","ACDC research-use licence: image redistribution prohibited","525306","78b3134f33176fab407e7da49c3ba15693dbc4655b759b7e0b9278f349b68bac","","","2","Historical folder label is misleading; the archived notebook configured the ACDC Fog model and ACDC Fog inputs."
"dawn_fog_test","annotated_prediction","ACDC","ACDC_FOG","fog","dawn_fog_test/fog_visual_detections/GOPR0476_frame_001015_rgb_anon.jpg","","withheld_acdc_redistribution_restriction","ACDC research-use licence: image redistribution prohibited","441347","361759462d095d7473e123bec9b79065bf57b16a003a298ad635aaeba87d9909","","","2","Historical folder label is misleading; the archived notebook configured the ACDC Fog model and ACDC Fog inputs."
"dawn_fog_test","annotated_prediction","ACDC","ACDC_FOG","fog","dawn_fog_test/fog_visual_detections/GOPR0476_frame_001019_rgb_anon.jpg","","withheld_acdc_redistribution_restriction","ACDC research-use licence: image redistribution prohibited","477923","5e171da4c142996ab38a444a18ce3311bf6255f8c6454a4c3349b0dbfa84995b","","","2","Historical folder label is misleading; the archived notebook configured the ACDC Fog model and ACDC Fog inputs."
"dawn_fog_test","annotated_prediction","ACDC","ACDC_FOG","fog","dawn_fog_test/fog_visual_detections/GOPR0476_frame_001024_rgb_anon.jpg","","withheld_acdc_redistribution_restriction","ACDC research-use licence: image redistribution prohibited","506111","2db364834071be48758c5ff7045084df472dca1dee367ec67377cb30452afa51","","","2","Historical folder label is misleading; the archived notebook configured the ACDC Fog model and ACDC Fog inputs."
"dawn_fog_test","annotated_prediction","ACDC","ACDC_FOG","fog","dawn_fog_test/fog_visual_detections/GOPR0476_frame_001029_rgb_anon.jpg","","withheld_acdc_redistribution_restriction","ACDC research-use licence: image redistribution prohibited","475586","fb121c24859b572f5d643780cbbf6088f37168dcf71145ff62681eada026c70a","","","2","Historical folder label is misleading; the archived notebook configured the ACDC Fog model and ACDC Fog inputs."
"dawn_fog_test","annotated_prediction","ACDC","ACDC_FOG","fog","dawn_fog_test/fog_visual_detections/GOPR0476_frame_001033_rgb_anon.jpg","","withheld_acdc_redistribution_restriction","ACDC research-use licence: image redistribution prohibited","382935","f1d5bc41f61b8dc495180bbd3a3ee3a8c871842c923c151e61b70265dad508f7","","","2","Historical folder label is misleading; the archived notebook configured the ACDC Fog model and ACDC Fog inputs."
"dawn_fog_test","annotated_prediction","ACDC","ACDC_FOG","fog","dawn_fog_test/fog_visual_detections/GOPR0476_frame_001039_rgb_anon.jpg","","withheld_acdc_redistribution_restriction","ACDC research-use licence: image redistribution prohibited","386230","b0c3f32426361327e0f61c9cd7b27f46056bfc36d5c555d2fb0f8c0fb99de1ee","","","2","Historical folder label is misleading; the archived notebook configured the ACDC Fog model and ACDC Fog inputs."
"dawn_fog_test","annotated_prediction","ACDC","ACDC_FOG","fog","dawn_fog_test/fog_visual_detections/GOPR0476_frame_001055_rgb_anon.jpg","","withheld_acdc_redistribution_restriction","ACDC research-use licence: image redistribution prohibited","493710","7731a50b2db0dd1561e02d5497d1106c635da5dded4b2e8d85a1b180d5cbbb5d","","","2","Historical folder label is misleading; the archived notebook configured the ACDC Fog model and ACDC Fog inputs."
"dawn_fog_test","annotated_prediction","ACDC","ACDC_FOG","fog","dawn_fog_test/fog_visual_detections/GOPR0476_frame_001060_rgb_anon.jpg","","withheld_acdc_redistribution_restriction","ACDC research-use licence: image redistribution prohibited","392637","4d739f24cfea9f64825007ae7bddb162a70a6f3a5ed77a5e3913cb7e35b70d4a","","","2","Historical folder label is misleading; the archived notebook configured the ACDC Fog model and ACDC Fog inputs."
"dawn_fog_test","annotated_prediction","ACDC","ACDC_FOG","fog","dawn_fog_test/fog_visual_detections/GP010476_frame_000001_rgb_anon.jpg","","withheld_acdc_redistribution_restriction","ACDC research-use licence: image redistribution prohibited","414869","8e0001184dcf0c520bfde9d00b9d22d3b60acb1224f8a8f960f1f2955281474d","","","2","Historical folder label is misleading; the archived notebook configured the ACDC Fog model and ACDC Fog inputs."
"dawn_fog_test","annotated_prediction","ACDC","ACDC_FOG","fog","dawn_fog_test/fog_visual_detections/GP010476_frame_000006_rgb_anon.jpg","","withheld_acdc_redistribution_restriction","ACDC research-use licence: image redistribution prohibited","397680","00f37e8c1e747296d75f1bd0376bfe95234b694bb18f09f01ba2ddc5cf90f235","","","2","Historical folder label is misleading; the archived notebook configured the ACDC Fog model and ACDC Fog inputs."
"dawn_fog_test","annotated_prediction","ACDC","ACDC_FOG","fog","dawn_fog_test/fog_visual_detections/GP010476_frame_000010_rgb_anon.jpg","","withheld_acdc_redistribution_restriction","ACDC research-use licence: image redistribution prohibited","407929","08b9bd9f99cb9c712a939f2cdea1fd1bb54f6bdd1fa75ac62243fe6d04e63dbe","","","2","Historical folder label is misleading; the archived notebook configured the ACDC Fog model and ACDC Fog inputs."
"dawn_fog_test","annotated_prediction","ACDC","ACDC_FOG","fog","dawn_fog_test/fog_visual_detections/GP010476_frame_000014_rgb_anon.jpg","","withheld_acdc_redistribution_restriction","ACDC research-use licence: image redistribution prohibited","444773","d767d9bd42785df8f978f55d86209ddabb3e778849f8c637d4f17d4bfa651e76","","","2","Historical folder label is misleading; the archived notebook configured the ACDC Fog model and ACDC Fog inputs."
"dawn_fog_test","annotated_prediction","ACDC","ACDC_FOG","fog","dawn_fog_test/fog_visual_detections/GP010476_frame_000018_rgb_anon.jpg","","withheld_acdc_redistribution_restriction","ACDC research-use licence: image redistribution prohibited","453092","bddb8cec7338fb4c0ada4ff8f5cb1f3d083415230592cd12fece35099ce557cf","","","2","Historical folder label is misleading; the archived notebook configured the ACDC Fog model and ACDC Fog inputs."
"dawn_fog_test","annotated_prediction","ACDC","ACDC_FOG","fog","dawn_fog_test/fog_visual_detections/GP010476_frame_000022_rgb_anon.jpg","","withheld_acdc_redistribution_restriction","ACDC research-use licence: image redistribution prohibited","472237","0f0e6f2870844fdaa105e27d87329520f1d7807503947f45d0554b7f7198b61b","","","2","Historical folder label is misleading; the archived notebook configured the ACDC Fog model and ACDC Fog inputs."
"dawn_fog_test","annotated_prediction","ACDC","ACDC_FOG","fog","dawn_fog_test/fog_visual_detections/GP010476_frame_000026_rgb_anon.jpg","","withheld_acdc_redistribution_restriction","ACDC research-use licence: image redistribution prohibited","507277","d76771822ee2670a29d643cbb06067567e317251fcb03a21cf8e5aaa3e81ec0f","","","2","Historical folder label is misleading; the archived notebook configured the ACDC Fog model and ACDC Fog inputs."
"dawn_fog_test","annotated_prediction","ACDC","ACDC_FOG","fog","dawn_fog_test/fog_visual_detections/GP010476_frame_000031_rgb_anon.jpg","","withheld_acdc_redistribution_restriction","ACDC research-use licence: image redistribution prohibited","584836","5d32211f16901a79aa86ed253bfe4c754e1ff11379721e82b9f1020197cb49b0","","","2","Historical folder label is misleading; the archived notebook configured the ACDC Fog model and ACDC Fog inputs."
"dawn_fog_test","annotated_prediction","ACDC","ACDC_FOG","fog","dawn_fog_test/fog_visual_detections/GP010476_frame_000051_rgb_anon.jpg","","withheld_acdc_redistribution_restriction","ACDC research-use licence: image redistribution prohibited","493210","edee505ecc8965e3fdb0b05f7b60bc7040b554c16152812670d0a94eef8d6e8d","","","2","Historical folder label is misleading; the archived notebook configured the ACDC Fog model and ACDC Fog inputs."
"dawn_fog_test","annotated_prediction","ACDC","ACDC_FOG","fog","dawn_fog_test/fog_visual_detections/GP010476_frame_000058_rgb_anon.jpg","","withheld_acdc_redistribution_restriction","ACDC research-use licence: image redistribution prohibited","401744","3f65ca97a780416482ab5f85e2ab8805e28b7a8c4dfbcccc638fcd17d6179c6e","","","2","Historical folder label is misleading; the archived notebook configured the ACDC Fog model and ACDC Fog inputs."
"dawn_fog_test","annotated_prediction","ACDC","ACDC_FOG","fog","dawn_fog_test/fog_visual_detections/GP010476_frame_000063_rgb_anon.jpg","","withheld_acdc_redistribution_restriction","ACDC research-use licence: image redistribution prohibited","396813","93f4e4143a70a0755a3618f39b4b955c5f24933218e76b4f8980f6a30cd45359","","","2","Historical folder label is misleading; the archived notebook configured the ACDC Fog model and ACDC Fog inputs."
"dawn_fog_test","annotated_prediction","ACDC","ACDC_FOG","fog","dawn_fog_test/fog_visual_detections/GP010476_frame_000068_rgb_anon.jpg","","withheld_acdc_redistribution_restriction","ACDC research-use licence: image redistribution prohibited","442056","972c3436e8cf1e2005da22ecf6bd0126dac07aa5207f8a85245d97171d1c2264","","","2","Historical folder label is misleading; the archived notebook configured the ACDC Fog model and ACDC Fog inputs."
"dawn_fog_test","annotated_prediction","ACDC","ACDC_FOG","fog","dawn_fog_test/fog_visual_detections/GP010476_frame_000073_rgb_anon.jpg","","withheld_acdc_redistribution_restriction","ACDC research-use licence: image redistribution prohibited","408255","3cd514b4831de143094d2212ce9290d268689871b94fe6512331c7b7a56cee14","","","2","Historical folder label is misleading; the archived notebook configured the ACDC Fog model and ACDC Fog inputs."
"dawn_fog_test","annotated_prediction","ACDC","ACDC_FOG","fog","dawn_fog_test/fog_visual_detections/GP010476_frame_000078_rgb_anon.jpg","","withheld_acdc_redistribution_restriction","ACDC research-use licence: image redistribution prohibited","443436","23b27de9b0b96aee0d4f132e6ecd0a842d43adcdbc7871c7a1f3e06589bc40b4","","","2","Historical folder label is misleading; the archived notebook configured the ACDC Fog model and ACDC Fog inputs."
"dawn_fog_test","annotated_prediction","ACDC","ACDC_FOG","fog","dawn_fog_test/fog_visual_detections/GP010476_frame_000084_rgb_anon.jpg","","withheld_acdc_redistribution_restriction","ACDC research-use licence: image redistribution prohibited","574212","3d039b392644680f7c7c47730d74115fc740ba4db334a87afec0c23d9c9f5b69","","","2","Historical folder label is misleading; the archived notebook configured the ACDC Fog model and ACDC Fog inputs."
"dawn_fog_test","annotated_prediction","ACDC","ACDC_FOG","fog","dawn_fog_test/fog_visual_detections/GP010476_frame_000095_rgb_anon.jpg","","withheld_acdc_redistribution_restriction","ACDC research-use licence: image redistribution prohibited","603893","9c180d871563264be998a922b4e7d6b7fd386cd39a2e68511e64133fa366fdce","","","2","Historical folder label is misleading; the archived notebook configured the ACDC Fog model and ACDC Fog inputs."
"dawn_fog_test","annotated_prediction","ACDC","ACDC_FOG","fog","dawn_fog_test/fog_visual_detections/GP010476_frame_000102_rgb_anon.jpg","","withheld_acdc_redistribution_restriction","ACDC research-use licence: image redistribution prohibited","461094","5d536e7d0928795985b3c159a50a101fff6513457a6d4221eff0fec4b054b0a8","","","2","Historical folder label is misleading; the archived notebook configured the ACDC Fog model and ACDC Fog inputs."
"dawn_fog_test","annotated_prediction","ACDC","ACDC_FOG","fog","dawn_fog_test/fog_visual_detections/GP010476_frame_000108_rgb_anon.jpg","","withheld_acdc_redistribution_restriction","ACDC research-use licence: image redistribution prohibited","459533","0202751b8f9efb22b61c44b9799fcd62f80d4e06c2ccceb8ddedb57285b08d02","","","2","Historical folder label is misleading; the archived notebook configured the ACDC Fog model and ACDC Fog inputs."
"dawn_fog_test","annotated_prediction","ACDC","ACDC_FOG","fog","dawn_fog_test/fog_visual_detections/GP010476_frame_000114_rgb_anon.jpg","","withheld_acdc_redistribution_restriction","ACDC research-use licence: image redistribution prohibited","588212","518a11a2d66c3cf38e397454d17a4aa32e1cef569a37d8f620d46d0c14a80e68","","","2","Historical folder label is misleading; the archived notebook configured the ACDC Fog model and ACDC Fog inputs."
"dawn_fog_test","annotated_prediction","ACDC","ACDC_FOG","fog","dawn_fog_test/fog_visual_detections/GP010476_frame_000120_rgb_anon.jpg","","withheld_acdc_redistribution_restriction","ACDC research-use licence: image redistribution prohibited","565864","28591d22f257f07fd97a354fa5922d751f463942f01db5bb786606b29620a22c","","","2","Historical folder label is misleading; the archived notebook configured the ACDC Fog model and ACDC Fog inputs."
"dawn_fog_test","annotated_prediction","ACDC","ACDC_FOG","fog","dawn_fog_test/fog_visual_detections/GP010476_frame_000125_rgb_anon.jpg","","withheld_acdc_redistribution_restriction","ACDC research-use licence: image redistribution prohibited","447472","9473344db1db828778742dbbd17d149999b5d2c92c5ce8b5611fc0d8dbeb9562","","","2","Historical folder label is misleading; the archived notebook configured the ACDC Fog model and ACDC Fog inputs."
"dawn_fog_test","annotated_prediction","ACDC","ACDC_FOG","fog","dawn_fog_test/fog_visual_detections/GP010476_frame_000131_rgb_anon.jpg","","withheld_acdc_redistribution_restriction","ACDC research-use licence: image redistribution prohibited","440830","5326cc12f5276038ed6b3678146dc315e46ad11c2bb8d48bcfbb3c98dad0a70b","","","2","Historical folder label is misleading; the archived notebook configured the ACDC Fog model and ACDC Fog inputs."
"dawn_fog_test","annotated_prediction","ACDC","ACDC_FOG","fog","dawn_fog_test/fog_visual_detections/GP010476_frame_000137_rgb_anon.jpg","","withheld_acdc_redistribution_restriction","ACDC research-use licence: image redistribution prohibited","425256","605efed44a54905e5f61f7746083d3be3dcb320a54d9c153bd95268338fe975f","","","2","Historical folder label is misleading; the archived notebook configured the ACDC Fog model and ACDC Fog inputs."
"dawn_fog_test","annotated_prediction","ACDC","ACDC_FOG","fog","dawn_fog_test/fog_visual_detections/GP010476_frame_000142_rgb_anon.jpg","","withheld_acdc_redistribution_restriction","ACDC research-use licence: image redistribution prohibited","401371","adb2819f0588492c08e5d77916f8244f98ce6f072e5547c5ce3c8b07fa44676c","","","2","Historical folder label is misleading; the archived notebook configured the ACDC Fog model and ACDC Fog inputs."
"dawn_fog_test","annotated_prediction","ACDC","ACDC_FOG","fog","dawn_fog_test/fog_visual_detections/GP010476_frame_000147_rgb_anon.jpg","","withheld_acdc_redistribution_restriction","ACDC research-use licence: image redistribution prohibited","500149","036620049c7d903126892cf629ce0660023277cdb032bd9d053f9c56af9f6c6e","","","2","Historical folder label is misleading; the archived notebook configured the ACDC Fog model and ACDC Fog inputs."
"dawn_fog_test","annotated_prediction","ACDC","ACDC_FOG","fog","dawn_fog_test/fog_visual_detections/GP010476_frame_000161_rgb_anon.jpg","","withheld_acdc_redistribution_restriction","ACDC research-use licence: image redistribution prohibited","490333","1ca108afec0a9e70ee3dbc29062c1fb9a655ddb56bcdf7d8ed2c5f33b222853e","","","2","Historical folder label is misleading; the archived notebook configured the ACDC Fog model and ACDC Fog inputs."
"dawn_fog_test","annotated_prediction","ACDC","ACDC_FOG","fog","dawn_fog_test/fog_visual_detections/GP010476_frame_000181_rgb_anon.jpg","","withheld_acdc_redistribution_restriction","ACDC research-use licence: image redistribution prohibited","526133","2c88add743ab8312f3f53f3eba28e37d14de522c764cd66ab004b011446b3d11","","","2","Historical folder label is misleading; the archived notebook configured the ACDC Fog model and ACDC Fog inputs."
"dawn_fog_test","annotated_prediction","ACDC","ACDC_FOG","fog","dawn_fog_test/fog_visual_detections/GP010476_frame_000194_rgb_anon.jpg","","withheld_acdc_redistribution_restriction","ACDC research-use licence: image redistribution prohibited","394636","d76aff7791a710f32904600669f56960abc2a62df4e961cff92dddf6ff4dd04b","","","2","Historical folder label is misleading; the archived notebook configured the ACDC Fog model and ACDC Fog inputs."
"dawn_fog_test","annotated_prediction","ACDC","ACDC_FOG","fog","dawn_fog_test/fog_visual_detections/GP010476_frame_000199_rgb_anon.jpg","","withheld_acdc_redistribution_restriction","ACDC research-use licence: image redistribution prohibited","360404","08c5ca2e57753feb190228b3ca8d9d371052d1ce1eccf520ad09024381819ae1","","","2","Historical folder label is misleading; the archived notebook configured the ACDC Fog model and ACDC Fog inputs."
"dawn_fog_test","annotated_prediction","ACDC","ACDC_FOG","fog","dawn_fog_test/fog_visual_detections/GP010476_frame_000204_rgb_anon.jpg","","withheld_acdc_redistribution_restriction","ACDC research-use licence: image redistribution prohibited","506968","d54bb439d50c9c116adefc034db58f66a37fbf1ea0a099389bf33ad00f48c955","","","2","Historical folder label is misleading; the archived notebook configured the ACDC Fog model and ACDC Fog inputs."
"dawn_fog_test","annotated_prediction","ACDC","ACDC_FOG","fog","dawn_fog_test/fog_visual_detections/GP010476_frame_000242_rgb_anon.jpg","","withheld_acdc_redistribution_restriction","ACDC research-use licence: image redistribution prohibited","392263","05bdaa7e7ac165f9ab612f96ade7d7ea19269ee5abe0e11ac1b8c374ee76f90e","","","2","Historical folder label is misleading; the archived notebook configured the ACDC Fog model and ACDC Fog inputs."
"dawn_fog_test","annotated_prediction","ACDC","ACDC_FOG","fog","dawn_fog_test/fog_visual_detections/GP010476_frame_000255_rgb_anon.jpg","","withheld_acdc_redistribution_restriction","ACDC research-use licence: image redistribution prohibited","357344","bac35c8916c9da2783eeebf66d89830b0f8f136a74c7e20bc1ef411e9309985d","","","2","Historical folder label is misleading; the archived notebook configured the ACDC Fog model and ACDC Fog inputs."
"dawn_fog_test","annotated_prediction","ACDC","ACDC_FOG","fog","dawn_fog_test/fog_visual_detections/GP020475_frame_000054_rgb_anon.jpg","","withheld_acdc_redistribution_restriction","ACDC research-use licence: image redistribution prohibited","459603","fbb5c3d053ccae0cf59c5172f5b2a21d6c979a4141f0e6f03bba0e4a65ddca65","","","2","Historical folder label is misleading; the archived notebook configured the ACDC Fog model and ACDC Fog inputs."
"dawn_fog_test","annotated_prediction","ACDC","ACDC_FOG","fog","dawn_fog_test/fog_visual_detections/GP020475_frame_000061_rgb_anon.jpg","","withheld_acdc_redistribution_restriction","ACDC research-use licence: image redistribution prohibited","482643","c65d54f33ddeff70f67b967bed138fba5ee512e5594e282934cfef82462b6ab5","","","2","Historical folder label is misleading; the archived notebook configured the ACDC Fog model and ACDC Fog inputs."
"dawn_fog_test","annotated_prediction","ACDC","ACDC_FOG","fog","dawn_fog_test/fog_visual_detections/GP020475_frame_000081_rgb_anon.jpg","","withheld_acdc_redistribution_restriction","ACDC research-use licence: image redistribution prohibited","539635","234fdfa6b126832212f723ae637eea8cb6c0b8450f1b1fdc8df2ef217eb36619","","","2","Historical folder label is misleading; the archived notebook configured the ACDC Fog model and ACDC Fog inputs."
"dawn_fog_test","annotated_prediction","ACDC","ACDC_FOG","fog","dawn_fog_test/fog_visual_detections/GP020475_frame_000088_rgb_anon.jpg","","withheld_acdc_redistribution_restriction","ACDC research-use licence: image redistribution prohibited","418817","e65349568faf55ae0103259c1a6a1f46e9bcc33c161581fa26113bd64d9d6df2","","","2","Historical folder label is misleading; the archived notebook configured the ACDC Fog model and ACDC Fog inputs."
"dawn_fog_test","annotated_prediction","ACDC","ACDC_FOG","fog","dawn_fog_test/fog_visual_detections/GP020475_frame_000094_rgb_anon.jpg","","withheld_acdc_redistribution_restriction","ACDC research-use licence: image redistribution prohibited","394902","d8e20b8b17a3ed479fdcc0615aea76fa908dfa238969dcc343417a656aac5bd0","","","2","Historical folder label is misleading; the archived notebook configured the ACDC Fog model and ACDC Fog inputs."
"dawn_fog_test","annotated_prediction","ACDC","ACDC_FOG","fog","dawn_fog_test/fog_visual_detections/GP020475_frame_000100_rgb_anon.jpg","","withheld_acdc_redistribution_restriction","ACDC research-use licence: image redistribution prohibited","437760","c6042bde0110a32de74e122d7c890f71893794202aba1b2f512930794c4c3103","","","2","Historical folder label is misleading; the archived notebook configured the ACDC Fog model and ACDC Fog inputs."
"dawn_fog_test","annotated_prediction","ACDC","ACDC_FOG","fog","dawn_fog_test/fog_visual_detections/GP020475_frame_000109_rgb_anon.jpg","","withheld_acdc_redistribution_restriction","ACDC research-use licence: image redistribution prohibited","442507","4e74ee150f11a0ad62bf8623d8bf026f51355a5c935f25346ed315e9175d794e","","","2","Historical folder label is misleading; the archived notebook configured the ACDC Fog model and ACDC Fog inputs."
"dawn_fog_test","annotated_prediction","ACDC","ACDC_FOG","fog","dawn_fog_test/fog_visual_detections/GP020475_frame_000119_rgb_anon.jpg","","withheld_acdc_redistribution_restriction","ACDC research-use licence: image redistribution prohibited","509561","5b709078badb25851610af2533e591e66fbe660e41c861f6c3a698bd0c41961c","","","2","Historical folder label is misleading; the archived notebook configured the ACDC Fog model and ACDC Fog inputs."
"dawn_fog_test","annotated_prediction","ACDC","ACDC_FOG","fog","dawn_fog_test/fog_visual_detections/GP020475_frame_000125_rgb_anon.jpg","","withheld_acdc_redistribution_restriction","ACDC research-use licence: image redistribution prohibited","506431","c3b0db3587b86bdc3dff047d77ed1aa354aafa9c428b62065eefaa5b661f4118","","","2","Historical folder label is misleading; the archived notebook configured the ACDC Fog model and ACDC Fog inputs."
"dawn_fog_test","annotated_prediction","ACDC","ACDC_FOG","fog","dawn_fog_test/fog_visual_detections/GP020475_frame_000130_rgb_anon.jpg","","withheld_acdc_redistribution_restriction","ACDC research-use licence: image redistribution prohibited","451138","31d1355bbb00bc83c3038f3e79040bcb99caa7d7e8750db83295d57e364a3447","","","2","Historical folder label is misleading; the archived notebook configured the ACDC Fog model and ACDC Fog inputs."
"dawn_fog_test","annotated_prediction","ACDC","ACDC_FOG","fog","dawn_fog_test/fog_visual_detections/GP020475_frame_000135_rgb_anon.jpg","","withheld_acdc_redistribution_restriction","ACDC research-use licence: image redistribution prohibited","485670","4890c5f8d704f2c5cd27a0756ea1ff36f30464d72d80c71dc8c3329e6fc5d61d","","","2","Historical folder label is misleading; the archived notebook configured the ACDC Fog model and ACDC Fog inputs."
"dawn_fog_test","annotated_prediction","ACDC","ACDC_FOG","fog","dawn_fog_test/fog_visual_detections/GP020475_frame_000140_rgb_anon.jpg","","withheld_acdc_redistribution_restriction","ACDC research-use licence: image redistribution prohibited","468091","7dcc9f31fb24794c4f9ae8e5393cb699938a45ce1fcbdd0dda6a82abcb12e68a","","","2","Historical folder label is misleading; the archived notebook configured the ACDC Fog model and ACDC Fog inputs."
"dawn_fog_test","annotated_prediction","ACDC","ACDC_FOG","fog","dawn_fog_test/fog_visual_detections/GP020475_frame_000160_rgb_anon.jpg","","withheld_acdc_redistribution_restriction","ACDC research-use licence: image redistribution prohibited","553772","a022e23d09981aac8732874294128ddd6badba0a47539c4e637eb7deb709268f","","","2","Historical folder label is misleading; the archived notebook configured the ACDC Fog model and ACDC Fog inputs."
"dawn_fog_test","annotated_prediction","ACDC","ACDC_FOG","fog","dawn_fog_test/fog_visual_detections/GP020475_frame_000173_rgb_anon.jpg","","withheld_acdc_redistribution_restriction","ACDC research-use licence: image redistribution prohibited","423799","fb1093ff38d9d4de12e063c32dcbe0cdd4fed711ed9b05e4f1e909d333968b8d","","","2","Historical folder label is misleading; the archived notebook configured the ACDC Fog model and ACDC Fog inputs."
"dawn_fog_test","annotated_prediction","ACDC","ACDC_FOG","fog","dawn_fog_test/fog_visual_detections/GP020475_frame_000179_rgb_anon.jpg","","withheld_acdc_redistribution_restriction","ACDC research-use licence: image redistribution prohibited","529314","50374a8814614fcceb4be6b1796df28f2f58c69bfe9682a5acad80567d0ae8b2","","","2","Historical folder label is misleading; the archived notebook configured the ACDC Fog model and ACDC Fog inputs."
"dawn_fog_test","annotated_prediction","ACDC","ACDC_FOG","fog","dawn_fog_test/fog_visual_detections/GP020475_frame_000184_rgb_anon.jpg","","withheld_acdc_redistribution_restriction","ACDC research-use licence: image redistribution prohibited","473048","d122460e2beaf81fc091b6ac234dead7096d18786326cf976b85690166a86e91","","","2","Historical folder label is misleading; the archived notebook configured the ACDC Fog model and ACDC Fog inputs."
"dawn_fog_test","annotated_prediction","ACDC","ACDC_FOG","fog","dawn_fog_test/fog_visual_detections/GP020475_frame_000189_rgb_anon.jpg","","withheld_acdc_redistribution_restriction","ACDC research-use licence: image redistribution prohibited","418103","6c6e055612f1af9907d7232680ace978b178c7aaab1ac4b3e5778ef68cd830b3","","","2","Historical folder label is misleading; the archived notebook configured the ACDC Fog model and ACDC Fog inputs."
"dawn_fog_test","annotated_prediction","ACDC","ACDC_FOG","fog","dawn_fog_test/fog_visual_detections/GP020475_frame_000194_rgb_anon.jpg","","withheld_acdc_redistribution_restriction","ACDC research-use licence: image redistribution prohibited","455988","8c54e8221a898191c390ad52c4b1db7707e90009583232a92301fd0164b85bce","","","2","Historical folder label is misleading; the archived notebook configured the ACDC Fog model and ACDC Fog inputs."
"dawn_fog_test","annotated_prediction","ACDC","ACDC_FOG","fog","dawn_fog_test/fog_visual_detections/GP020475_frame_000199_rgb_anon.jpg","","withheld_acdc_redistribution_restriction","ACDC research-use licence: image redistribution prohibited","448739","d096b32b2b3f6ab12e55a83b26fd2b22251584eeb18f10a4cf74af7b9077ec75","","","2","Historical folder label is misleading; the archived notebook configured the ACDC Fog model and ACDC Fog inputs."
"dawn_fog_test","annotated_prediction","ACDC","ACDC_FOG","fog","dawn_fog_test/fog_visual_detections/GP020475_frame_000204_rgb_anon.jpg","","withheld_acdc_redistribution_restriction","ACDC research-use licence: image redistribution prohibited","401912","6cba77b68d2a5ed53b73adb0bf105a80acf2d6ecffa2bbd3d4c9aa8437e36653","","","2","Historical folder label is misleading; the archived notebook configured the ACDC Fog model and ACDC Fog inputs."
"dawn_fog_test","annotated_prediction","ACDC","ACDC_FOG","fog","dawn_fog_test/fog_visual_detections/GP020475_frame_000209_rgb_anon.jpg","","withheld_acdc_redistribution_restriction","ACDC research-use licence: image redistribution prohibited","441253","48645f29a2fee78478fba5ee23d1bb84229e9e935620600c47a93d27efa7593c","","","2","Historical folder label is misleading; the archived notebook configured the ACDC Fog model and ACDC Fog inputs."
"dawn_fog_test","annotated_prediction","ACDC","ACDC_FOG","fog","dawn_fog_test/fog_visual_detections/GP020475_frame_000229_rgb_anon.jpg","","withheld_acdc_redistribution_restriction","ACDC research-use licence: image redistribution prohibited","480898","919f0ad55b4979e211dcf41f1d1fb3911d50005c28254805555f2fcae933a04e","","","2","Historical folder label is misleading; the archived notebook configured the ACDC Fog model and ACDC Fog inputs."
"dawn_rain_test","detection_log","ACDC","ACDC_RAIN","rain","dawn_rain_test/rain_inference_results.csv","results/ACDC/RAIN/inference_results.csv","included_in_repository","Research-generated detection metadata","29233","4e40071b70db7f48f5688b8b0c9e7c2aa5a8889bfb1db9f1953830a53749a034","28719","afbab86ec5856a24f051158e68f664251b2214f624d98774851e1626526f5115","1","Historical folder label is misleading; the archived notebook configured the ACDC Rain model and ACDC Rain inputs."
"dawn_rain_test","annotated_prediction","ACDC","ACDC_RAIN","rain","dawn_rain_test/rain_visual_detections/GOPR0400_frame_000058_rgb_anon.jpg","","withheld_acdc_redistribution_restriction","ACDC research-use licence: image redistribution prohibited","487997","0f26e21f17e4fb54a2da8724fd66ca6833f2bac6ddd8b4c600b36a109356e7bc","","","2","Historical folder label is misleading; the archived notebook configured the ACDC Rain model and ACDC Rain inputs."
"dawn_rain_test","annotated_prediction","ACDC","ACDC_RAIN","rain","dawn_rain_test/rain_visual_detections/GOPR0400_frame_000087_rgb_anon.jpg","","withheld_acdc_redistribution_restriction","ACDC research-use licence: image redistribution prohibited","425712","826d7a5f2a97b8c0f731c4500b17ca5653e5f8691e37ad6b2c4c0b0dc9980e42","","","2","Historical folder label is misleading; the archived notebook configured the ACDC Rain model and ACDC Rain inputs."
"dawn_rain_test","annotated_prediction","ACDC","ACDC_RAIN","rain","dawn_rain_test/rain_visual_detections/GOPR0400_frame_000094_rgb_anon.jpg","","withheld_acdc_redistribution_restriction","ACDC research-use licence: image redistribution prohibited","444182","6ba06ee97f9c4ecc6c047c1d094b5761bbd6820ae3947b96ddace144894a9303","","","2","Historical folder label is misleading; the archived notebook configured the ACDC Rain model and ACDC Rain inputs."
"dawn_rain_test","annotated_prediction","ACDC","ACDC_RAIN","rain","dawn_rain_test/rain_visual_detections/GOPR0400_frame_000107_rgb_anon.jpg","","withheld_acdc_redistribution_restriction","ACDC research-use licence: image redistribution prohibited","469334","7d0091079339d451cda1be6c6b70eee516dc7ec3f27588a6994bb0121d876367","","","2","Historical folder label is misleading; the archived notebook configured the ACDC Rain model and ACDC Rain inputs."
"dawn_rain_test","annotated_prediction","ACDC","ACDC_RAIN","rain","dawn_rain_test/rain_visual_detections/GOPR0400_frame_000114_rgb_anon.jpg","","withheld_acdc_redistribution_restriction","ACDC research-use licence: image redistribution prohibited","496431","c39f7db98631fa2624f8449152e485267027eeae86efcd935491de1018e80663","","","2","Historical folder label is misleading; the archived notebook configured the ACDC Rain model and ACDC Rain inputs."
"dawn_rain_test","annotated_prediction","ACDC","ACDC_RAIN","rain","dawn_rain_test/rain_visual_detections/GOPR0400_frame_000125_rgb_anon.jpg","","withheld_acdc_redistribution_restriction","ACDC research-use licence: image redistribution prohibited","467819","ea15a7ef1cfe9208b6dfe298e26abad184aa10abfdb0ef1bf787833784752b51","","","2","Historical folder label is misleading; the archived notebook configured the ACDC Rain model and ACDC Rain inputs."
"dawn_rain_test","annotated_prediction","ACDC","ACDC_RAIN","rain","dawn_rain_test/rain_visual_detections/GOPR0400_frame_000150_rgb_anon.jpg","","withheld_acdc_redistribution_restriction","ACDC research-use licence: image redistribution prohibited","486867","72c1fc2b6c9473313aae16c5be627b30ecaef0077f88699be2dc88e74df18162","","","2","Historical folder label is misleading; the archived notebook configured the ACDC Rain model and ACDC Rain inputs."
"dawn_rain_test","annotated_prediction","ACDC","ACDC_RAIN","rain","dawn_rain_test/rain_visual_detections/GOPR0402_frame_000120_rgb_anon.jpg","","withheld_acdc_redistribution_restriction","ACDC research-use licence: image redistribution prohibited","499172","244dcc5092cd1e37629258233b186004e0885d979b66f9e7f7f8b90002d01658","","","2","Historical folder label is misleading; the archived notebook configured the ACDC Rain model and ACDC Rain inputs."
"dawn_rain_test","annotated_prediction","ACDC","ACDC_RAIN","rain","dawn_rain_test/rain_visual_detections/GOPR0402_frame_000134_rgb_anon.jpg","","withheld_acdc_redistribution_restriction","ACDC research-use licence: image redistribution prohibited","572474","7ed9dd9e747da0105ae503228beaf3229ada77d9ed5289f299a40df48fc54554","","","2","Historical folder label is misleading; the archived notebook configured the ACDC Rain model and ACDC Rain inputs."
"dawn_rain_test","annotated_prediction","ACDC","ACDC_RAIN","rain","dawn_rain_test/rain_visual_detections/GOPR0402_frame_000154_rgb_anon.jpg","","withheld_acdc_redistribution_restriction","ACDC research-use licence: image redistribution prohibited","428173","c4343000cdeec185520028a0fa953f1625d0448c30a1b6a7799857286e3ff13e","","","2","Historical folder label is misleading; the archived notebook configured the ACDC Rain model and ACDC Rain inputs."
"dawn_rain_test","annotated_prediction","ACDC","ACDC_RAIN","rain","dawn_rain_test/rain_visual_detections/GOPR0402_frame_000186_rgb_anon.jpg","","withheld_acdc_redistribution_restriction","ACDC research-use licence: image redistribution prohibited","451647","8c93bec40a702fcc561842786d95bfa1ba7b914d0ed7d3b1c3d6b9ff6f5f2f64","","","2","Historical folder label is misleading; the archived notebook configured the ACDC Rain model and ACDC Rain inputs."
"dawn_rain_test","annotated_prediction","ACDC","ACDC_RAIN","rain","dawn_rain_test/rain_visual_detections/GOPR0402_frame_000194_rgb_anon.jpg","","withheld_acdc_redistribution_restriction","ACDC research-use licence: image redistribution prohibited","595959","4e6558ea333e6f532953e715869601d8002a140b7fece7a8a84b2eb6343abee0","","","2","Historical folder label is misleading; the archived notebook configured the ACDC Rain model and ACDC Rain inputs."
"dawn_rain_test","annotated_prediction","ACDC","ACDC_RAIN","rain","dawn_rain_test/rain_visual_detections/GOPR0402_frame_000214_rgb_anon.jpg","","withheld_acdc_redistribution_restriction","ACDC research-use licence: image redistribution prohibited","587685","d2835303572c7baca0c9700d246605fc3b313181dc9c146e47c76434b15ed04d","","","2","Historical folder label is misleading; the archived notebook configured the ACDC Rain model and ACDC Rain inputs."
"dawn_rain_test","annotated_prediction","ACDC","ACDC_RAIN","rain","dawn_rain_test/rain_visual_detections/GOPR0402_frame_000234_rgb_anon.jpg","","withheld_acdc_redistribution_restriction","ACDC research-use licence: image redistribution prohibited","575608","dc5afb46eabcd4e78263441aea75930d21b4d700a8538568870376e9901b47ca","","","2","Historical folder label is misleading; the archived notebook configured the ACDC Rain model and ACDC Rain inputs."
"dawn_rain_test","annotated_prediction","ACDC","ACDC_RAIN","rain","dawn_rain_test/rain_visual_detections/GOPR0402_frame_000254_rgb_anon.jpg","","withheld_acdc_redistribution_restriction","ACDC research-use licence: image redistribution prohibited","749425","add269fe3e664a9787b6e907233bb074ba8034c3e35eb69ea48facfbc3c379c8","","","2","Historical folder label is misleading; the archived notebook configured the ACDC Rain model and ACDC Rain inputs."
"dawn_rain_test","annotated_prediction","ACDC","ACDC_RAIN","rain","dawn_rain_test/rain_visual_detections/GOPR0402_frame_000294_rgb_anon.jpg","","withheld_acdc_redistribution_restriction","ACDC research-use licence: image redistribution prohibited","584589","f0018d99fc3fd477ef9c1c25b0111e8124be6d34a46dac51c3420a9f8a4f84ae","","","2","Historical folder label is misleading; the archived notebook configured the ACDC Rain model and ACDC Rain inputs."
"dawn_rain_test","annotated_prediction","ACDC","ACDC_RAIN","rain","dawn_rain_test/rain_visual_detections/GOPR0402_frame_000304_rgb_anon.jpg","","withheld_acdc_redistribution_restriction","ACDC research-use licence: image redistribution prohibited","585254","26edccb10515e0827e88d8909f983304dcc31aac9d0befb19adc0802ff74780d","","","2","Historical folder label is misleading; the archived notebook configured the ACDC Rain model and ACDC Rain inputs."
"dawn_rain_test","annotated_prediction","ACDC","ACDC_RAIN","rain","dawn_rain_test/rain_visual_detections/GOPR0402_frame_000315_rgb_anon.jpg","","withheld_acdc_redistribution_restriction","ACDC research-use licence: image redistribution prohibited","560695","7cc0efed5eab55e55bbaf32eebd23a9f8c5b642bb60f96f3a64afd03d8bae7e9","","","2","Historical folder label is misleading; the archived notebook configured the ACDC Rain model and ACDC Rain inputs."
"dawn_rain_test","annotated_prediction","ACDC","ACDC_RAIN","rain","dawn_rain_test/rain_visual_detections/GOPR0402_frame_000320_rgb_anon.jpg","","withheld_acdc_redistribution_restriction","ACDC research-use licence: image redistribution prohibited","623366","f386be9766db1475e0947fb5dac84f528988b9bde0665001c9a4f3376e87fcc2","","","2","Historical folder label is misleading; the archived notebook configured the ACDC Rain model and ACDC Rain inputs."
"dawn_rain_test","annotated_prediction","ACDC","ACDC_RAIN","rain","dawn_rain_test/rain_visual_detections/GOPR0402_frame_000331_rgb_anon.jpg","","withheld_acdc_redistribution_restriction","ACDC research-use licence: image redistribution prohibited","549004","e5fdaec30e2cbf0fb8732e484051986a795c168e2b3d00bdc9b1e9a358df43ca","","","2","Historical folder label is misleading; the archived notebook configured the ACDC Rain model and ACDC Rain inputs."
"dawn_rain_test","annotated_prediction","ACDC","ACDC_RAIN","rain","dawn_rain_test/rain_visual_detections/GOPR0402_frame_000336_rgb_anon.jpg","","withheld_acdc_redistribution_restriction","ACDC research-use licence: image redistribution prohibited","475454","346bdd4fff6512b0d4183a99c8d14b8065387532d92d43cf61bbdc659bb4d1aa","","","2","Historical folder label is misleading; the archived notebook configured the ACDC Rain model and ACDC Rain inputs."
"dawn_rain_test","annotated_prediction","ACDC","ACDC_RAIN","rain","dawn_rain_test/rain_visual_detections/GOPR0402_frame_000351_rgb_anon.jpg","","withheld_acdc_redistribution_restriction","ACDC research-use licence: image redistribution prohibited","474440","b8a415de8e8cbd6af33011a6014a088841f052465e6cda20b85a68469fa57e42","","","2","Historical folder label is misleading; the archived notebook configured the ACDC Rain model and ACDC Rain inputs."
"dawn_rain_test","annotated_prediction","ACDC","ACDC_RAIN","rain","dawn_rain_test/rain_visual_detections/GOPR0402_frame_000365_rgb_anon.jpg","","withheld_acdc_redistribution_restriction","ACDC research-use licence: image redistribution prohibited","544153","f3a1343c60419dfe8e85cd05c96d4d70d6aeae58e7ac33abfd30a1b5237338fb","","","2","Historical folder label is misleading; the archived notebook configured the ACDC Rain model and ACDC Rain inputs."
"dawn_rain_test","annotated_prediction","ACDC","ACDC_RAIN","rain","dawn_rain_test/rain_visual_detections/GOPR0402_frame_000369_rgb_anon.jpg","","withheld_acdc_redistribution_restriction","ACDC research-use licence: image redistribution prohibited","539436","468cadeb5d646bec22dacdfce679e5e86202f869c3dc0099c07d2bfb1edbe0c7","","","2","Historical folder label is misleading; the archived notebook configured the ACDC Rain model and ACDC Rain inputs."
"dawn_rain_test","annotated_prediction","ACDC","ACDC_RAIN","rain","dawn_rain_test/rain_visual_detections/GOPR0402_frame_000384_rgb_anon.jpg","","withheld_acdc_redistribution_restriction","ACDC research-use licence: image redistribution prohibited","590661","dc5c4b5245de88615d77774705b19d1267f3386e4dbde31721d3c97a649ef5aa","","","2","Historical folder label is misleading; the archived notebook configured the ACDC Rain model and ACDC Rain inputs."
"dawn_rain_test","annotated_prediction","ACDC","ACDC_RAIN","rain","dawn_rain_test/rain_visual_detections/GOPR0402_frame_000402_rgb_anon.jpg","","withheld_acdc_redistribution_restriction","ACDC research-use licence: image redistribution prohibited","577313","ac92e056e124ee85feeb50519dc1ebbb6d0e3178369ce4928166b4d3f70b182a","","","2","Historical folder label is misleading; the archived notebook configured the ACDC Rain model and ACDC Rain inputs."
"dawn_rain_test","annotated_prediction","ACDC","ACDC_RAIN","rain","dawn_rain_test/rain_visual_detections/GOPR0402_frame_000408_rgb_anon.jpg","","withheld_acdc_redistribution_restriction","ACDC research-use licence: image redistribution prohibited","495546","423b543a7f97a5559ebdb94854a983d894d958c10cdec9af5717adc83d796904","","","2","Historical folder label is misleading; the archived notebook configured the ACDC Rain model and ACDC Rain inputs."
"dawn_rain_test","annotated_prediction","ACDC","ACDC_RAIN","rain","dawn_rain_test/rain_visual_detections/GOPR0402_frame_000424_rgb_anon.jpg","","withheld_acdc_redistribution_restriction","ACDC research-use licence: image redistribution prohibited","390741","4196750ec56cac6a4b2bcf71c2fd8e76c40bcbb58d63bdb67e4dc9ccbc5b108a","","","2","Historical folder label is misleading; the archived notebook configured the ACDC Rain model and ACDC Rain inputs."
"dawn_rain_test","annotated_prediction","ACDC","ACDC_RAIN","rain","dawn_rain_test/rain_visual_detections/GOPR0402_frame_000429_rgb_anon.jpg","","withheld_acdc_redistribution_restriction","ACDC research-use licence: image redistribution prohibited","492250","3ea64544b8dd8996ba5f6f457e3663175c5c10d5c27a2b596c4de9ca67d279c8","","","2","Historical folder label is misleading; the archived notebook configured the ACDC Rain model and ACDC Rain inputs."
"dawn_rain_test","annotated_prediction","ACDC","ACDC_RAIN","rain","dawn_rain_test/rain_visual_detections/GOPR0402_frame_000435_rgb_anon.jpg","","withheld_acdc_redistribution_restriction","ACDC research-use licence: image redistribution prohibited","599219","7d142ed792371a9cf017cea41e0ea7e89d8763a750ad0a2fd19b67aa365e1071","","","2","Historical folder label is misleading; the archived notebook configured the ACDC Rain model and ACDC Rain inputs."
"dawn_rain_test","annotated_prediction","ACDC","ACDC_RAIN","rain","dawn_rain_test/rain_visual_detections/GOPR0402_frame_000441_rgb_anon.jpg","","withheld_acdc_redistribution_restriction","ACDC research-use licence: image redistribution prohibited","560385","843f9930ed7038c2a552d294031ee8788d12991c64895fc467e926d2fa06b5c1","","","2","Historical folder label is misleading; the archived notebook configured the ACDC Rain model and ACDC Rain inputs."
"dawn_rain_test","annotated_prediction","ACDC","ACDC_RAIN","rain","dawn_rain_test/rain_visual_detections/GOPR0402_frame_000457_rgb_anon.jpg","","withheld_acdc_redistribution_restriction","ACDC research-use licence: image redistribution prohibited","589937","7e0c95f04854aa9a4d369a6be373b22da0213ea0d16707c9a9352cfdc4ae4011","","","2","Historical folder label is misleading; the archived notebook configured the ACDC Rain model and ACDC Rain inputs."
"dawn_rain_test","annotated_prediction","ACDC","ACDC_RAIN","rain","dawn_rain_test/rain_visual_detections/GOPR0402_frame_000741_rgb_anon.jpg","","withheld_acdc_redistribution_restriction","ACDC research-use licence: image redistribution prohibited","507981","a5be4a11e4282f783f9b2f4edf481910e8ffbce1755ac462a2364ade2ce43da8","","","2","Historical folder label is misleading; the archived notebook configured the ACDC Rain model and ACDC Rain inputs."
"dawn_rain_test","annotated_prediction","ACDC","ACDC_RAIN","rain","dawn_rain_test/rain_visual_detections/GOPR0402_frame_000748_rgb_anon.jpg","","withheld_acdc_redistribution_restriction","ACDC research-use licence: image redistribution prohibited","524268","d9c5aa55ae0c39f1d9cdc083cc9ed13fc9085d77f06f539a698b6f85ca621d3c","","","2","Historical folder label is misleading; the archived notebook configured the ACDC Rain model and ACDC Rain inputs."
"dawn_rain_test","annotated_prediction","ACDC","ACDC_RAIN","rain","dawn_rain_test/rain_visual_detections/GOPR0402_frame_000755_rgb_anon.jpg","","withheld_acdc_redistribution_restriction","ACDC research-use licence: image redistribution prohibited","528717","612054b7993f7694bfa56027a1b9196c4807c2b313bd830ca626b11daf7185e7","","","2","Historical folder label is misleading; the archived notebook configured the ACDC Rain model and ACDC Rain inputs."
"dawn_rain_test","annotated_prediction","ACDC","ACDC_RAIN","rain","dawn_rain_test/rain_visual_detections/GOPR0402_frame_000761_rgb_anon.jpg","","withheld_acdc_redistribution_restriction","ACDC research-use licence: image redistribution prohibited","550682","68d3506117855304028685b7f7a0d0f8d9136afe7498ed79306ed151e3d11f0b","","","2","Historical folder label is misleading; the archived notebook configured the ACDC Rain model and ACDC Rain inputs."
"dawn_rain_test","annotated_prediction","ACDC","ACDC_RAIN","rain","dawn_rain_test/rain_visual_detections/GOPR0571_frame_000232_rgb_anon.jpg","","withheld_acdc_redistribution_restriction","ACDC research-use licence: image redistribution prohibited","587914","d5e45aa1a98e514a2fa41770a47e6ac5ddd1c15f66a00adc872a7e8d33f4182a","","","2","Historical folder label is misleading; the archived notebook configured the ACDC Rain model and ACDC Rain inputs."
"dawn_rain_test","annotated_prediction","ACDC","ACDC_RAIN","rain","dawn_rain_test/rain_visual_detections/GOPR0571_frame_000275_rgb_anon.jpg","","withheld_acdc_redistribution_restriction","ACDC research-use licence: image redistribution prohibited","680212","43ff84b2b0891f2f761b030762d05a69f8097e94672c43b1880e58e45174b980","","","2","Historical folder label is misleading; the archived notebook configured the ACDC Rain model and ACDC Rain inputs."
"dawn_rain_test","annotated_prediction","ACDC","ACDC_RAIN","rain","dawn_rain_test/rain_visual_detections/GOPR0572_frame_000736_rgb_anon.jpg","","withheld_acdc_redistribution_restriction","ACDC research-use licence: image redistribution prohibited","534177","db1802ce38ed9e2011fb97a82206440628c28c72c00d4a4698016a5ac330b646","","","2","Historical folder label is misleading; the archived notebook configured the ACDC Rain model and ACDC Rain inputs."
"dawn_rain_test","annotated_prediction","ACDC","ACDC_RAIN","rain","dawn_rain_test/rain_visual_detections/GOPR0572_frame_000740_rgb_anon.jpg","","withheld_acdc_redistribution_restriction","ACDC research-use licence: image redistribution prohibited","448598","3654efc7e183ebeaf747e5eb1908a9fc0156488e880d554d944b60d33c0d69f6","","","2","Historical folder label is misleading; the archived notebook configured the ACDC Rain model and ACDC Rain inputs."
"dawn_rain_test","annotated_prediction","ACDC","ACDC_RAIN","rain","dawn_rain_test/rain_visual_detections/GOPR0572_frame_000748_rgb_anon.jpg","","withheld_acdc_redistribution_restriction","ACDC research-use licence: image redistribution prohibited","433599","859909bebf1aefda759876b4ac9f506dfab3a4b20d23e8005e1e38cd35f69e19","","","2","Historical folder label is misleading; the archived notebook configured the ACDC Rain model and ACDC Rain inputs."
"dawn_rain_test","annotated_prediction","ACDC","ACDC_RAIN","rain","dawn_rain_test/rain_visual_detections/GOPR0572_frame_000752_rgb_anon.jpg","","withheld_acdc_redistribution_restriction","ACDC research-use licence: image redistribution prohibited","481467","5fdfabc9482f211971342eb47f31f4353e00d8127fded6647b68f652f4808f24","","","2","Historical folder label is misleading; the archived notebook configured the ACDC Rain model and ACDC Rain inputs."
"dawn_rain_test","annotated_prediction","ACDC","ACDC_RAIN","rain","dawn_rain_test/rain_visual_detections/GOPR0572_frame_000756_rgb_anon.jpg","","withheld_acdc_redistribution_restriction","ACDC research-use licence: image redistribution prohibited","437962","e83d2bec032c399267b2d173b24d5ad508b66e2c120727f7847749ecbaa8016b","","","2","Historical folder label is misleading; the archived notebook configured the ACDC Rain model and ACDC Rain inputs."
"dawn_rain_test","annotated_prediction","ACDC","ACDC_RAIN","rain","dawn_rain_test/rain_visual_detections/GOPR0572_frame_000760_rgb_anon.jpg","","withheld_acdc_redistribution_restriction","ACDC research-use licence: image redistribution prohibited","466243","9f01dd147f41b7bc3eee88ae2eaa9aa240258d3e1a665a50c16ddcd132b76986","","","2","Historical folder label is misleading; the archived notebook configured the ACDC Rain model and ACDC Rain inputs."
"dawn_rain_test","annotated_prediction","ACDC","ACDC_RAIN","rain","dawn_rain_test/rain_visual_detections/GOPR0572_frame_000773_rgb_anon.jpg","","withheld_acdc_redistribution_restriction","ACDC research-use licence: image redistribution prohibited","590571","3fe23f1179245a22df79cf47cf39751ab24cf19b99533a1a5e4fd0cf3d12e932","","","2","Historical folder label is misleading; the archived notebook configured the ACDC Rain model and ACDC Rain inputs."
"dawn_rain_test","annotated_prediction","ACDC","ACDC_RAIN","rain","dawn_rain_test/rain_visual_detections/GOPR0572_frame_000778_rgb_anon.jpg","","withheld_acdc_redistribution_restriction","ACDC research-use licence: image redistribution prohibited","516457","90f4c3168a489f796127d07701daef27840a0eb16303703357a9d837670fdd5b","","","2","Historical folder label is misleading; the archived notebook configured the ACDC Rain model and ACDC Rain inputs."
"dawn_rain_test","annotated_prediction","ACDC","ACDC_RAIN","rain","dawn_rain_test/rain_visual_detections/GOPR0572_frame_000820_rgb_anon.jpg","","withheld_acdc_redistribution_restriction","ACDC research-use licence: image redistribution prohibited","556592","1e130c8dd1a145d6573c47a1d6accb4a5e1df757a22ece9c8313d85ea9bea308","","","2","Historical folder label is misleading; the archived notebook configured the ACDC Rain model and ACDC Rain inputs."
"dawn_rain_test","annotated_prediction","ACDC","ACDC_RAIN","rain","dawn_rain_test/rain_visual_detections/GOPR0572_frame_000825_rgb_anon.jpg","","withheld_acdc_redistribution_restriction","ACDC research-use licence: image redistribution prohibited","564977","e6ca0381a4dcd3970b77fecf9673558695cce2b53d618e612fe97f1be897428c","","","2","Historical folder label is misleading; the archived notebook configured the ACDC Rain model and ACDC Rain inputs."
"dawn_rain_test","annotated_prediction","ACDC","ACDC_RAIN","rain","dawn_rain_test/rain_visual_detections/GOPR0572_frame_000830_rgb_anon.jpg","","withheld_acdc_redistribution_restriction","ACDC research-use licence: image redistribution prohibited","566376","45694655d7858f96fae682dc55ac3e9aa1785d5fc1d60ea3685e0c7bafe941da","","","2","Historical folder label is misleading; the archived notebook configured the ACDC Rain model and ACDC Rain inputs."
"dawn_rain_test","annotated_prediction","ACDC","ACDC_RAIN","rain","dawn_rain_test/rain_visual_detections/GOPR0572_frame_000836_rgb_anon.jpg","","withheld_acdc_redistribution_restriction","ACDC research-use licence: image redistribution prohibited","554516","7e4e14a95009024a60e5e81d31b62ba431c505c03d913751319ee45167af0e3e","","","2","Historical folder label is misleading; the archived notebook configured the ACDC Rain model and ACDC Rain inputs."
"dawn_rain_test","annotated_prediction","ACDC","ACDC_RAIN","rain","dawn_rain_test/rain_visual_detections/GOPR0572_frame_000860_rgb_anon.jpg","","withheld_acdc_redistribution_restriction","ACDC research-use licence: image redistribution prohibited","581056","53eba594eab4fba1a4edf0580451b4062a98364bbde139908c5ab704cb623ef2","","","2","Historical folder label is misleading; the archived notebook configured the ACDC Rain model and ACDC Rain inputs."
"dawn_rain_test","annotated_prediction","ACDC","ACDC_RAIN","rain","dawn_rain_test/rain_visual_detections/GP010400_frame_000214_rgb_anon.jpg","","withheld_acdc_redistribution_restriction","ACDC research-use licence: image redistribution prohibited","510110","73f81a65555158f55bfe2c1e4b75c43d13435345bd5095afdd8218f53be094ac","","","2","Historical folder label is misleading; the archived notebook configured the ACDC Rain model and ACDC Rain inputs."
"dawn_rain_test","annotated_prediction","ACDC","ACDC_RAIN","rain","dawn_rain_test/rain_visual_detections/GP010400_frame_000234_rgb_anon.jpg","","withheld_acdc_redistribution_restriction","ACDC research-use licence: image redistribution prohibited","503651","1f204c8bae22ad5e10bab45748d019cb1e8419f8a24a691faac4a9fae2e69880","","","2","Historical folder label is misleading; the archived notebook configured the ACDC Rain model and ACDC Rain inputs."
"dawn_rain_test","annotated_prediction","ACDC","ACDC_RAIN","rain","dawn_rain_test/rain_visual_detections/GP010400_frame_000290_rgb_anon.jpg","","withheld_acdc_redistribution_restriction","ACDC research-use licence: image redistribution prohibited","532180","ced277df2306a4843290fb23e1fbb2ad3bc8fa121994c49318ac955238ba6f43","","","2","Historical folder label is misleading; the archived notebook configured the ACDC Rain model and ACDC Rain inputs."
"dawn_rain_test","annotated_prediction","ACDC","ACDC_RAIN","rain","dawn_rain_test/rain_visual_detections/GP010400_frame_000350_rgb_anon.jpg","","withheld_acdc_redistribution_restriction","ACDC research-use licence: image redistribution prohibited","618011","8e621dcaa4690f673c75966416346129dacd64838214d8382d15ad29ffec1b02","","","2","Historical folder label is misleading; the archived notebook configured the ACDC Rain model and ACDC Rain inputs."
"dawn_rain_test","annotated_prediction","ACDC","ACDC_RAIN","rain","dawn_rain_test/rain_visual_detections/GP010400_frame_000360_rgb_anon.jpg","","withheld_acdc_redistribution_restriction","ACDC research-use licence: image redistribution prohibited","560052","692e733ec4464d880dcb43df433d25c1e5a0e25f720b345a56ad3c896be8bb2e","","","2","Historical folder label is misleading; the archived notebook configured the ACDC Rain model and ACDC Rain inputs."
"dawn_rain_test","annotated_prediction","ACDC","ACDC_RAIN","rain","dawn_rain_test/rain_visual_detections/GP010400_frame_000380_rgb_anon.jpg","","withheld_acdc_redistribution_restriction","ACDC research-use licence: image redistribution prohibited","528908","d9ec61ab309619488be362dbf47f038c5631cdaa1b40d452463ee7b3173c259f","","","2","Historical folder label is misleading; the archived notebook configured the ACDC Rain model and ACDC Rain inputs."
"dawn_rain_test","annotated_prediction","ACDC","ACDC_RAIN","rain","dawn_rain_test/rain_visual_detections/GP020402_frame_000599_rgb_anon.jpg","","withheld_acdc_redistribution_restriction","ACDC research-use licence: image redistribution prohibited","449765","1d2c3791ec81a856a721a02b7709058846de158b4ca2708f99e012e0bc9aa9ec","","","2","Historical folder label is misleading; the archived notebook configured the ACDC Rain model and ACDC Rain inputs."
"dawn_rain_test","annotated_prediction","ACDC","ACDC_RAIN","rain","dawn_rain_test/rain_visual_detections/GP020402_frame_000615_rgb_anon.jpg","","withheld_acdc_redistribution_restriction","ACDC research-use licence: image redistribution prohibited","460064","eaab1a4e8978de99636917282ae3dbcdfdfc098c0ec9104b13a6e281eca48bc6","","","2","Historical folder label is misleading; the archived notebook configured the ACDC Rain model and ACDC Rain inputs."
"dawn_rain_test","annotated_prediction","ACDC","ACDC_RAIN","rain","dawn_rain_test/rain_visual_detections/GP020402_frame_000624_rgb_anon.jpg","","withheld_acdc_redistribution_restriction","ACDC research-use licence: image redistribution prohibited","494094","fca229553a3ead9c51c849cba190788723c7e3d412e4a3834627382a790d0dc1","","","2","Historical folder label is misleading; the archived notebook configured the ACDC Rain model and ACDC Rain inputs."
"dawn_rain_test","annotated_prediction","ACDC","ACDC_RAIN","rain","dawn_rain_test/rain_visual_detections/GP020402_frame_000644_rgb_anon.jpg","","withheld_acdc_redistribution_restriction","ACDC research-use licence: image redistribution prohibited","468279","7fad443e9cb87924cddf625b69cfed869872502adfd6122692b930950b96cc4e","","","2","Historical folder label is misleading; the archived notebook configured the ACDC Rain model and ACDC Rain inputs."
"dawn_rain_test","annotated_prediction","ACDC","ACDC_RAIN","rain","dawn_rain_test/rain_visual_detections/GP020402_frame_000723_rgb_anon.jpg","","withheld_acdc_redistribution_restriction","ACDC research-use licence: image redistribution prohibited","589907","6658f1aac7ecae1d1ab966ff6f7fb3bc897d1e4ae6a3655b9c926358b2b304b7","","","2","Historical folder label is misleading; the archived notebook configured the ACDC Rain model and ACDC Rain inputs."
"dawn_rain_test","annotated_prediction","ACDC","ACDC_RAIN","rain","dawn_rain_test/rain_visual_detections/GP020402_frame_000738_rgb_anon.jpg","","withheld_acdc_redistribution_restriction","ACDC research-use licence: image redistribution prohibited","455532","f2f6f91ea0234d2c8235caf13c9e929b2115310b60ee29e4f5e0311d8b36b6b2","","","2","Historical folder label is misleading; the archived notebook configured the ACDC Rain model and ACDC Rain inputs."
"dawn_rain_test","annotated_prediction","ACDC","ACDC_RAIN","rain","dawn_rain_test/rain_visual_detections/GP020402_frame_000748_rgb_anon.jpg","","withheld_acdc_redistribution_restriction","ACDC research-use licence: image redistribution prohibited","464145","a728597f24720144dfc8476534d6ad9670fb4296e12b6f7d51f3c27a18414e43","","","2","Historical folder label is misleading; the archived notebook configured the ACDC Rain model and ACDC Rain inputs."
"dawn_rain_test","annotated_prediction","ACDC","ACDC_RAIN","rain","dawn_rain_test/rain_visual_detections/GP020402_frame_000753_rgb_anon.jpg","","withheld_acdc_redistribution_restriction","ACDC research-use licence: image redistribution prohibited","580813","99262226597fec45d74ef3130f5689673d98845d6c369bdc44a10d85e888a7de","","","2","Historical folder label is misleading; the archived notebook configured the ACDC Rain model and ACDC Rain inputs."
"dawn_rain_test","annotated_prediction","ACDC","ACDC_RAIN","rain","dawn_rain_test/rain_visual_detections/GP020402_frame_000774_rgb_anon.jpg","","withheld_acdc_redistribution_restriction","ACDC research-use licence: image redistribution prohibited","619513","e54d2a1359bec2b5885b039cbf0b078bc024b889f82dd9e4f6e6547fdd70667a","","","2","Historical folder label is misleading; the archived notebook configured the ACDC Rain model and ACDC Rain inputs."
"dawn_rain_test","annotated_prediction","ACDC","ACDC_RAIN","rain","dawn_rain_test/rain_visual_detections/GP020402_frame_000784_rgb_anon.jpg","","withheld_acdc_redistribution_restriction","ACDC research-use licence: image redistribution prohibited","746953","d7b445cb5c6684d69ff1d1b506b387778ef0ab2b41527175a5ac97e864bd1f3c","","","2","Historical folder label is misleading; the archived notebook configured the ACDC Rain model and ACDC Rain inputs."
"dawn_rain_test","annotated_prediction","ACDC","ACDC_RAIN","rain","dawn_rain_test/rain_visual_detections/GP020402_frame_000795_rgb_anon.jpg","","withheld_acdc_redistribution_restriction","ACDC research-use licence: image redistribution prohibited","493836","19814dcd7d6506bc7fe3cf979ccaf58f025c7006b8e9037a808de42543da673a","","","2","Historical folder label is misleading; the archived notebook configured the ACDC Rain model and ACDC Rain inputs."
"dawn_rain_test","annotated_prediction","ACDC","ACDC_RAIN","rain","dawn_rain_test/rain_visual_detections/GP020402_frame_000802_rgb_anon.jpg","","withheld_acdc_redistribution_restriction","ACDC research-use licence: image redistribution prohibited","520133","2504d1be8cd3d432f91ac189eb6a45e320c8065518b3e5e1b891a0bc8ddfe4fb","","","2","Historical folder label is misleading; the archived notebook configured the ACDC Rain model and ACDC Rain inputs."
"dawn_rain_test","annotated_prediction","ACDC","ACDC_RAIN","rain","dawn_rain_test/rain_visual_detections/GP020402_frame_000809_rgb_anon.jpg","","withheld_acdc_redistribution_restriction","ACDC research-use licence: image redistribution prohibited","479824","d6373e589731beddcfcc0a6caf59df068f1b7bce62b5539160b4585b05f4ba91","","","2","Historical folder label is misleading; the archived notebook configured the ACDC Rain model and ACDC Rain inputs."
"dawn_rain_test","annotated_prediction","ACDC","ACDC_RAIN","rain","dawn_rain_test/rain_visual_detections/GP020402_frame_000830_rgb_anon.jpg","","withheld_acdc_redistribution_restriction","ACDC research-use licence: image redistribution prohibited","566413","fca9f5c348870ce6f23f1f8d06b938e6ddd04f0645b4b10785d7bfa0f055844a","","","2","Historical folder label is misleading; the archived notebook configured the ACDC Rain model and ACDC Rain inputs."
"dawn_rain_test","annotated_prediction","ACDC","ACDC_RAIN","rain","dawn_rain_test/rain_visual_detections/GP020402_frame_000835_rgb_anon.jpg","","withheld_acdc_redistribution_restriction","ACDC research-use licence: image redistribution prohibited","542444","e1fb43f945632cc081dd7545c0075406d4325853df4a53df5ff59c4c168cfc88","","","2","Historical folder label is misleading; the archived notebook configured the ACDC Rain model and ACDC Rain inputs."
"dawn_rain_test","annotated_prediction","ACDC","ACDC_RAIN","rain","dawn_rain_test/rain_visual_detections/GP020402_frame_000843_rgb_anon.jpg","","withheld_acdc_redistribution_restriction","ACDC research-use licence: image redistribution prohibited","508652","dd044598a4030e05b33ab14959610d7cb2d3e2fd8c1cdf73d85a9fc7e0079d29","","","2","Historical folder label is misleading; the archived notebook configured the ACDC Rain model and ACDC Rain inputs."
"dawn_rain_test","annotated_prediction","ACDC","ACDC_RAIN","rain","dawn_rain_test/rain_visual_detections/GP020402_frame_000863_rgb_anon.jpg","","withheld_acdc_redistribution_restriction","ACDC research-use licence: image redistribution prohibited","484268","f6a9a90a199f2c895b40fd46361174a3147ced5b8a5d9f8423708570613fff7f","","","2","Historical folder label is misleading; the archived notebook configured the ACDC Rain model and ACDC Rain inputs."
"dawn_rain_test","annotated_prediction","ACDC","ACDC_RAIN","rain","dawn_rain_test/rain_visual_detections/GP020402_frame_000883_rgb_anon.jpg","","withheld_acdc_redistribution_restriction","ACDC research-use licence: image redistribution prohibited","501349","141961aa4591cdd785215b3b2fa3b3dec94a51f3a5886278508a707199560a23","","","2","Historical folder label is misleading; the archived notebook configured the ACDC Rain model and ACDC Rain inputs."
"dawn_rain_test","annotated_prediction","ACDC","ACDC_RAIN","rain","dawn_rain_test/rain_visual_detections/GP020402_frame_000898_rgb_anon.jpg","","withheld_acdc_redistribution_restriction","ACDC research-use licence: image redistribution prohibited","558411","0e666f05a2df967acf0d774de9840778274012c0185c83a1a00becc9d67fed85","","","2","Historical folder label is misleading; the archived notebook configured the ACDC Rain model and ACDC Rain inputs."
"dawn_rain_test","annotated_prediction","ACDC","ACDC_RAIN","rain","dawn_rain_test/rain_visual_detections/GP020402_frame_000904_rgb_anon.jpg","","withheld_acdc_redistribution_restriction","ACDC research-use licence: image redistribution prohibited","615979","273b0783aa235480ae6ec6a998cf80d703790c07c3f42190ad24b5bd8e5f68c1","","","2","Historical folder label is misleading; the archived notebook configured the ACDC Rain model and ACDC Rain inputs."
"dawn_rain_test","annotated_prediction","ACDC","ACDC_RAIN","rain","dawn_rain_test/rain_visual_detections/GP020402_frame_000909_rgb_anon.jpg","","withheld_acdc_redistribution_restriction","ACDC research-use licence: image redistribution prohibited","570397","cc0aeb38ecd8cc8c4ce61186347adcac482fb5b8d77f18749c6186437ef24a80","","","2","Historical folder label is misleading; the archived notebook configured the ACDC Rain model and ACDC Rain inputs."
"dawn_rain_test","annotated_prediction","ACDC","ACDC_RAIN","rain","dawn_rain_test/rain_visual_detections/GP020402_frame_000914_rgb_anon.jpg","","withheld_acdc_redistribution_restriction","ACDC research-use licence: image redistribution prohibited","479646","be6f70a3ddd3bbd88d9bb04f79878ea099168fb6c1817e5b16237ea55d84359d","","","2","Historical folder label is misleading; the archived notebook configured the ACDC Rain model and ACDC Rain inputs."
"dawn_rain_test","annotated_prediction","ACDC","ACDC_RAIN","rain","dawn_rain_test/rain_visual_detections/GP020402_frame_000919_rgb_anon.jpg","","withheld_acdc_redistribution_restriction","ACDC research-use licence: image redistribution prohibited","507443","80655f08f6d417c3e4e929e9171ed4c0844e29b811b96874dfd0bf2ee375f973","","","2","Historical folder label is misleading; the archived notebook configured the ACDC Rain model and ACDC Rain inputs."
"dawn_rain_test","annotated_prediction","ACDC","ACDC_RAIN","rain","dawn_rain_test/rain_visual_detections/GP020402_frame_000939_rgb_anon.jpg","","withheld_acdc_redistribution_restriction","ACDC research-use licence: image redistribution prohibited","541011","8d24424fc7dd68fd1908245633ef7980d1c343144271d0d817fad06a0bf5f8ab","","","2","Historical folder label is misleading; the archived notebook configured the ACDC Rain model and ACDC Rain inputs."
"dawn_rain_test","annotated_prediction","ACDC","ACDC_RAIN","rain","dawn_rain_test/rain_visual_detections/GP020402_frame_000946_rgb_anon.jpg","","withheld_acdc_redistribution_restriction","ACDC research-use licence: image redistribution prohibited","509295","972df4a609e2df8f96c0bb0511557927f72144d87de14a431a7201c320d8177b","","","2","Historical folder label is misleading; the archived notebook configured the ACDC Rain model and ACDC Rain inputs."
"dawn_rain_test","annotated_prediction","ACDC","ACDC_RAIN","rain","dawn_rain_test/rain_visual_detections/GP020402_frame_000951_rgb_anon.jpg","","withheld_acdc_redistribution_restriction","ACDC research-use licence: image redistribution prohibited","451639","cf43d9bda316d96b16490efe487da4b9d4e22d7631d3a306d59d32ce049a1917","","","2","Historical folder label is misleading; the archived notebook configured the ACDC Rain model and ACDC Rain inputs."
"dawn_rain_test","annotated_prediction","ACDC","ACDC_RAIN","rain","dawn_rain_test/rain_visual_detections/GP020402_frame_000966_rgb_anon.jpg","","withheld_acdc_redistribution_restriction","ACDC research-use licence: image redistribution prohibited","457327","1d74bfbd3e5c8018a3b2e479040cbd13fcab0334d89f156104caedd9df7b5f76","","","2","Historical folder label is misleading; the archived notebook configured the ACDC Rain model and ACDC Rain inputs."
"dawn_rain_test","annotated_prediction","ACDC","ACDC_RAIN","rain","dawn_rain_test/rain_visual_detections/GP020402_frame_000971_rgb_anon.jpg","","withheld_acdc_redistribution_restriction","ACDC research-use licence: image redistribution prohibited","474389","a2f3f854dd5c0ad2efde740159ad967dd85d2195144d5a49a244df142a096298","","","2","Historical folder label is misleading; the archived notebook configured the ACDC Rain model and ACDC Rain inputs."
"dawn_rain_test","annotated_prediction","ACDC","ACDC_RAIN","rain","dawn_rain_test/rain_visual_detections/GP020402_frame_000976_rgb_anon.jpg","","withheld_acdc_redistribution_restriction","ACDC research-use licence: image redistribution prohibited","488451","7d32c178983aa3f461431f688b0f13cb8199f4823b37a12ea2532e25545000f4","","","2","Historical folder label is misleading; the archived notebook configured the ACDC Rain model and ACDC Rain inputs."
"dawn_rain_test","annotated_prediction","ACDC","ACDC_RAIN","rain","dawn_rain_test/rain_visual_detections/GP020402_frame_000981_rgb_anon.jpg","","withheld_acdc_redistribution_restriction","ACDC research-use licence: image redistribution prohibited","565833","a0991f71426bdbc1a799e17961b707873b71a4162da97564a2a3cc12682831ae","","","2","Historical folder label is misleading; the archived notebook configured the ACDC Rain model and ACDC Rain inputs."
"dawn_rain_test","annotated_prediction","ACDC","ACDC_RAIN","rain","dawn_rain_test/rain_visual_detections/GP020402_frame_000994_rgb_anon.jpg","","withheld_acdc_redistribution_restriction","ACDC research-use licence: image redistribution prohibited","551016","46aa7e021e8c41e4b358d04d27760519595aa34d02730a7181f36ad4824a7540","","","2","Historical folder label is misleading; the archived notebook configured the ACDC Rain model and ACDC Rain inputs."
"dawn_rain_test","annotated_prediction","ACDC","ACDC_RAIN","rain","dawn_rain_test/rain_visual_detections/GP020402_frame_001000_rgb_anon.jpg","","withheld_acdc_redistribution_restriction","ACDC research-use licence: image redistribution prohibited","676012","60a0561973e70f746933f6cb16a889275b7befa48fec4451542bd71cf48cf99f","","","2","Historical folder label is misleading; the archived notebook configured the ACDC Rain model and ACDC Rain inputs."
"dawn_rain_test","annotated_prediction","ACDC","ACDC_RAIN","rain","dawn_rain_test/rain_visual_detections/GP020402_frame_001020_rgb_anon.jpg","","withheld_acdc_redistribution_restriction","ACDC research-use licence: image redistribution prohibited","653977","676c3b698fa1e35838a32387e28e636a7e442b94cbe6cbe3aa02ce6ef81a1eb7","","","2","Historical folder label is misleading; the archived notebook configured the ACDC Rain model and ACDC Rain inputs."
"dawn_rain_test","annotated_prediction","ACDC","ACDC_RAIN","rain","dawn_rain_test/rain_visual_detections/GP030400_frame_000121_rgb_anon.jpg","","withheld_acdc_redistribution_restriction","ACDC research-use licence: image redistribution prohibited","442677","8c9ab8f25401556c95314ad193204df37eab33019c14ff792e07c55df9beb16a","","","2","Historical folder label is misleading; the archived notebook configured the ACDC Rain model and ACDC Rain inputs."
"dawn_rain_test","annotated_prediction","ACDC","ACDC_RAIN","rain","dawn_rain_test/rain_visual_detections/GP030400_frame_000129_rgb_anon.jpg","","withheld_acdc_redistribution_restriction","ACDC research-use licence: image redistribution prohibited","536765","d9247362a5c2fba4d6eb56bb382439d1dc00722ae4b9464173467f2573a17af2","","","2","Historical folder label is misleading; the archived notebook configured the ACDC Rain model and ACDC Rain inputs."
"dawn_rain_test","annotated_prediction","ACDC","ACDC_RAIN","rain","dawn_rain_test/rain_visual_detections/GP030400_frame_000135_rgb_anon.jpg","","withheld_acdc_redistribution_restriction","ACDC research-use licence: image redistribution prohibited","489174","d914399fc90016324f4396b0fbdbfd6725fc5f44c7d28bd4d9dddf88673811ac","","","2","Historical folder label is misleading; the archived notebook configured the ACDC Rain model and ACDC Rain inputs."
"dawn_rain_test","annotated_prediction","ACDC","ACDC_RAIN","rain","dawn_rain_test/rain_visual_detections/GP030400_frame_000154_rgb_anon.jpg","","withheld_acdc_redistribution_restriction","ACDC research-use licence: image redistribution prohibited","430637","9dd03dcc3c6f6966de12833725fa9b9546605aaaf5ac587336a20af0b93da85f","","","2","Historical folder label is misleading; the archived notebook configured the ACDC Rain model and ACDC Rain inputs."
"dawn_rain_test","annotated_prediction","ACDC","ACDC_RAIN","rain","dawn_rain_test/rain_visual_detections/GP030400_frame_000184_rgb_anon.jpg","","withheld_acdc_redistribution_restriction","ACDC research-use licence: image redistribution prohibited","460743","f1cb81d1b52ccc771eb447bda68aee10ae5ba1d1be02593ae4432bd65c7e3271","","","2","Historical folder label is misleading; the archived notebook configured the ACDC Rain model and ACDC Rain inputs."
"dawn_rain_test","annotated_prediction","ACDC","ACDC_RAIN","rain","dawn_rain_test/rain_visual_detections/GP030402_frame_000001_rgb_anon.jpg","","withheld_acdc_redistribution_restriction","ACDC research-use licence: image redistribution prohibited","628359","1c7bea33b38a711c10ce33c93abc3b60f070079f076653262b71d13722d85b8d","","","2","Historical folder label is misleading; the archived notebook configured the ACDC Rain model and ACDC Rain inputs."
"dawn_rain_test","annotated_prediction","ACDC","ACDC_RAIN","rain","dawn_rain_test/rain_visual_detections/GP030402_frame_000022_rgb_anon.jpg","","withheld_acdc_redistribution_restriction","ACDC research-use licence: image redistribution prohibited","447279","a424cf7d33af2ab36edc6811ac6938f7a0b7a5fa1976919d6e5e09fa9271fa32","","","2","Historical folder label is misleading; the archived notebook configured the ACDC Rain model and ACDC Rain inputs."
"dawn_rain_test","annotated_prediction","ACDC","ACDC_RAIN","rain","dawn_rain_test/rain_visual_detections/GP030402_frame_000094_rgb_anon.jpg","","withheld_acdc_redistribution_restriction","ACDC research-use licence: image redistribution prohibited","481182","b14522886e82a39ee68f36aaf50c76e722058291d9475f8c4c9e12718d79a50e","","","2","Historical folder label is misleading; the archived notebook configured the ACDC Rain model and ACDC Rain inputs."
"dawn_rain_test","annotated_prediction","ACDC","ACDC_RAIN","rain","dawn_rain_test/rain_visual_detections/GP030402_frame_000266_rgb_anon.jpg","","withheld_acdc_redistribution_restriction","ACDC research-use licence: image redistribution prohibited","578023","8637884e55efd584dd0d1760c42162dac3d568e92e638d529630459e546e3b99","","","2","Historical folder label is misleading; the archived notebook configured the ACDC Rain model and ACDC Rain inputs."
"dawn_rain_test","annotated_prediction","ACDC","ACDC_RAIN","rain","dawn_rain_test/rain_visual_detections/GP030402_frame_000428_rgb_anon.jpg","","withheld_acdc_redistribution_restriction","ACDC research-use licence: image redistribution prohibited","490281","5960654b4127b8ff93b0cb64ed193342ffd1a2f1fd6ea3b6d8e5df185052a02b","","","2","Historical folder label is misleading; the archived notebook configured the ACDC Rain model and ACDC Rain inputs."
