File,Detected_ID,Conf
GOPR0122_frame_000001_rgb_anon.png,6,0.8190335631370544
GOPR0122_frame_000001_rgb_anon.png,0,0.8035903573036194
GOPR0122_frame_000001_rgb_anon.png,6,0.5276312232017517
GOPR0122_frame_000001_rgb_anon.png,0,0.43135562539100647
GOPR0122_frame_000018_rgb_anon.png,2,0.8161482214927673
GOPR0122_frame_000018_rgb_anon.png,4,0.42651915550231934
GOPR0122_frame_000028_rgb_anon.png,2,0.8965835571289062
GOPR0122_frame_000028_rgb_anon.png,0,0.7342002391815186
GOPR0122_frame_000028_rgb_anon.png,2,0.6889538168907166
GOPR0122_frame_000028_rgb_anon.png,0,0.6867848038673401
GOPR0122_frame_000028_rgb_anon.png,2,0.56341153383255
GOPR0122_frame_000028_rgb_anon.png,0,0.5384120345115662
GOPR0122_frame_000028_rgb_anon.png,2,0.5266618132591248
GOPR0122_frame_000028_rgb_anon.png,2,0.4445110857486725
GOPR0122_frame_000040_rgb_anon.png,0,0.8455395698547363
GOPR0122_frame_000040_rgb_anon.png,2,0.8176537752151489
GOPR0122_frame_000040_rgb_anon.png,2,0.814996063709259
GOPR0122_frame_000040_rgb_anon.png,0,0.8114355206489563
GOPR0122_frame_000040_rgb_anon.png,2,0.6660016179084778
GOPR0122_frame_000049_rgb_anon.png,0,0.8159058690071106
GOPR0122_frame_000049_rgb_anon.png,2,0.6976211667060852
GOPR0122_frame_000057_rgb_anon.png,2,0.9185546040534973
GOPR0122_frame_000057_rgb_anon.png,2,0.8885934352874756
GOPR0122_frame_000057_rgb_anon.png,0,0.7182450294494629
GOPR0122_frame_000064_rgb_anon.png,2,0.9414803981781006
GOPR0122_frame_000064_rgb_anon.png,0,0.8366077542304993
GOPR0122_frame_000064_rgb_anon.png,2,0.4914032220840454
GOPR0122_frame_000070_rgb_anon.png,2,0.9166107773780823
GOPR0122_frame_000070_rgb_anon.png,2,0.5270795226097107
GOPR0122_frame_000077_rgb_anon.png,2,0.9057669043540955
GOPR0122_frame_000077_rgb_anon.png,0,0.6963680386543274
GOPR0122_frame_000077_rgb_anon.png,2,0.4588865637779236
GOPR0122_frame_000085_rgb_anon.png,2,0.9063898324966431
GOPR0122_frame_000085_rgb_anon.png,0,0.7318884134292603
GOPR0122_frame_000092_rgb_anon.png,0,0.8235196471214294
GOPR0122_frame_000092_rgb_anon.png,2,0.7258221507072449
GOPR0122_frame_000092_rgb_anon.png,2,0.6744044423103333
GOPR0122_frame_000092_rgb_anon.png,0,0.45991578698158264
GOPR0122_frame_000092_rgb_anon.png,0,0.40136879682540894
GOPR0122_frame_000099_rgb_anon.png,2,0.8814589977264404
GOPR0122_frame_000099_rgb_anon.png,2,0.8254557847976685
GOPR0122_frame_000099_rgb_anon.png,7,0.7616251111030579
GOPR0122_frame_000106_rgb_anon.png,2,0.9180326461791992
GOPR0122_frame_000106_rgb_anon.png,2,0.8514343500137329
GOPR0122_frame_000106_rgb_anon.png,2,0.8502369523048401
GOPR0122_frame_000106_rgb_anon.png,0,0.8362547159194946
GOPR0122_frame_000106_rgb_anon.png,0,0.8261185884475708
GOPR0122_frame_000106_rgb_anon.png,2,0.47690466046333313
GOPR0122_frame_000106_rgb_anon.png,0,0.40115639567375183
GOPR0122_frame_000113_rgb_anon.png,2,0.8697814345359802
GOPR0122_frame_000113_rgb_anon.png,2,0.8282472491264343
GOPR0122_frame_000113_rgb_anon.png,0,0.8187538981437683
GOPR0122_frame_000113_rgb_anon.png,2,0.8156278133392334
GOPR0122_frame_000113_rgb_anon.png,2,0.7539035677909851
GOPR0122_frame_000113_rgb_anon.png,2,0.7327707409858704
GOPR0122_frame_000113_rgb_anon.png,0,0.6999005675315857
GOPR0122_frame_000113_rgb_anon.png,0,0.6872453689575195
GOPR0122_frame_000113_rgb_anon.png,0,0.6749357581138611
GOPR0122_frame_000113_rgb_anon.png,2,0.6272758841514587
GOPR0122_frame_000121_rgb_anon.png,2,0.9061753153800964
GOPR0122_frame_000121_rgb_anon.png,2,0.8056117296218872
GOPR0122_frame_000121_rgb_anon.png,2,0.7707924842834473
GOPR0122_frame_000121_rgb_anon.png,2,0.7396618127822876
GOPR0122_frame_000121_rgb_anon.png,0,0.7113338112831116
GOPR0122_frame_000121_rgb_anon.png,0,0.7068823575973511
GOPR0122_frame_000121_rgb_anon.png,2,0.7021355032920837
GOPR0122_frame_000121_rgb_anon.png,0,0.6445603370666504
GOPR0122_frame_000121_rgb_anon.png,0,0.6082968711853027
GOPR0122_frame_000121_rgb_anon.png,0,0.6033926606178284
GOPR0122_frame_000121_rgb_anon.png,2,0.5100300908088684
GOPR0122_frame_000306_rgb_anon.png,2,0.9468352198600769
GOPR0122_frame_000306_rgb_anon.png,2,0.9316250085830688
GOPR0122_frame_000306_rgb_anon.png,2,0.8669780492782593
GOPR0122_frame_000306_rgb_anon.png,2,0.834118664264679
GOPR0122_frame_000306_rgb_anon.png,2,0.8330847024917603
GOPR0122_frame_000306_rgb_anon.png,2,0.8322176337242126
GOPR0122_frame_000306_rgb_anon.png,2,0.6640831232070923
GOPR0122_frame_000306_rgb_anon.png,2,0.5573082566261292
GOPR0122_frame_000312_rgb_anon.png,2,0.9443529844284058
GOPR0122_frame_000312_rgb_anon.png,2,0.8887794613838196
GOPR0122_frame_000312_rgb_anon.png,2,0.8832874298095703
GOPR0122_frame_000317_rgb_anon.png,2,0.9233015179634094
GOPR0122_frame_000317_rgb_anon.png,2,0.8593395352363586
GOPR0122_frame_000317_rgb_anon.png,6,0.8297694325447083
GOPR0122_frame_000317_rgb_anon.png,2,0.7421358823776245
GOPR0122_frame_000317_rgb_anon.png,2,0.41398581862449646
GOPR0122_frame_000322_rgb_anon.png,2,0.9440614581108093
GOPR0122_frame_000322_rgb_anon.png,2,0.8933695554733276
GOPR0122_frame_000322_rgb_anon.png,2,0.7776732444763184
GOPR0122_frame_000322_rgb_anon.png,2,0.4193759560585022
GOPR0122_frame_000322_rgb_anon.png,3,0.40066877007484436
GOPR0122_frame_000327_rgb_anon.png,2,0.7290855646133423
GOPR0122_frame_000332_rgb_anon.png,2,0.8496501445770264
GOPR0122_frame_000332_rgb_anon.png,0,0.5688955783843994
GOPR0122_frame_000332_rgb_anon.png,2,0.4845336973667145
GOPR0122_frame_000332_rgb_anon.png,2,0.4257614314556122
GOPR0122_frame_000337_rgb_anon.png,2,0.9083000421524048
GOPR0122_frame_000337_rgb_anon.png,0,0.9059774875640869
GOPR0122_frame_000337_rgb_anon.png,2,0.8892154693603516
GOPR0122_frame_000337_rgb_anon.png,2,0.8851301074028015
GOPR0122_frame_000337_rgb_anon.png,2,0.8824385404586792
GOPR0122_frame_000337_rgb_anon.png,2,0.8506850004196167
GOPR0122_frame_000337_rgb_anon.png,2,0.8120259642601013
GOPR0122_frame_000337_rgb_anon.png,2,0.778444766998291
GOPR0122_frame_000337_rgb_anon.png,0,0.7600393295288086
GOPR0122_frame_000337_rgb_anon.png,2,0.46141988039016724
GOPR0122_frame_000344_rgb_anon.png,2,0.9008079171180725
GOPR0122_frame_000344_rgb_anon.png,2,0.8384450078010559
GOPR0122_frame_000344_rgb_anon.png,2,0.7560309171676636
GOPR0122_frame_000344_rgb_anon.png,2,0.6601409316062927
GOPR0122_frame_000344_rgb_anon.png,2,0.6145139932632446
GOPR0122_frame_000344_rgb_anon.png,2,0.5779541730880737
GOPR0122_frame_000344_rgb_anon.png,2,0.4758855700492859
GOPR0122_frame_000352_rgb_anon.png,2,0.8923868536949158
GOPR0122_frame_000352_rgb_anon.png,2,0.8765403628349304
GOPR0122_frame_000352_rgb_anon.png,2,0.8609879612922668
GOPR0122_frame_000352_rgb_anon.png,6,0.8256399631500244
GOPR0122_frame_000352_rgb_anon.png,2,0.7567046880722046
GOPR0122_frame_000358_rgb_anon.png,2,0.9362680912017822
GOPR0122_frame_000358_rgb_anon.png,2,0.927010715007782
GOPR0122_frame_000358_rgb_anon.png,2,0.8988485336303711
GOPR0122_frame_000358_rgb_anon.png,2,0.887593686580658
GOPR0122_frame_000358_rgb_anon.png,2,0.8213781714439392
GOPR0122_frame_000358_rgb_anon.png,2,0.7896566390991211
GOPR0122_frame_000358_rgb_anon.png,2,0.5553389191627502
GOPR0122_frame_000364_rgb_anon.png,2,0.939946174621582
GOPR0122_frame_000364_rgb_anon.png,2,0.9074540734291077
GOPR0122_frame_000364_rgb_anon.png,2,0.887062132358551
GOPR0122_frame_000364_rgb_anon.png,2,0.8491886258125305
GOPR0122_frame_000364_rgb_anon.png,2,0.8167079091072083
GOPR0122_frame_000364_rgb_anon.png,2,0.7289102077484131
GOPR0122_frame_000364_rgb_anon.png,2,0.5880265235900879
GOPR0122_frame_000364_rgb_anon.png,2,0.5665673017501831
GOPR0122_frame_000370_rgb_anon.png,2,0.9270536303520203
GOPR0122_frame_000370_rgb_anon.png,2,0.8941170573234558
GOPR0122_frame_000370_rgb_anon.png,2,0.8867639899253845
GOPR0122_frame_000370_rgb_anon.png,2,0.8838767409324646
GOPR0122_frame_000370_rgb_anon.png,2,0.7942438125610352
GOPR0122_frame_000370_rgb_anon.png,2,0.6036409735679626
GOPR0122_frame_000376_rgb_anon.png,2,0.933415412902832
GOPR0122_frame_000376_rgb_anon.png,2,0.9154919385910034
GOPR0122_frame_000376_rgb_anon.png,2,0.867429256439209
GOPR0122_frame_000406_rgb_anon.png,2,0.9093214869499207
GOPR0122_frame_000406_rgb_anon.png,2,0.903724730014801
GOPR0122_frame_000406_rgb_anon.png,7,0.8721926212310791
GOPR0122_frame_000406_rgb_anon.png,2,0.8670007586479187
GOPR0122_frame_000406_rgb_anon.png,2,0.8355386257171631
GOPR0122_frame_000406_rgb_anon.png,0,0.8196154832839966
GOPR0122_frame_000406_rgb_anon.png,0,0.8152572512626648
GOPR0122_frame_000406_rgb_anon.png,0,0.7761354446411133
GOPR0122_frame_000406_rgb_anon.png,0,0.7147234678268433
GOPR0122_frame_000406_rgb_anon.png,2,0.5684806108474731
GOPR0122_frame_000413_rgb_anon.png,2,0.894911527633667
GOPR0122_frame_000413_rgb_anon.png,2,0.8895960450172424
GOPR0122_frame_000413_rgb_anon.png,2,0.8698205947875977
GOPR0122_frame_000413_rgb_anon.png,2,0.8421185612678528
GOPR0122_frame_000413_rgb_anon.png,2,0.8418760895729065
GOPR0122_frame_000419_rgb_anon.png,2,0.8974855542182922
GOPR0122_frame_000419_rgb_anon.png,2,0.8872193098068237
GOPR0122_frame_000419_rgb_anon.png,4,0.5824012756347656
GOPR0122_frame_000419_rgb_anon.png,6,0.5190820693969727
GOPR0122_frame_000419_rgb_anon.png,2,0.450035035610199
GOPR0122_frame_000425_rgb_anon.png,5,0.9221798181533813
GOPR0122_frame_000425_rgb_anon.png,2,0.8974222540855408
GOPR0122_frame_000425_rgb_anon.png,3,0.8700424432754517
GOPR0122_frame_000425_rgb_anon.png,2,0.7255703806877136
GOPR0122_frame_000431_rgb_anon.png,2,0.9146019816398621
GOPR0122_frame_000431_rgb_anon.png,2,0.9023140668869019
GOPR0122_frame_000431_rgb_anon.png,2,0.8893320560455322
GOPR0122_frame_000431_rgb_anon.png,2,0.8470974564552307
GOPR0122_frame_000431_rgb_anon.png,3,0.8211233615875244
GOPR0122_frame_000431_rgb_anon.png,2,0.8038346767425537
GOPR0122_frame_000431_rgb_anon.png,2,0.783856213092804
GOPR0122_frame_000431_rgb_anon.png,2,0.7405838370323181
GOPR0122_frame_000431_rgb_anon.png,2,0.6000778079032898
GOPR0351_frame_000033_rgb_anon.png,2,0.8513723015785217
GOPR0351_frame_000039_rgb_anon.png,2,0.5887272953987122
GOPR0351_frame_000049_rgb_anon.png,2,0.6932894587516785
GOPR0351_frame_000053_rgb_anon.png,2,0.7838281989097595
GOPR0351_frame_000055_rgb_anon.png,0,0.6219390630722046
GOPR0351_frame_000057_rgb_anon.png,2,0.9060271978378296
GOPR0351_frame_000057_rgb_anon.png,0,0.7094509601593018
GOPR0351_frame_000057_rgb_anon.png,2,0.5504912734031677
GOPR0351_frame_000057_rgb_anon.png,0,0.4432012438774109
GOPR0351_frame_000059_rgb_anon.png,0,0.8915926218032837
GOPR0351_frame_000059_rgb_anon.png,0,0.8200242519378662
GOPR0351_frame_000061_rgb_anon.png,2,0.8843358159065247
GOPR0351_frame_000061_rgb_anon.png,2,0.8526437878608704
GOPR0351_frame_000063_rgb_anon.png,2,0.6219518184661865
GOPR0351_frame_000065_rgb_anon.png,2,0.9193030595779419
GOPR0351_frame_000065_rgb_anon.png,2,0.8527684211730957
GOPR0351_frame_000065_rgb_anon.png,2,0.829569399356842
GOPR0351_frame_000067_rgb_anon.png,2,0.847486674785614
GOPR0351_frame_000069_rgb_anon.png,2,0.8687120676040649
GOPR0351_frame_000071_rgb_anon.png,2,0.8253927230834961
GOPR0351_frame_000071_rgb_anon.png,5,0.6594724059104919
GOPR0351_frame_000071_rgb_anon.png,1,0.6357712149620056
GOPR0351_frame_000079_rgb_anon.png,5,0.921570360660553
GOPR0351_frame_000079_rgb_anon.png,2,0.9041509628295898
GOPR0351_frame_000079_rgb_anon.png,5,0.8794212937355042
GOPR0351_frame_000079_rgb_anon.png,2,0.8077058792114258
GOPR0351_frame_000079_rgb_anon.png,4,0.7675096988677979
GOPR0351_frame_000081_rgb_anon.png,5,0.8108946084976196
GOPR0351_frame_000081_rgb_anon.png,2,0.7980443239212036
GOPR0351_frame_000081_rgb_anon.png,5,0.7452776432037354
GOPR0351_frame_000083_rgb_anon.png,5,0.8814215660095215
GOPR0351_frame_000083_rgb_anon.png,5,0.7635273933410645
GOPR0351_frame_000083_rgb_anon.png,0,0.4746171832084656
GOPR0351_frame_000085_rgb_anon.png,0,0.7423708438873291
GOPR0351_frame_000085_rgb_anon.png,5,0.6302705407142639
GOPR0351_frame_000087_rgb_anon.png,1,0.8039699792861938
GOPR0351_frame_000087_rgb_anon.png,6,0.5399285554885864
GOPR0351_frame_000089_rgb_anon.png,2,0.8523229956626892
GOPR0351_frame_000091_rgb_anon.png,2,0.854397177696228
GOPR0351_frame_000091_rgb_anon.png,2,0.6853040456771851
GOPR0351_frame_000091_rgb_anon.png,7,0.5068202614784241
GOPR0351_frame_000093_rgb_anon.png,2,0.8789769411087036
GOPR0351_frame_000093_rgb_anon.png,2,0.7633729577064514
GOPR0351_frame_000093_rgb_anon.png,0,0.6698448061943054
GOPR0351_frame_000093_rgb_anon.png,0,0.5425553917884827
GOPR0351_frame_000095_rgb_anon.png,2,0.9136312007904053
GOPR0351_frame_000095_rgb_anon.png,2,0.8716760873794556
GOPR0351_frame_000099_rgb_anon.png,2,0.9049709439277649
GOPR0351_frame_000099_rgb_anon.png,2,0.8873336315155029
GOPR0351_frame_000099_rgb_anon.png,2,0.7962649464607239
GOPR0351_frame_000099_rgb_anon.png,0,0.6978281140327454
GOPR0351_frame_000101_rgb_anon.png,2,0.8664916753768921
GOPR0351_frame_000101_rgb_anon.png,2,0.8344261646270752
GOPR0351_frame_000105_rgb_anon.png,2,0.875076174736023
GOPR0351_frame_000105_rgb_anon.png,2,0.833258867263794
GOPR0351_frame_000105_rgb_anon.png,2,0.7192161083221436
GOPR0351_frame_000105_rgb_anon.png,2,0.6363868713378906
GOPR0351_frame_000105_rgb_anon.png,0,0.6325889825820923
GOPR0351_frame_000111_rgb_anon.png,2,0.8830280303955078
GOPR0351_frame_000111_rgb_anon.png,0,0.5276191234588623
GOPR0351_frame_000111_rgb_anon.png,2,0.48950111865997314
GOPR0351_frame_000113_rgb_anon.png,2,0.8806356191635132
GOPR0351_frame_000113_rgb_anon.png,0,0.7646019458770752
GOPR0351_frame_000113_rgb_anon.png,0,0.5755537748336792
GOPR0351_frame_000113_rgb_anon.png,5,0.5557097792625427
GOPR0351_frame_000115_rgb_anon.png,2,0.8913617134094238
GOPR0351_frame_000115_rgb_anon.png,1,0.8283974528312683
GOPR0351_frame_000115_rgb_anon.png,5,0.6408628821372986
GOPR0351_frame_000115_rgb_anon.png,5,0.5922613143920898
GOPR0351_frame_000121_rgb_anon.png,5,0.9213746190071106
GOPR0351_frame_000121_rgb_anon.png,2,0.9128343462944031
GOPR0351_frame_000121_rgb_anon.png,0,0.8563475608825684
GOPR0351_frame_000121_rgb_anon.png,0,0.7288724780082703
GOPR0351_frame_000124_rgb_anon.png,5,0.9480754733085632
GOPR0351_frame_000124_rgb_anon.png,2,0.937127947807312
GOPR0351_frame_000124_rgb_anon.png,2,0.9232159852981567
GOPR0351_frame_000124_rgb_anon.png,0,0.8608294129371643
GOPR0351_frame_000124_rgb_anon.png,0,0.7257190346717834
GOPR0351_frame_000124_rgb_anon.png,2,0.4984290599822998
GOPR0351_frame_000124_rgb_anon.png,0,0.4406479001045227
GOPR0351_frame_000128_rgb_anon.png,5,0.9199422001838684
GOPR0351_frame_000128_rgb_anon.png,2,0.8468665480613708
GOPR0351_frame_000132_rgb_anon.png,0,0.8830980062484741
GOPR0351_frame_000132_rgb_anon.png,0,0.7255122661590576
GOPR0351_frame_000132_rgb_anon.png,0,0.7095819115638733
GOPR0351_frame_000141_rgb_anon.png,0,0.7994560599327087
GOPR0351_frame_000141_rgb_anon.png,0,0.7164924144744873
GOPR0351_frame_000141_rgb_anon.png,0,0.634070098400116
GOPR0351_frame_000143_rgb_anon.png,5,0.4597683250904083
GOPR0351_frame_000651_rgb_anon.png,2,0.5668459534645081
GOPR0351_frame_000706_rgb_anon.png,2,0.8818003535270691
GOPR0351_frame_000706_rgb_anon.png,2,0.8161362409591675
GOPR0351_frame_000706_rgb_anon.png,2,0.7987701892852783
GOPR0351_frame_000706_rgb_anon.png,2,0.689958393573761
GOPR0351_frame_000706_rgb_anon.png,2,0.566417396068573
GOPR0351_frame_000706_rgb_anon.png,0,0.47085756063461304
GOPR0351_frame_000709_rgb_anon.png,2,0.8571131229400635
GOPR0351_frame_000709_rgb_anon.png,2,0.8548877239227295
GOPR0351_frame_000709_rgb_anon.png,2,0.8261379599571228
GOPR0351_frame_000712_rgb_anon.png,5,0.6290332078933716
GOPR0351_frame_000718_rgb_anon.png,2,0.8818067312240601
GOPR0351_frame_000718_rgb_anon.png,3,0.7945374250411987
GOPR0351_frame_000724_rgb_anon.png,2,0.8905845284461975
GOPR0351_frame_000724_rgb_anon.png,2,0.8636354804039001
GOPR0351_frame_000724_rgb_anon.png,3,0.42441362142562866
GOPR0351_frame_000727_rgb_anon.png,2,0.9017820954322815
GOPR0351_frame_000727_rgb_anon.png,2,0.8133701682090759
GOPR0351_frame_000742_rgb_anon.png,2,0.8977132439613342
GOPR0351_frame_000742_rgb_anon.png,3,0.43607693910598755
GOPR0351_frame_000745_rgb_anon.png,2,0.9107739925384521
GOPR0351_frame_000745_rgb_anon.png,5,0.8865368962287903
GOPR0351_frame_000745_rgb_anon.png,2,0.8477783203125
GOPR0351_frame_000745_rgb_anon.png,5,0.752532958984375
GOPR0351_frame_000748_rgb_anon.png,5,0.9156461358070374
GOPR0351_frame_000748_rgb_anon.png,2,0.8961476683616638
GOPR0351_frame_000748_rgb_anon.png,4,0.6089518070220947
GOPR0351_frame_000748_rgb_anon.png,2,0.4080592691898346
GOPR0351_frame_000754_rgb_anon.png,6,0.605838418006897
GOPR0351_frame_000754_rgb_anon.png,2,0.5547696352005005
GOPR0351_frame_000761_rgb_anon.png,2,0.8440525531768799
GOPR0351_frame_000761_rgb_anon.png,3,0.40980562567710876
GOPR0351_frame_000770_rgb_anon.png,5,0.8731759190559387
GOPR0351_frame_000770_rgb_anon.png,2,0.8542529940605164
GOPR0351_frame_000770_rgb_anon.png,3,0.7658431529998779
GOPR0351_frame_000774_rgb_anon.png,2,0.9214708209037781
GOPR0351_frame_000774_rgb_anon.png,2,0.8709093332290649
GOPR0351_frame_000774_rgb_anon.png,3,0.8197879195213318
GOPR0351_frame_000809_rgb_anon.png,2,0.9094851613044739
GOPR0351_frame_000809_rgb_anon.png,2,0.9015442728996277
GOPR0351_frame_000809_rgb_anon.png,3,0.8732916116714478
GOPR0351_frame_000809_rgb_anon.png,5,0.6925329566001892
GOPR0351_frame_000809_rgb_anon.png,5,0.6820383667945862
GOPR0351_frame_000814_rgb_anon.png,2,0.9048246741294861
GOPR0351_frame_000814_rgb_anon.png,2,0.8868825435638428
GOPR0351_frame_000814_rgb_anon.png,3,0.8532823920249939
GOPR0351_frame_000818_rgb_anon.png,2,0.8968520760536194
GOPR0351_frame_000818_rgb_anon.png,3,0.5420689582824707
GOPR0351_frame_000822_rgb_anon.png,2,0.8184652924537659
GOPR0351_frame_000822_rgb_anon.png,2,0.7294028997421265
GOPR0351_frame_000822_rgb_anon.png,2,0.43416041135787964
GOPR0351_frame_000822_rgb_anon.png,3,0.4141128659248352
GOPR0351_frame_000825_rgb_anon.png,2,0.8927408456802368
GOPR0351_frame_000825_rgb_anon.png,2,0.8776763081550598
GOPR0356_frame_000321_rgb_anon.png,2,0.7752874493598938
GOPR0356_frame_000324_rgb_anon.png,2,0.8177939653396606
GOPR0356_frame_000324_rgb_anon.png,2,0.7060222029685974
GOPR0356_frame_000327_rgb_anon.png,2,0.6375547647476196
GOPR0356_frame_000330_rgb_anon.png,2,0.6294822096824646
GOPR0356_frame_000333_rgb_anon.png,2,0.7315433621406555
GOPR0356_frame_000333_rgb_anon.png,5,0.4538111388683319
GOPR0356_frame_000336_rgb_anon.png,2,0.826002836227417
GOPR0356_frame_000339_rgb_anon.png,6,0.9266965985298157
GOPR0356_frame_000339_rgb_anon.png,2,0.8119784593582153
GOPR0356_frame_000339_rgb_anon.png,0,0.7676563858985901
GOPR0356_frame_000339_rgb_anon.png,1,0.6167271137237549
GOPR0356_frame_000342_rgb_anon.png,2,0.7321263551712036
GOPR0356_frame_000342_rgb_anon.png,4,0.5562461018562317
GOPR0356_frame_000345_rgb_anon.png,2,0.8063825368881226
GOPR0356_frame_000345_rgb_anon.png,1,0.5371360182762146
GOPR0356_frame_000345_rgb_anon.png,2,0.41406863927841187
GOPR0356_frame_000348_rgb_anon.png,2,0.7888625264167786
GOPR0356_frame_000348_rgb_anon.png,7,0.4104537069797516
GOPR0356_frame_000351_rgb_anon.png,2,0.8189111948013306
GOPR0356_frame_000354_rgb_anon.png,2,0.6764580011367798
GOPR0356_frame_000357_rgb_anon.png,2,0.8485667705535889
GOPR0356_frame_000357_rgb_anon.png,2,0.8364763259887695
GOPR0356_frame_000357_rgb_anon.png,2,0.7552090287208557
GOPR0356_frame_000357_rgb_anon.png,2,0.6597349047660828
GOPR0356_frame_000357_rgb_anon.png,2,0.6123855113983154
GOPR0356_frame_000357_rgb_anon.png,0,0.42654553055763245
GOPR0356_frame_000360_rgb_anon.png,2,0.8581133484840393
GOPR0356_frame_000360_rgb_anon.png,2,0.8234823346138
GOPR0356_frame_000360_rgb_anon.png,2,0.7987419962882996
GOPR0356_frame_000360_rgb_anon.png,2,0.784428596496582
GOPR0356_frame_000360_rgb_anon.png,2,0.7444684505462646
GOPR0356_frame_000360_rgb_anon.png,2,0.5686749815940857
GOPR0356_frame_000360_rgb_anon.png,2,0.5559513568878174
GOPR0356_frame_000360_rgb_anon.png,2,0.47991979122161865
GOPR0356_frame_000363_rgb_anon.png,2,0.8514330387115479
GOPR0356_frame_000366_rgb_anon.png,2,0.814782977104187
GOPR0356_frame_000366_rgb_anon.png,0,0.6599667072296143
GOPR0356_frame_000366_rgb_anon.png,2,0.4208935797214508
GOPR0356_frame_000369_rgb_anon.png,2,0.857040524482727
GOPR0356_frame_000369_rgb_anon.png,2,0.5289735198020935
GOPR0356_frame_000372_rgb_anon.png,2,0.8195667862892151
GOPR0356_frame_000372_rgb_anon.png,2,0.5189056396484375
GOPR0356_frame_000372_rgb_anon.png,2,0.44256919622421265
GOPR0356_frame_000375_rgb_anon.png,2,0.893984317779541
GOPR0356_frame_000375_rgb_anon.png,2,0.8793951869010925
GOPR0356_frame_000378_rgb_anon.png,2,0.9282946586608887
GOPR0356_frame_000378_rgb_anon.png,2,0.9140049815177917
GOPR0356_frame_000378_rgb_anon.png,2,0.830620527267456
GOPR0356_frame_000378_rgb_anon.png,0,0.48361244797706604
GOPR0356_frame_000382_rgb_anon.png,2,0.9339483380317688
GOPR0356_frame_000382_rgb_anon.png,2,0.9025830626487732
GOPR0356_frame_000382_rgb_anon.png,7,0.7587297558784485
GOPR0356_frame_000382_rgb_anon.png,1,0.7417441606521606
GOPR0356_frame_000382_rgb_anon.png,2,0.4087883234024048
GOPR0356_frame_000386_rgb_anon.png,2,0.9243449568748474
GOPR0356_frame_000386_rgb_anon.png,2,0.9061466455459595
GOPR0356_frame_000386_rgb_anon.png,2,0.8418552875518799
GOPR0356_frame_000401_rgb_anon.png,2,0.5935745239257812
GOPR0356_frame_000401_rgb_anon.png,4,0.4170069098472595
GOPR0356_frame_000404_rgb_anon.png,2,0.9213172197341919
GOPR0356_frame_000404_rgb_anon.png,2,0.7951900959014893
GOPR0356_frame_000404_rgb_anon.png,0,0.4992833435535431
GOPR0356_frame_000404_rgb_anon.png,2,0.4072350859642029
GOPR0356_frame_000408_rgb_anon.png,0,0.8557580709457397
GOPR0356_frame_000408_rgb_anon.png,2,0.6677246689796448
GOPR0356_frame_000414_rgb_anon.png,2,0.8503215909004211
GOPR0356_frame_000414_rgb_anon.png,2,0.7209551334381104
GOPR0356_frame_000414_rgb_anon.png,2,0.7185868620872498
GOPR0356_frame_000414_rgb_anon.png,2,0.5523114800453186
GOPR0356_frame_000418_rgb_anon.png,2,0.9219549298286438
GOPR0356_frame_000418_rgb_anon.png,2,0.9011588096618652
GOPR0356_frame_000418_rgb_anon.png,2,0.8610062003135681
GOPR0356_frame_000418_rgb_anon.png,2,0.6963730454444885
GOPR0356_frame_000418_rgb_anon.png,2,0.559838593006134
GOPR0356_frame_000421_rgb_anon.png,2,0.9419533610343933
GOPR0356_frame_000421_rgb_anon.png,2,0.8868840932846069
GOPR0356_frame_000421_rgb_anon.png,2,0.8705669641494751
GOPR0356_frame_000421_rgb_anon.png,0,0.8199939131736755
GOPR0356_frame_000421_rgb_anon.png,2,0.5318899750709534
GOPR0356_frame_000421_rgb_anon.png,2,0.4869612157344818
GOPR0356_frame_000421_rgb_anon.png,2,0.43955957889556885
GOPR0356_frame_000424_rgb_anon.png,2,0.9230378866195679
GOPR0356_frame_000424_rgb_anon.png,2,0.8864924907684326
GOPR0356_frame_000424_rgb_anon.png,2,0.8591814637184143
GOPR0356_frame_000424_rgb_anon.png,2,0.46881866455078125
GOPR0356_frame_000427_rgb_anon.png,2,0.9091320633888245
GOPR0356_frame_000427_rgb_anon.png,2,0.8069466948509216
GOPR0356_frame_000427_rgb_anon.png,0,0.7263272404670715
GOPR0356_frame_000433_rgb_anon.png,0,0.7552356719970703
GOPR0356_frame_000433_rgb_anon.png,0,0.7318622469902039
GOPR0356_frame_000433_rgb_anon.png,0,0.724862277507782
GOPR0356_frame_000433_rgb_anon.png,2,0.5254710912704468
GOPR0356_frame_000433_rgb_anon.png,2,0.43261316418647766
GOPR0356_frame_000437_rgb_anon.png,0,0.8764232397079468
GOPR0356_frame_000437_rgb_anon.png,0,0.8562669157981873
GOPR0356_frame_000437_rgb_anon.png,0,0.8406248688697815
GOPR0356_frame_000448_rgb_anon.png,0,0.7959659099578857
GOPR0356_frame_000448_rgb_anon.png,0,0.6699150800704956
GOPR0356_frame_000452_rgb_anon.png,0,0.6193157434463501
GOPR0356_frame_000455_rgb_anon.png,2,0.4144120216369629
GOPR0356_frame_000458_rgb_anon.png,0,0.7377724647521973
GOPR0356_frame_000458_rgb_anon.png,7,0.4543251097202301
GOPR0356_frame_000461_rgb_anon.png,2,0.8442423939704895
GOPR0356_frame_000464_rgb_anon.png,2,0.9295728802680969
GOPR0356_frame_000464_rgb_anon.png,2,0.824653685092926
GOPR0356_frame_000464_rgb_anon.png,2,0.808364748954773
GOPR0356_frame_000470_rgb_anon.png,2,0.9097611308097839
GOPR0356_frame_000473_rgb_anon.png,2,0.6414322257041931
GOPR0356_frame_000476_rgb_anon.png,2,0.8056057095527649
GOPR0400_frame_000058_rgb_anon.png,2,0.9094535112380981
GOPR0400_frame_000058_rgb_anon.png,2,0.8162791132926941
GOPR0400_frame_000058_rgb_anon.png,2,0.6942105889320374
GOPR0400_frame_000087_rgb_anon.png,2,0.45951998233795166
GOPR0400_frame_000087_rgb_anon.png,2,0.4014091491699219
GOPR0400_frame_000094_rgb_anon.png,2,0.9334081411361694
GOPR0400_frame_000094_rgb_anon.png,2,0.8988146781921387
GOPR0400_frame_000094_rgb_anon.png,2,0.7799143195152283
GOPR0400_frame_000094_rgb_anon.png,2,0.5710472464561462
GOPR0400_frame_000094_rgb_anon.png,2,0.4564319849014282
GOPR0400_frame_000107_rgb_anon.png,2,0.779070258140564
GOPR0400_frame_000114_rgb_anon.png,2,0.8502115607261658
GOPR0400_frame_000114_rgb_anon.png,2,0.7312430143356323
GOPR0400_frame_000114_rgb_anon.png,0,0.5924727320671082
GOPR0400_frame_000114_rgb_anon.png,2,0.47487586736679077
GOPR0400_frame_000125_rgb_anon.png,2,0.9135001301765442
GOPR0400_frame_000125_rgb_anon.png,2,0.8657221794128418
GOPR0400_frame_000150_rgb_anon.png,2,0.9385544061660767
GOPR0400_frame_000150_rgb_anon.png,2,0.8534849882125854
GOPR0400_frame_000150_rgb_anon.png,2,0.793508768081665
GOPR0400_frame_000150_rgb_anon.png,2,0.49463507533073425
GOPR0402_frame_000120_rgb_anon.png,2,0.9030922651290894
GOPR0402_frame_000120_rgb_anon.png,4,0.8980304002761841
GOPR0402_frame_000120_rgb_anon.png,2,0.676537036895752
GOPR0402_frame_000120_rgb_anon.png,2,0.4415760934352875
GOPR0402_frame_000134_rgb_anon.png,2,0.9306211471557617
GOPR0402_frame_000134_rgb_anon.png,2,0.7631127834320068
GOPR0402_frame_000154_rgb_anon.png,2,0.9372195601463318
GOPR0402_frame_000154_rgb_anon.png,2,0.9051038026809692
GOPR0402_frame_000154_rgb_anon.png,2,0.9018056392669678
GOPR0402_frame_000154_rgb_anon.png,0,0.4094850420951843
GOPR0402_frame_000186_rgb_anon.png,2,0.8356317281723022
GOPR0402_frame_000186_rgb_anon.png,0,0.8164243698120117
GOPR0402_frame_000186_rgb_anon.png,2,0.6931813955307007
GOPR0402_frame_000186_rgb_anon.png,2,0.6899837255477905
GOPR0402_frame_000186_rgb_anon.png,2,0.5617452263832092
GOPR0402_frame_000186_rgb_anon.png,2,0.4641685485839844
GOPR0402_frame_000186_rgb_anon.png,2,0.45947161316871643
GOPR0402_frame_000186_rgb_anon.png,0,0.45088282227516174
GOPR0402_frame_000194_rgb_anon.png,2,0.9007027745246887
GOPR0402_frame_000194_rgb_anon.png,2,0.8234612345695496
GOPR0402_frame_000194_rgb_anon.png,2,0.8049901127815247
GOPR0402_frame_000194_rgb_anon.png,2,0.6948776245117188
GOPR0402_frame_000194_rgb_anon.png,2,0.5464779138565063
GOPR0402_frame_000214_rgb_anon.png,2,0.9408314228057861
GOPR0402_frame_000214_rgb_anon.png,2,0.931696355342865
GOPR0402_frame_000214_rgb_anon.png,2,0.9205549955368042
GOPR0402_frame_000214_rgb_anon.png,2,0.7692482471466064
GOPR0402_frame_000234_rgb_anon.png,2,0.9444416165351868
GOPR0402_frame_000234_rgb_anon.png,2,0.9355472922325134
GOPR0402_frame_000234_rgb_anon.png,2,0.8992593884468079
GOPR0402_frame_000234_rgb_anon.png,2,0.8691282868385315
GOPR0402_frame_000234_rgb_anon.png,2,0.8620167374610901
GOPR0402_frame_000234_rgb_anon.png,2,0.8177198171615601
GOPR0402_frame_000234_rgb_anon.png,4,0.5159857273101807
GOPR0402_frame_000234_rgb_anon.png,2,0.49488702416419983
GOPR0402_frame_000234_rgb_anon.png,7,0.4312232434749603
GOPR0402_frame_000234_rgb_anon.png,2,0.417645126581192
GOPR0402_frame_000254_rgb_anon.png,2,0.9462690353393555
GOPR0402_frame_000254_rgb_anon.png,2,0.9307712912559509
GOPR0402_frame_000254_rgb_anon.png,2,0.909646213054657
GOPR0402_frame_000254_rgb_anon.png,2,0.6894293427467346
GOPR0402_frame_000254_rgb_anon.png,2,0.6498468518257141
GOPR0402_frame_000254_rgb_anon.png,2,0.556590735912323
GOPR0402_frame_000294_rgb_anon.png,2,0.9147826433181763
GOPR0402_frame_000294_rgb_anon.png,2,0.9098496437072754
GOPR0402_frame_000294_rgb_anon.png,2,0.8567612767219543
GOPR0402_frame_000294_rgb_anon.png,2,0.8430020213127136
GOPR0402_frame_000294_rgb_anon.png,2,0.8082611560821533
GOPR0402_frame_000294_rgb_anon.png,2,0.7972987294197083
GOPR0402_frame_000294_rgb_anon.png,2,0.6945614814758301
GOPR0402_frame_000294_rgb_anon.png,2,0.5861560106277466
GOPR0402_frame_000304_rgb_anon.png,2,0.9289820194244385
GOPR0402_frame_000304_rgb_anon.png,2,0.9060013890266418
GOPR0402_frame_000304_rgb_anon.png,2,0.8397563099861145
GOPR0402_frame_000304_rgb_anon.png,2,0.8256269097328186
GOPR0402_frame_000315_rgb_anon.png,2,0.9092274308204651
GOPR0402_frame_000315_rgb_anon.png,2,0.9040365815162659
GOPR0402_frame_000315_rgb_anon.png,2,0.8934401869773865
GOPR0402_frame_000315_rgb_anon.png,2,0.8686233758926392
GOPR0402_frame_000315_rgb_anon.png,2,0.8618019819259644
GOPR0402_frame_000315_rgb_anon.png,2,0.6197338104248047
GOPR0402_frame_000315_rgb_anon.png,2,0.6053824424743652
GOPR0402_frame_000315_rgb_anon.png,2,0.6045188307762146
GOPR0402_frame_000315_rgb_anon.png,2,0.5797786712646484
GOPR0402_frame_000315_rgb_anon.png,2,0.5607547163963318
GOPR0402_frame_000320_rgb_anon.png,2,0.8292083144187927
GOPR0402_frame_000320_rgb_anon.png,2,0.815899670124054
GOPR0402_frame_000320_rgb_anon.png,6,0.773533284664154
GOPR0402_frame_000320_rgb_anon.png,2,0.7384125590324402
GOPR0402_frame_000320_rgb_anon.png,2,0.6202360391616821
GOPR0402_frame_000320_rgb_anon.png,2,0.5315620303153992
GOPR0402_frame_000320_rgb_anon.png,6,0.5161277055740356
GOPR0402_frame_000320_rgb_anon.png,2,0.44831496477127075
GOPR0402_frame_000320_rgb_anon.png,2,0.4409988522529602
GOPR0402_frame_000320_rgb_anon.png,7,0.41035032272338867
GOPR0402_frame_000331_rgb_anon.png,2,0.9293431639671326
GOPR0402_frame_000331_rgb_anon.png,2,0.865210235118866
GOPR0402_frame_000331_rgb_anon.png,2,0.7761175632476807
GOPR0402_frame_000331_rgb_anon.png,2,0.7675066590309143
GOPR0402_frame_000331_rgb_anon.png,2,0.6380835175514221
GOPR0402_frame_000331_rgb_anon.png,2,0.5821138620376587
GOPR0402_frame_000331_rgb_anon.png,2,0.4990420937538147
GOPR0402_frame_000331_rgb_anon.png,2,0.4928944408893585
GOPR0402_frame_000331_rgb_anon.png,2,0.4026015102863312
GOPR0402_frame_000336_rgb_anon.png,2,0.9229595065116882
GOPR0402_frame_000336_rgb_anon.png,2,0.831501841545105
GOPR0402_frame_000336_rgb_anon.png,2,0.6662463545799255
GOPR0402_frame_000336_rgb_anon.png,2,0.45392414927482605
GOPR0402_frame_000336_rgb_anon.png,3,0.4508124589920044
GOPR0402_frame_000351_rgb_anon.png,2,0.43324345350265503
GOPR0402_frame_000365_rgb_anon.png,2,0.89119553565979
GOPR0402_frame_000365_rgb_anon.png,0,0.5386284589767456
GOPR0402_frame_000365_rgb_anon.png,2,0.5313972234725952
GOPR0402_frame_000365_rgb_anon.png,2,0.4605400562286377
GOPR0402_frame_000365_rgb_anon.png,2,0.44796022772789
GOPR0402_frame_000369_rgb_anon.png,2,0.9235974550247192
GOPR0402_frame_000369_rgb_anon.png,2,0.912824809551239
GOPR0402_frame_000369_rgb_anon.png,2,0.9084205627441406
GOPR0402_frame_000369_rgb_anon.png,2,0.8993242383003235
GOPR0402_frame_000369_rgb_anon.png,2,0.8740172982215881
GOPR0402_frame_000369_rgb_anon.png,2,0.8711432814598083
GOPR0402_frame_000369_rgb_anon.png,2,0.8490802645683289
GOPR0402_frame_000369_rgb_anon.png,2,0.7865361571311951
GOPR0402_frame_000369_rgb_anon.png,2,0.7815611362457275
GOPR0402_frame_000369_rgb_anon.png,2,0.7357788681983948
GOPR0402_frame_000369_rgb_anon.png,2,0.6375885009765625
GOPR0402_frame_000369_rgb_anon.png,2,0.46836555004119873
GOPR0402_frame_000369_rgb_anon.png,3,0.44396716356277466
GOPR0402_frame_000384_rgb_anon.png,2,0.5820264220237732
GOPR0402_frame_000384_rgb_anon.png,2,0.40623292326927185
GOPR0402_frame_000402_rgb_anon.png,2,0.8935567736625671
GOPR0402_frame_000402_rgb_anon.png,2,0.8907360434532166
GOPR0402_frame_000402_rgb_anon.png,4,0.8156958818435669
GOPR0402_frame_000402_rgb_anon.png,2,0.7347379922866821
GOPR0402_frame_000402_rgb_anon.png,2,0.6792248487472534
GOPR0402_frame_000408_rgb_anon.png,2,0.8781960606575012
GOPR0402_frame_000408_rgb_anon.png,2,0.8479415774345398
GOPR0402_frame_000408_rgb_anon.png,2,0.8366937637329102
GOPR0402_frame_000408_rgb_anon.png,4,0.501605749130249
GOPR0402_frame_000408_rgb_anon.png,2,0.4299776554107666
GOPR0402_frame_000424_rgb_anon.png,2,0.8586345314979553
GOPR0402_frame_000424_rgb_anon.png,2,0.812269389629364
GOPR0402_frame_000429_rgb_anon.png,2,0.8993194103240967
GOPR0402_frame_000429_rgb_anon.png,2,0.8737167716026306
GOPR0402_frame_000435_rgb_anon.png,2,0.8964671492576599
GOPR0402_frame_000435_rgb_anon.png,4,0.8881300091743469
GOPR0402_frame_000441_rgb_anon.png,2,0.8353116512298584
GOPR0402_frame_000441_rgb_anon.png,2,0.7560772895812988
GOPR0402_frame_000441_rgb_anon.png,2,0.6157812476158142
GOPR0402_frame_000441_rgb_anon.png,2,0.4657284617424011
GOPR0402_frame_000441_rgb_anon.png,2,0.4162788391113281
GOPR0402_frame_000457_rgb_anon.png,2,0.9231212735176086
GOPR0402_frame_000457_rgb_anon.png,2,0.8984090685844421
GOPR0402_frame_000741_rgb_anon.png,2,0.826988697052002
GOPR0402_frame_000741_rgb_anon.png,2,0.7880868911743164
GOPR0402_frame_000741_rgb_anon.png,0,0.735737681388855
GOPR0402_frame_000741_rgb_anon.png,0,0.7079805135726929
GOPR0402_frame_000741_rgb_anon.png,2,0.6920321583747864
GOPR0402_frame_000741_rgb_anon.png,2,0.5106902718544006
GOPR0402_frame_000741_rgb_anon.png,3,0.5052199959754944
GOPR0402_frame_000741_rgb_anon.png,3,0.4620930552482605
GOPR0402_frame_000748_rgb_anon.png,3,0.8571164608001709
GOPR0402_frame_000748_rgb_anon.png,2,0.8048328757286072
GOPR0402_frame_000748_rgb_anon.png,2,0.7934905886650085
GOPR0402_frame_000748_rgb_anon.png,2,0.72865891456604
GOPR0402_frame_000748_rgb_anon.png,3,0.41473308205604553
GOPR0402_frame_000755_rgb_anon.png,2,0.9421611428260803
GOPR0402_frame_000755_rgb_anon.png,2,0.924781322479248
GOPR0402_frame_000755_rgb_anon.png,2,0.9195963740348816
GOPR0402_frame_000755_rgb_anon.png,2,0.9152435660362244
GOPR0402_frame_000755_rgb_anon.png,2,0.9150601625442505
GOPR0402_frame_000755_rgb_anon.png,2,0.7452604174613953
GOPR0402_frame_000755_rgb_anon.png,2,0.6130988001823425
GOPR0402_frame_000755_rgb_anon.png,2,0.5716570615768433
GOPR0402_frame_000761_rgb_anon.png,2,0.9426683783531189
GOPR0402_frame_000761_rgb_anon.png,2,0.8169190287590027
GOPR0476_frame_000761_rgb_anon.png,2,0.9411466717720032
GOPR0476_frame_000761_rgb_anon.png,2,0.9021161198616028
GOPR0476_frame_000769_rgb_anon.png,2,0.9468961358070374
GOPR0476_frame_000769_rgb_anon.png,2,0.8925334811210632
GOPR0476_frame_000769_rgb_anon.png,2,0.8804509043693542
GOPR0476_frame_000769_rgb_anon.png,2,0.8633532524108887
GOPR0476_frame_000769_rgb_anon.png,2,0.54600989818573
GOPR0476_frame_000769_rgb_anon.png,0,0.5358416438102722
GOPR0476_frame_000775_rgb_anon.png,2,0.8891742825508118
GOPR0476_frame_000775_rgb_anon.png,2,0.8317548632621765
GOPR0476_frame_000775_rgb_anon.png,2,0.7237120270729065
GOPR0476_frame_000775_rgb_anon.png,0,0.6720383167266846
GOPR0476_frame_000775_rgb_anon.png,0,0.6163533329963684
GOPR0476_frame_000775_rgb_anon.png,2,0.5582848787307739
GOPR0476_frame_000775_rgb_anon.png,2,0.5494175553321838
GOPR0476_frame_000781_rgb_anon.png,2,0.9348317384719849
GOPR0476_frame_000781_rgb_anon.png,2,0.9341303110122681
GOPR0476_frame_000781_rgb_anon.png,2,0.8957781195640564
GOPR0476_frame_000781_rgb_anon.png,2,0.8905752301216125
GOPR0476_frame_000781_rgb_anon.png,2,0.8838800191879272
GOPR0476_frame_000781_rgb_anon.png,2,0.8673740029335022
GOPR0476_frame_000781_rgb_anon.png,2,0.6393192410469055
GOPR0476_frame_000781_rgb_anon.png,2,0.5176804661750793
GOPR0476_frame_000781_rgb_anon.png,2,0.4665510356426239
GOPR0476_frame_000781_rgb_anon.png,2,0.41792210936546326
GOPR0476_frame_000788_rgb_anon.png,2,0.9145157337188721
GOPR0476_frame_000788_rgb_anon.png,2,0.9134711027145386
GOPR0476_frame_000788_rgb_anon.png,2,0.8735575675964355
GOPR0476_frame_000788_rgb_anon.png,0,0.831260085105896
GOPR0476_frame_000798_rgb_anon.png,2,0.9534471035003662
GOPR0476_frame_000798_rgb_anon.png,4,0.9251191020011902
GOPR0476_frame_000798_rgb_anon.png,2,0.8386572003364563
GOPR0476_frame_000826_rgb_anon.png,2,0.945642352104187
GOPR0476_frame_000826_rgb_anon.png,2,0.9338319897651672
GOPR0476_frame_000826_rgb_anon.png,2,0.8974882364273071
GOPR0476_frame_000826_rgb_anon.png,2,0.8968971967697144
GOPR0476_frame_000826_rgb_anon.png,2,0.8359171152114868
GOPR0476_frame_000826_rgb_anon.png,2,0.6949263215065002
GOPR0476_frame_000826_rgb_anon.png,2,0.4808790981769562
GOPR0476_frame_000826_rgb_anon.png,2,0.4702688157558441
GOPR0476_frame_000826_rgb_anon.png,2,0.4145791530609131
GOPR0476_frame_000834_rgb_anon.png,2,0.8996062874794006
GOPR0476_frame_000834_rgb_anon.png,2,0.895002543926239
GOPR0476_frame_000834_rgb_anon.png,2,0.8930172324180603
GOPR0476_frame_000834_rgb_anon.png,2,0.8921764492988586
GOPR0476_frame_000840_rgb_anon.png,2,0.9308891296386719
GOPR0476_frame_000840_rgb_anon.png,2,0.9216511845588684
GOPR0476_frame_000840_rgb_anon.png,2,0.8795366287231445
GOPR0476_frame_000840_rgb_anon.png,2,0.8449403047561646
GOPR0476_frame_000840_rgb_anon.png,2,0.8391040563583374
GOPR0476_frame_000840_rgb_anon.png,0,0.4926019310951233
GOPR0476_frame_000840_rgb_anon.png,0,0.4736705720424652
GOPR0476_frame_000845_rgb_anon.png,2,0.930033266544342
GOPR0476_frame_000845_rgb_anon.png,2,0.903530478477478
GOPR0476_frame_000845_rgb_anon.png,2,0.6586450338363647
GOPR0476_frame_000845_rgb_anon.png,0,0.640749990940094
GOPR0476_frame_000845_rgb_anon.png,0,0.5269043445587158
GOPR0476_frame_000850_rgb_anon.png,2,0.9202378988265991
GOPR0476_frame_000850_rgb_anon.png,2,0.9187580347061157
GOPR0476_frame_000850_rgb_anon.png,2,0.9049205183982849
GOPR0476_frame_000850_rgb_anon.png,2,0.8891609907150269
GOPR0476_frame_000850_rgb_anon.png,1,0.8661449551582336
GOPR0476_frame_000850_rgb_anon.png,7,0.8038397431373596
GOPR0476_frame_000850_rgb_anon.png,1,0.47301506996154785
GOPR0476_frame_000854_rgb_anon.png,2,0.9132672548294067
GOPR0476_frame_000859_rgb_anon.png,2,0.886008620262146
GOPR0476_frame_000859_rgb_anon.png,2,0.8818817138671875
GOPR0476_frame_000859_rgb_anon.png,2,0.8136906027793884
GOPR0476_frame_000859_rgb_anon.png,2,0.7845720052719116
GOPR0476_frame_000859_rgb_anon.png,2,0.7661260366439819
GOPR0476_frame_000859_rgb_anon.png,7,0.6178207397460938
GOPR0476_frame_000864_rgb_anon.png,2,0.8862323760986328
GOPR0476_frame_000864_rgb_anon.png,2,0.7294742465019226
GOPR0476_frame_000869_rgb_anon.png,2,0.9233003258705139
GOPR0476_frame_000869_rgb_anon.png,2,0.8828252553939819
GOPR0476_frame_000869_rgb_anon.png,2,0.877446711063385
GOPR0476_frame_000869_rgb_anon.png,0,0.8542948365211487
GOPR0476_frame_000869_rgb_anon.png,2,0.5192204117774963
GOPR0476_frame_000874_rgb_anon.png,2,0.9028066992759705
GOPR0476_frame_000874_rgb_anon.png,2,0.8919203281402588
GOPR0476_frame_000874_rgb_anon.png,2,0.8880494832992554
GOPR0476_frame_000874_rgb_anon.png,2,0.8851861357688904
GOPR0476_frame_000879_rgb_anon.png,2,0.9215227961540222
GOPR0476_frame_000879_rgb_anon.png,2,0.8771226406097412
GOPR0476_frame_000879_rgb_anon.png,3,0.7892876267433167
GOPR0476_frame_000879_rgb_anon.png,1,0.40761613845825195
GOPR0476_frame_000884_rgb_anon.png,2,0.9254565238952637
GOPR0476_frame_000884_rgb_anon.png,2,0.8804115653038025
GOPR0476_frame_000884_rgb_anon.png,2,0.8669261336326599
GOPR0476_frame_000884_rgb_anon.png,0,0.7900285124778748
GOPR0476_frame_000884_rgb_anon.png,0,0.7532116770744324
GOPR0476_frame_000884_rgb_anon.png,2,0.5962421298027039
GOPR0476_frame_000889_rgb_anon.png,2,0.8736898303031921
GOPR0476_frame_000889_rgb_anon.png,2,0.7709508538246155
GOPR0476_frame_000894_rgb_anon.png,2,0.8856620788574219
GOPR0476_frame_000894_rgb_anon.png,2,0.792336106300354
GOPR0476_frame_000899_rgb_anon.png,2,0.9413756728172302
GOPR0476_frame_000899_rgb_anon.png,2,0.8785470724105835
GOPR0476_frame_000899_rgb_anon.png,2,0.5508058071136475
GOPR0476_frame_000899_rgb_anon.png,2,0.5004892349243164
GOPR0476_frame_000904_rgb_anon.png,2,0.9092052578926086
GOPR0476_frame_000904_rgb_anon.png,2,0.8904195427894592
GOPR0476_frame_000904_rgb_anon.png,2,0.8816133141517639
GOPR0476_frame_000904_rgb_anon.png,2,0.851610541343689
GOPR0476_frame_000904_rgb_anon.png,2,0.8490046262741089
GOPR0476_frame_000904_rgb_anon.png,2,0.7907094955444336
GOPR0476_frame_000904_rgb_anon.png,2,0.661444902420044
GOPR0476_frame_000904_rgb_anon.png,2,0.5095460414886475
GOPR0476_frame_000904_rgb_anon.png,2,0.45681673288345337
GOPR0476_frame_000910_rgb_anon.png,3,0.9188108444213867
GOPR0476_frame_000910_rgb_anon.png,2,0.8652718663215637
GOPR0476_frame_000910_rgb_anon.png,2,0.8644196391105652
GOPR0476_frame_000910_rgb_anon.png,2,0.8495511412620544
GOPR0476_frame_000910_rgb_anon.png,0,0.7916068434715271
GOPR0476_frame_000910_rgb_anon.png,2,0.7717865109443665
GOPR0476_frame_000910_rgb_anon.png,2,0.5769733190536499
GOPR0476_frame_000910_rgb_anon.png,2,0.5037645697593689
GOPR0476_frame_000910_rgb_anon.png,2,0.48421552777290344
GOPR0476_frame_000916_rgb_anon.png,2,0.9451317191123962
GOPR0476_frame_000916_rgb_anon.png,2,0.9074386358261108
GOPR0476_frame_000916_rgb_anon.png,2,0.88642418384552
GOPR0476_frame_000916_rgb_anon.png,2,0.8795578479766846
GOPR0476_frame_000916_rgb_anon.png,2,0.8431790471076965
GOPR0476_frame_000916_rgb_anon.png,0,0.8234702944755554
GOPR0476_frame_000921_rgb_anon.png,2,0.9179208874702454
GOPR0476_frame_000921_rgb_anon.png,2,0.9074739217758179
GOPR0476_frame_000921_rgb_anon.png,2,0.9052149653434753
GOPR0476_frame_000921_rgb_anon.png,2,0.7823620438575745
GOPR0476_frame_000921_rgb_anon.png,2,0.728162944316864
GOPR0476_frame_000921_rgb_anon.png,2,0.6666697263717651
GOPR0476_frame_000921_rgb_anon.png,2,0.48457422852516174
GOPR0476_frame_000921_rgb_anon.png,2,0.4605374038219452
GOPR0476_frame_000921_rgb_anon.png,2,0.4459981620311737
GOPR0476_frame_000926_rgb_anon.png,2,0.9435288906097412
GOPR0476_frame_000926_rgb_anon.png,2,0.889187216758728
GOPR0476_frame_000926_rgb_anon.png,2,0.868412971496582
GOPR0476_frame_000926_rgb_anon.png,0,0.8332372903823853
GOPR0476_frame_000926_rgb_anon.png,2,0.8186449408531189
GOPR0476_frame_000926_rgb_anon.png,0,0.8014127016067505
GOPR0476_frame_000926_rgb_anon.png,2,0.8003152012825012
GOPR0476_frame_000926_rgb_anon.png,2,0.7829710841178894
GOPR0476_frame_000926_rgb_anon.png,0,0.626092255115509
GOPR0476_frame_000926_rgb_anon.png,2,0.4971655011177063
GOPR0476_frame_000926_rgb_anon.png,2,0.46729254722595215
GOPR0476_frame_000931_rgb_anon.png,2,0.9434430599212646
GOPR0476_frame_000931_rgb_anon.png,2,0.9112915396690369
GOPR0476_frame_000931_rgb_anon.png,2,0.9052426218986511
GOPR0476_frame_000931_rgb_anon.png,2,0.9000770449638367
GOPR0476_frame_000931_rgb_anon.png,2,0.8596316576004028
GOPR0476_frame_000931_rgb_anon.png,0,0.45494934916496277
GOPR0476_frame_000935_rgb_anon.png,2,0.8909344673156738
GOPR0476_frame_000935_rgb_anon.png,2,0.8715274930000305
GOPR0476_frame_000940_rgb_anon.png,2,0.8388538360595703
GOPR0476_frame_000940_rgb_anon.png,4,0.7046107053756714
GOPR0476_frame_000940_rgb_anon.png,2,0.6310673356056213
GOPR0476_frame_000940_rgb_anon.png,3,0.5311656594276428
GOPR0476_frame_000940_rgb_anon.png,3,0.4171217083930969
GOPR0476_frame_000944_rgb_anon.png,2,0.8890969753265381
GOPR0476_frame_000944_rgb_anon.png,2,0.7486979961395264
GOPR0476_frame_000944_rgb_anon.png,2,0.7320878505706787
GOPR0476_frame_000944_rgb_anon.png,5,0.6932022571563721
GOPR0476_frame_000944_rgb_anon.png,4,0.5841048359870911
GOPR0476_frame_000948_rgb_anon.png,2,0.9347898960113525
GOPR0476_frame_000948_rgb_anon.png,2,0.8946964740753174
GOPR0476_frame_000948_rgb_anon.png,2,0.8879497647285461
GOPR0476_frame_000948_rgb_anon.png,2,0.8104525804519653
GOPR0476_frame_000948_rgb_anon.png,1,0.7735620141029358
GOPR0476_frame_000948_rgb_anon.png,7,0.6583750247955322
GOPR0476_frame_000948_rgb_anon.png,2,0.49837633967399597
GOPR0476_frame_000952_rgb_anon.png,2,0.9495114684104919
GOPR0476_frame_000952_rgb_anon.png,2,0.901003360748291
GOPR0476_frame_000952_rgb_anon.png,2,0.8893738389015198
GOPR0476_frame_000957_rgb_anon.png,2,0.9063839316368103
GOPR0476_frame_000957_rgb_anon.png,3,0.6395894289016724
GOPR0476_frame_000957_rgb_anon.png,2,0.5442618727684021
GOPR0476_frame_000962_rgb_anon.png,2,0.9474486708641052
GOPR0476_frame_000962_rgb_anon.png,2,0.8861930966377258
GOPR0476_frame_000962_rgb_anon.png,3,0.8544163107872009
GOPR0476_frame_000962_rgb_anon.png,6,0.7354596853256226
GOPR0476_frame_000982_rgb_anon.png,2,0.9220572113990784
GOPR0476_frame_000982_rgb_anon.png,2,0.9122149348258972
GOPR0476_frame_000982_rgb_anon.png,2,0.9068399667739868
GOPR0476_frame_000982_rgb_anon.png,2,0.8869431614875793
GOPR0476_frame_000982_rgb_anon.png,2,0.8632786273956299
GOPR0476_frame_000982_rgb_anon.png,2,0.8450681567192078
GOPR0476_frame_000982_rgb_anon.png,0,0.7815825939178467
GOPR0476_frame_000982_rgb_anon.png,2,0.5280497670173645
GOPR0476_frame_001002_rgb_anon.png,2,0.9205870032310486
GOPR0476_frame_001002_rgb_anon.png,2,0.8931745886802673
GOPR0476_frame_001002_rgb_anon.png,2,0.8762722015380859
GOPR0476_frame_001002_rgb_anon.png,3,0.8128300905227661
GOPR0476_frame_001002_rgb_anon.png,2,0.7630639672279358
GOPR0476_frame_001002_rgb_anon.png,2,0.7220175862312317
GOPR0476_frame_001007_rgb_anon.png,2,0.8995969891548157
GOPR0476_frame_001007_rgb_anon.png,2,0.8973751068115234
GOPR0476_frame_001007_rgb_anon.png,2,0.7492741346359253
GOPR0476_frame_001007_rgb_anon.png,3,0.6684997081756592
GOPR0476_frame_001007_rgb_anon.png,2,0.4325818419456482
GOPR0476_frame_001011_rgb_anon.png,0,0.6758064031600952
GOPR0476_frame_001011_rgb_anon.png,2,0.5178151726722717
GOPR0476_frame_001015_rgb_anon.png,2,0.8945897817611694
GOPR0476_frame_001015_rgb_anon.png,2,0.8784570097923279
GOPR0476_frame_001015_rgb_anon.png,2,0.8580065369606018
GOPR0476_frame_001015_rgb_anon.png,3,0.7536699175834656
GOPR0476_frame_001015_rgb_anon.png,2,0.7409842014312744
GOPR0476_frame_001015_rgb_anon.png,2,0.7002987265586853
GOPR0476_frame_001015_rgb_anon.png,2,0.4484066963195801
GOPR0476_frame_001019_rgb_anon.png,2,0.8559985756874084
GOPR0476_frame_001019_rgb_anon.png,2,0.7950884699821472
GOPR0476_frame_001019_rgb_anon.png,2,0.7835008502006531
GOPR0476_frame_001019_rgb_anon.png,3,0.7491441965103149
GOPR0476_frame_001019_rgb_anon.png,2,0.5117749571800232
GOPR0476_frame_001019_rgb_anon.png,2,0.40084511041641235
GOPR0476_frame_001024_rgb_anon.png,2,0.8868877291679382
GOPR0476_frame_001024_rgb_anon.png,2,0.8514637351036072
GOPR0476_frame_001024_rgb_anon.png,2,0.7367510795593262
GOPR0476_frame_001024_rgb_anon.png,2,0.6816967725753784
GOPR0476_frame_001024_rgb_anon.png,0,0.6007340550422668
GOPR0476_frame_001029_rgb_anon.png,2,0.8790038228034973
GOPR0476_frame_001029_rgb_anon.png,2,0.873502254486084
GOPR0476_frame_001029_rgb_anon.png,2,0.8562659621238708
GOPR0476_frame_001029_rgb_anon.png,2,0.8468537330627441
GOPR0476_frame_001029_rgb_anon.png,2,0.8349178433418274
GOPR0476_frame_001029_rgb_anon.png,2,0.8008902668952942
GOPR0476_frame_001029_rgb_anon.png,2,0.7928400635719299
GOPR0476_frame_001029_rgb_anon.png,2,0.472560852766037
GOPR0476_frame_001033_rgb_anon.png,2,0.9441475868225098
GOPR0476_frame_001033_rgb_anon.png,2,0.8807859420776367
GOPR0476_frame_001033_rgb_anon.png,2,0.8526302576065063
GOPR0476_frame_001033_rgb_anon.png,2,0.8175636529922485
GOPR0476_frame_001033_rgb_anon.png,2,0.6559756994247437
GOPR0476_frame_001039_rgb_anon.png,2,0.9104135632514954
GOPR0476_frame_001039_rgb_anon.png,2,0.8919662237167358
GOPR0476_frame_001039_rgb_anon.png,0,0.7129845023155212
GOPR0476_frame_001039_rgb_anon.png,2,0.580814003944397
GOPR0476_frame_001039_rgb_anon.png,2,0.5549001097679138
GOPR0476_frame_001039_rgb_anon.png,2,0.5454391837120056
GOPR0476_frame_001055_rgb_anon.png,2,0.95611172914505
GOPR0476_frame_001055_rgb_anon.png,2,0.9396358132362366
GOPR0476_frame_001055_rgb_anon.png,2,0.8971067070960999
GOPR0476_frame_001055_rgb_anon.png,2,0.8872414827346802
GOPR0476_frame_001055_rgb_anon.png,2,0.8743233680725098
GOPR0476_frame_001055_rgb_anon.png,7,0.8586151003837585
GOPR0476_frame_001055_rgb_anon.png,2,0.8096408843994141
GOPR0476_frame_001055_rgb_anon.png,2,0.6554607152938843
GOPR0476_frame_001060_rgb_anon.png,2,0.9462494254112244
GOPR0476_frame_001060_rgb_anon.png,2,0.9461140036582947
GOPR0476_frame_001060_rgb_anon.png,2,0.8776894211769104
GOPR0476_frame_001060_rgb_anon.png,2,0.8669906854629517
GOPR0476_frame_001060_rgb_anon.png,4,0.7207181453704834
GOPR0571_frame_000232_rgb_anon.png,3,0.9390201568603516
GOPR0571_frame_000232_rgb_anon.png,0,0.8463940620422363
GOPR0571_frame_000232_rgb_anon.png,0,0.819546639919281
GOPR0571_frame_000232_rgb_anon.png,0,0.7849980592727661
GOPR0571_frame_000232_rgb_anon.png,0,0.7591453790664673
GOPR0571_frame_000232_rgb_anon.png,0,0.728129506111145
GOPR0571_frame_000232_rgb_anon.png,2,0.7254324555397034
GOPR0571_frame_000232_rgb_anon.png,0,0.673734188079834
GOPR0571_frame_000232_rgb_anon.png,0,0.6417219042778015
GOPR0571_frame_000232_rgb_anon.png,0,0.603313684463501
GOPR0571_frame_000232_rgb_anon.png,0,0.598771870136261
GOPR0571_frame_000232_rgb_anon.png,0,0.5456342101097107
GOPR0571_frame_000232_rgb_anon.png,0,0.5329647064208984
GOPR0571_frame_000232_rgb_anon.png,2,0.4737318754196167
GOPR0571_frame_000232_rgb_anon.png,0,0.42565396428108215
GOPR0571_frame_000232_rgb_anon.png,0,0.41518619656562805
GOPR0571_frame_000275_rgb_anon.png,3,0.8964624404907227
GOPR0571_frame_000275_rgb_anon.png,0,0.8460074663162231
GOPR0571_frame_000275_rgb_anon.png,0,0.8213633894920349
GOPR0571_frame_000275_rgb_anon.png,0,0.6603197455406189
GOPR0571_frame_000275_rgb_anon.png,0,0.5863199830055237
GOPR0571_frame_000275_rgb_anon.png,0,0.5459465384483337
GOPR0571_frame_000275_rgb_anon.png,0,0.4026976227760315
GOPR0572_frame_000736_rgb_anon.png,2,0.9034510254859924
GOPR0572_frame_000736_rgb_anon.png,2,0.8256362676620483
GOPR0572_frame_000740_rgb_anon.png,2,0.8511404395103455
GOPR0572_frame_000740_rgb_anon.png,2,0.8043787479400635
GOPR0572_frame_000740_rgb_anon.png,3,0.6103174090385437
GOPR0572_frame_000740_rgb_anon.png,3,0.5278013944625854
GOPR0572_frame_000748_rgb_anon.png,3,0.8408088684082031
GOPR0572_frame_000748_rgb_anon.png,2,0.6515429019927979
GOPR0572_frame_000748_rgb_anon.png,2,0.5897078514099121
GOPR0572_frame_000752_rgb_anon.png,2,0.6121267080307007
GOPR0572_frame_000752_rgb_anon.png,2,0.48664340376853943
GOPR0572_frame_000756_rgb_anon.png,2,0.8956831097602844
GOPR0572_frame_000756_rgb_anon.png,2,0.8904772996902466
GOPR0572_frame_000756_rgb_anon.png,2,0.8297601342201233
GOPR0572_frame_000760_rgb_anon.png,2,0.9176908135414124
GOPR0572_frame_000760_rgb_anon.png,2,0.8398562669754028
GOPR0572_frame_000760_rgb_anon.png,2,0.8292650580406189
GOPR0572_frame_000760_rgb_anon.png,2,0.8222553730010986
GOPR0572_frame_000760_rgb_anon.png,2,0.6586697101593018
GOPR0572_frame_000760_rgb_anon.png,2,0.622552752494812
GOPR0572_frame_000760_rgb_anon.png,2,0.6052544116973877
GOPR0572_frame_000760_rgb_anon.png,2,0.5666080713272095
GOPR0572_frame_000773_rgb_anon.png,2,0.7717477679252625
GOPR0572_frame_000773_rgb_anon.png,2,0.6396694183349609
GOPR0572_frame_000773_rgb_anon.png,2,0.5806811451911926
GOPR0572_frame_000773_rgb_anon.png,2,0.537550151348114
GOPR0572_frame_000773_rgb_anon.png,2,0.4822319447994232
GOPR0572_frame_000773_rgb_anon.png,2,0.4570103585720062
GOPR0572_frame_000778_rgb_anon.png,2,0.9210643172264099
GOPR0572_frame_000778_rgb_anon.png,2,0.9117484092712402
GOPR0572_frame_000778_rgb_anon.png,2,0.9077269434928894
GOPR0572_frame_000778_rgb_anon.png,2,0.8970955610275269
GOPR0572_frame_000778_rgb_anon.png,2,0.8675989508628845
GOPR0572_frame_000778_rgb_anon.png,2,0.8067724704742432
GOPR0572_frame_000778_rgb_anon.png,2,0.7601151466369629
GOPR0572_frame_000778_rgb_anon.png,2,0.7444704174995422
GOPR0572_frame_000778_rgb_anon.png,2,0.6913616061210632
GOPR0572_frame_000820_rgb_anon.png,2,0.9393956661224365
GOPR0572_frame_000820_rgb_anon.png,2,0.9340870380401611
GOPR0572_frame_000820_rgb_anon.png,2,0.8543828725814819
GOPR0572_frame_000820_rgb_anon.png,2,0.8306719660758972
GOPR0572_frame_000820_rgb_anon.png,2,0.5184850096702576
GOPR0572_frame_000820_rgb_anon.png,5,0.47071927785873413
GOPR0572_frame_000825_rgb_anon.png,5,0.9298405647277832
GOPR0572_frame_000825_rgb_anon.png,2,0.9111382961273193
GOPR0572_frame_000825_rgb_anon.png,2,0.8872854709625244
GOPR0572_frame_000825_rgb_anon.png,2,0.4969205856323242
GOPR0572_frame_000830_rgb_anon.png,2,0.897933304309845
GOPR0572_frame_000836_rgb_anon.png,2,0.8647631406784058
GOPR0572_frame_000836_rgb_anon.png,2,0.8524516224861145
GOPR0572_frame_000836_rgb_anon.png,1,0.7899677157402039
GOPR0572_frame_000860_rgb_anon.png,2,0.9553670287132263
GOPR0572_frame_000860_rgb_anon.png,2,0.8202704191207886
GOPR0604_frame_000278_rgb_anon.png,2,0.8735001683235168
GOPR0604_frame_000278_rgb_anon.png,2,0.8726822733879089
GOPR0604_frame_000284_rgb_anon.png,2,0.9462674260139465
GOPR0604_frame_000284_rgb_anon.png,2,0.8924419283866882
GOPR0604_frame_000284_rgb_anon.png,2,0.8806665539741516
GOPR0604_frame_000284_rgb_anon.png,2,0.8437756299972534
GOPR0604_frame_000284_rgb_anon.png,2,0.81489497423172
GOPR0604_frame_000284_rgb_anon.png,2,0.7784547805786133
GOPR0604_frame_000284_rgb_anon.png,2,0.7692731022834778
GOPR0604_frame_000284_rgb_anon.png,2,0.7265394926071167
GOPR0604_frame_000284_rgb_anon.png,2,0.7082868218421936
GOPR0604_frame_000284_rgb_anon.png,3,0.4983632564544678
GOPR0604_frame_000284_rgb_anon.png,2,0.4973202049732208
GOPR0604_frame_000284_rgb_anon.png,2,0.41424915194511414
GOPR0604_frame_000290_rgb_anon.png,2,0.9348049759864807
GOPR0604_frame_000290_rgb_anon.png,2,0.5661386847496033
GOPR0604_frame_000290_rgb_anon.png,2,0.4418167173862457
GOPR0604_frame_000290_rgb_anon.png,2,0.40994793176651
GOPR0604_frame_000300_rgb_anon.png,2,0.9136249423027039
GOPR0604_frame_000300_rgb_anon.png,2,0.7424004077911377
GOPR0604_frame_000300_rgb_anon.png,2,0.5883247256278992
GOPR0604_frame_000300_rgb_anon.png,2,0.47628799080848694
GOPR0604_frame_000300_rgb_anon.png,2,0.4593981206417084
GOPR0604_frame_000305_rgb_anon.png,2,0.9180970788002014
GOPR0604_frame_000305_rgb_anon.png,2,0.6719725131988525
GOPR0604_frame_000305_rgb_anon.png,2,0.5710362792015076
GOPR0604_frame_000305_rgb_anon.png,0,0.5182235240936279
GOPR0604_frame_000305_rgb_anon.png,2,0.48018327355384827
GOPR0604_frame_000310_rgb_anon.png,3,0.76493239402771
GOPR0604_frame_000310_rgb_anon.png,2,0.5087864995002747
GOPR0604_frame_000316_rgb_anon.png,0,0.6934064626693726
GOPR0604_frame_000322_rgb_anon.png,0,0.7098933458328247
GOPR0604_frame_000322_rgb_anon.png,0,0.6559019088745117
GOPR0604_frame_000322_rgb_anon.png,2,0.5583911538124084
GOPR0604_frame_000327_rgb_anon.png,2,0.9318994283676147
GOPR0604_frame_000327_rgb_anon.png,2,0.779090940952301
GOPR0604_frame_000327_rgb_anon.png,2,0.7570691704750061
GOPR0604_frame_000332_rgb_anon.png,2,0.8908061981201172
GOPR0604_frame_000332_rgb_anon.png,2,0.8630702495574951
GOPR0604_frame_000332_rgb_anon.png,2,0.8609873056411743
GOPR0604_frame_000332_rgb_anon.png,2,0.8220402002334595
GOPR0604_frame_000332_rgb_anon.png,0,0.5252808332443237
GOPR0604_frame_000332_rgb_anon.png,2,0.45331457257270813
GOPR0604_frame_000337_rgb_anon.png,2,0.9155195355415344
GOPR0604_frame_000337_rgb_anon.png,2,0.9061952829360962
GOPR0604_frame_000337_rgb_anon.png,2,0.870806872844696
GOPR0604_frame_000337_rgb_anon.png,2,0.7977615594863892
GOPR0604_frame_000337_rgb_anon.png,3,0.7455089092254639
GOPR0604_frame_000337_rgb_anon.png,2,0.6772549748420715
GOPR0604_frame_000337_rgb_anon.png,2,0.6232331395149231
GOPR0604_frame_000373_rgb_anon.png,2,0.9250248074531555
GOPR0604_frame_000373_rgb_anon.png,4,0.8745521306991577
GOPR0604_frame_000373_rgb_anon.png,2,0.8625734448432922
GOPR0604_frame_000373_rgb_anon.png,3,0.7892689108848572
GOPR0604_frame_000373_rgb_anon.png,2,0.7766173481941223
GOPR0604_frame_000373_rgb_anon.png,2,0.6512731909751892
GOPR0604_frame_000373_rgb_anon.png,2,0.6316912770271301
GOPR0604_frame_000373_rgb_anon.png,2,0.5577399134635925
GOPR0604_frame_000373_rgb_anon.png,2,0.5557090640068054
GOPR0604_frame_000393_rgb_anon.png,2,0.9484437108039856
GOPR0604_frame_000393_rgb_anon.png,2,0.9005585312843323
GOPR0604_frame_000393_rgb_anon.png,3,0.8998979926109314
GOPR0604_frame_000393_rgb_anon.png,2,0.8928837776184082
GOPR0604_frame_000393_rgb_anon.png,2,0.8069489002227783
GOPR0604_frame_000393_rgb_anon.png,2,0.7702775001525879
GOPR0604_frame_000393_rgb_anon.png,2,0.4668361246585846
GOPR0604_frame_000413_rgb_anon.png,2,0.9131227135658264
GOPR0604_frame_000413_rgb_anon.png,2,0.9078381657600403
GOPR0604_frame_000413_rgb_anon.png,2,0.8471367359161377
GOPR0604_frame_000413_rgb_anon.png,2,0.8080564141273499
GOPR0604_frame_000413_rgb_anon.png,2,0.7893022298812866
GOPR0604_frame_000413_rgb_anon.png,2,0.7306434512138367
GOPR0604_frame_000413_rgb_anon.png,4,0.4978768825531006
GOPR0604_frame_000413_rgb_anon.png,6,0.4498540163040161
GOPR0604_frame_000433_rgb_anon.png,2,0.9244096279144287
GOPR0604_frame_000433_rgb_anon.png,3,0.9098532795906067
GOPR0604_frame_000433_rgb_anon.png,2,0.8986109495162964
GOPR0604_frame_000433_rgb_anon.png,2,0.8758801221847534
GOPR0604_frame_000433_rgb_anon.png,0,0.8457080125808716
GOPR0604_frame_000433_rgb_anon.png,2,0.8222585916519165
GOPR0604_frame_000433_rgb_anon.png,2,0.6041980385780334
GOPR0604_frame_000433_rgb_anon.png,2,0.5733525156974792
GOPR0604_frame_000433_rgb_anon.png,2,0.44353240728378296
GOPR0604_frame_000439_rgb_anon.png,3,0.9291658997535706
GOPR0604_frame_000439_rgb_anon.png,2,0.8743650913238525
GOPR0604_frame_000439_rgb_anon.png,2,0.7813555598258972
GOPR0604_frame_000439_rgb_anon.png,2,0.7420170307159424
GOPR0604_frame_000439_rgb_anon.png,1,0.6007527709007263
GOPR0604_frame_000439_rgb_anon.png,2,0.5720344185829163
GOPR0604_frame_000445_rgb_anon.png,2,0.9268611669540405
GOPR0604_frame_000455_rgb_anon.png,2,0.8674332499504089
GOPR0604_frame_000455_rgb_anon.png,2,0.7987004518508911
GOPR0604_frame_000460_rgb_anon.png,2,0.8650631904602051
GOPR0604_frame_000465_rgb_anon.png,2,0.9398304224014282
GOPR0604_frame_000465_rgb_anon.png,2,0.8835664987564087
GOPR0604_frame_000465_rgb_anon.png,2,0.8501654267311096
GOPR0604_frame_000465_rgb_anon.png,2,0.8385335206985474
GOPR0604_frame_000465_rgb_anon.png,2,0.7696033716201782
GOPR0604_frame_000470_rgb_anon.png,3,0.9288235902786255
GOPR0604_frame_000470_rgb_anon.png,2,0.9283978939056396
GOPR0604_frame_000470_rgb_anon.png,2,0.916689395904541
GOPR0604_frame_000470_rgb_anon.png,2,0.8709076046943665
GOPR0604_frame_000470_rgb_anon.png,2,0.8554311990737915
GOPR0604_frame_000478_rgb_anon.png,3,0.9398916363716125
GOPR0604_frame_000478_rgb_anon.png,6,0.7687708139419556
GOPR0604_frame_000478_rgb_anon.png,2,0.4019979238510132
GOPR0604_frame_000488_rgb_anon.png,3,0.8383831977844238
GOPR0604_frame_000488_rgb_anon.png,2,0.626132607460022
GOPR0605_frame_000161_rgb_anon.png,2,0.9263172745704651
GOPR0605_frame_000161_rgb_anon.png,5,0.7147797346115112
GOPR0605_frame_000181_rgb_anon.png,2,0.911530077457428
GOPR0605_frame_000181_rgb_anon.png,2,0.8714867234230042
GOPR0605_frame_000181_rgb_anon.png,5,0.531284749507904
GOPR0605_frame_000181_rgb_anon.png,2,0.5087681412696838
GOPR0605_frame_000181_rgb_anon.png,5,0.4371487498283386
GOPR0605_frame_000299_rgb_anon.png,2,0.9146353006362915
GOPR0605_frame_000299_rgb_anon.png,2,0.9004364013671875
GOPR0605_frame_000299_rgb_anon.png,2,0.8249695301055908
GOPR0605_frame_000299_rgb_anon.png,2,0.6623719334602356
GOPR0606_frame_000110_rgb_anon.png,2,0.8404480814933777
GOPR0606_frame_000110_rgb_anon.png,0,0.82079017162323
GOPR0606_frame_000110_rgb_anon.png,4,0.473575621843338
GOPR0606_frame_000162_rgb_anon.png,2,0.9252564311027527
GOPR0606_frame_000162_rgb_anon.png,2,0.9029908776283264
GOPR0606_frame_000162_rgb_anon.png,2,0.88730388879776
GOPR0606_frame_000162_rgb_anon.png,2,0.7728787660598755
GOPR0606_frame_000162_rgb_anon.png,6,0.7539909482002258
GOPR0606_frame_000162_rgb_anon.png,0,0.6463769674301147
GOPR0606_frame_000182_rgb_anon.png,2,0.9480705857276917
GOPR0606_frame_000182_rgb_anon.png,2,0.9275822043418884
GOPR0606_frame_000182_rgb_anon.png,2,0.8980592489242554
GOPR0606_frame_000196_rgb_anon.png,2,0.8628164529800415
GOPR0606_frame_000196_rgb_anon.png,3,0.6099053621292114
GOPR0606_frame_000196_rgb_anon.png,2,0.4896710216999054
GOPR0606_frame_000196_rgb_anon.png,6,0.40498533844947815
GOPR0606_frame_000202_rgb_anon.png,0,0.8910515904426575
GOPR0606_frame_000213_rgb_anon.png,2,0.9488705992698669
GOPR0606_frame_000213_rgb_anon.png,2,0.9261542558670044
GOPR0606_frame_000213_rgb_anon.png,2,0.8229960799217224
GOPR0606_frame_000213_rgb_anon.png,0,0.82034832239151
GOPR0606_frame_000213_rgb_anon.png,2,0.819495439529419
GOPR0606_frame_000213_rgb_anon.png,2,0.7311763167381287
GOPR0606_frame_000213_rgb_anon.png,2,0.5589039921760559
GOPR0606_frame_000213_rgb_anon.png,2,0.47550973296165466
GOPR0606_frame_000213_rgb_anon.png,2,0.402750164270401
GOPR0606_frame_000220_rgb_anon.png,2,0.9247714281082153
GOPR0606_frame_000220_rgb_anon.png,2,0.6856379508972168
GOPR0606_frame_000220_rgb_anon.png,4,0.4874899387359619
GOPR0606_frame_000229_rgb_anon.png,2,0.9636380672454834
GOPR0606_frame_000229_rgb_anon.png,2,0.8928716778755188
GOPR0606_frame_000229_rgb_anon.png,2,0.8478111624717712
GOPR0606_frame_000229_rgb_anon.png,2,0.8085494041442871
GOPR0606_frame_000229_rgb_anon.png,2,0.6520094871520996
GOPR0606_frame_000238_rgb_anon.png,2,0.935893177986145
GOPR0606_frame_000238_rgb_anon.png,2,0.9008962512016296
GOPR0606_frame_000238_rgb_anon.png,0,0.775348424911499
GOPR0606_frame_000238_rgb_anon.png,2,0.7444407343864441
GOPR0606_frame_000238_rgb_anon.png,2,0.7338422536849976
GOPR0606_frame_000238_rgb_anon.png,0,0.7090935111045837
GOPR0606_frame_000258_rgb_anon.png,2,0.9453989267349243
GOPR0606_frame_000258_rgb_anon.png,2,0.9087716937065125
GOPR0606_frame_000258_rgb_anon.png,2,0.7963953018188477
GOPR0606_frame_000258_rgb_anon.png,2,0.7888842225074768
GOPR0606_frame_000258_rgb_anon.png,2,0.7548156380653381
GOPR0606_frame_000258_rgb_anon.png,2,0.6954420804977417
GOPR0606_frame_000352_rgb_anon.png,2,0.8974803686141968
GOPR0606_frame_000352_rgb_anon.png,3,0.8266328573226929
GOPR0606_frame_000352_rgb_anon.png,2,0.818916916847229
GOPR0606_frame_000352_rgb_anon.png,2,0.8154134154319763
GOPR0606_frame_000352_rgb_anon.png,2,0.7321340441703796
GOPR0606_frame_000352_rgb_anon.png,2,0.47119376063346863
GOPR0606_frame_000357_rgb_anon.png,2,0.9359009861946106
GOPR0606_frame_000357_rgb_anon.png,2,0.9121492505073547
GOPR0606_frame_000357_rgb_anon.png,2,0.9075661897659302
GOPR0606_frame_000357_rgb_anon.png,2,0.8947747349739075
GOPR0606_frame_000357_rgb_anon.png,2,0.8916199207305908
GOPR0606_frame_000357_rgb_anon.png,4,0.7479145526885986
GOPR0606_frame_000357_rgb_anon.png,2,0.6740888357162476
GOPR0606_frame_000357_rgb_anon.png,2,0.5536019206047058
GOPR0606_frame_000377_rgb_anon.png,2,0.93283611536026
GOPR0606_frame_000377_rgb_anon.png,2,0.9311568737030029
GOPR0606_frame_000377_rgb_anon.png,4,0.7234333157539368
GOPR0606_frame_000377_rgb_anon.png,4,0.656811535358429
GOPR0606_frame_000397_rgb_anon.png,2,0.9372963309288025
GOPR0606_frame_000397_rgb_anon.png,2,0.929682195186615
GOPR0606_frame_000397_rgb_anon.png,2,0.9287388324737549
GOPR0606_frame_000397_rgb_anon.png,4,0.9086905717849731
GOPR0606_frame_000397_rgb_anon.png,2,0.8879088163375854
GOPR0606_frame_000397_rgb_anon.png,4,0.6266100406646729
GOPR0606_frame_000397_rgb_anon.png,2,0.5941817760467529
GOPR0606_frame_000397_rgb_anon.png,2,0.5146204233169556
GOPR0607_frame_000360_rgb_anon.png,2,0.9481199383735657
GOPR0607_frame_000360_rgb_anon.png,2,0.9147668480873108
GOPR0607_frame_000360_rgb_anon.png,4,0.6448242664337158
GOPR0607_frame_000410_rgb_anon.png,3,0.9412960410118103
GOPR0607_frame_000410_rgb_anon.png,2,0.8876208066940308
GOPR0607_frame_000410_rgb_anon.png,2,0.8023293614387512
GOPR0607_frame_000474_rgb_anon.png,2,0.9179949164390564
GOPR0607_frame_000474_rgb_anon.png,2,0.9063523411750793
GOPR0607_frame_000474_rgb_anon.png,2,0.8048511743545532
GOPR0607_frame_000474_rgb_anon.png,2,0.752007246017456
GOPR0607_frame_000474_rgb_anon.png,2,0.6777596473693848
GOPR0607_frame_000474_rgb_anon.png,6,0.41671136021614075
GOPR0607_frame_000474_rgb_anon.png,6,0.4097582995891571
GP010400_frame_000214_rgb_anon.png,2,0.7676243185997009
GP010400_frame_000214_rgb_anon.png,4,0.6831288933753967
GP010400_frame_000214_rgb_anon.png,2,0.6594559550285339
GP010400_frame_000214_rgb_anon.png,2,0.5048280954360962
GP010400_frame_000234_rgb_anon.png,2,0.894348680973053
GP010400_frame_000234_rgb_anon.png,2,0.8737490773200989
GP010400_frame_000234_rgb_anon.png,5,0.8119215965270996
GP010400_frame_000234_rgb_anon.png,4,0.7490057945251465
GP010400_frame_000290_rgb_anon.png,2,0.8326277732849121
GP010400_frame_000290_rgb_anon.png,2,0.7759478688240051
GP010400_frame_000290_rgb_anon.png,2,0.7137646675109863
GP010400_frame_000290_rgb_anon.png,0,0.7015501856803894
GP010400_frame_000350_rgb_anon.png,2,0.9289365410804749
GP010400_frame_000350_rgb_anon.png,2,0.8720570206642151
GP010400_frame_000350_rgb_anon.png,2,0.7780807018280029
GP010400_frame_000350_rgb_anon.png,2,0.7517547607421875
GP010400_frame_000350_rgb_anon.png,0,0.5310153365135193
GP010400_frame_000350_rgb_anon.png,2,0.4317556917667389
GP010400_frame_000360_rgb_anon.png,2,0.9329176545143127
GP010400_frame_000360_rgb_anon.png,2,0.928949773311615
GP010400_frame_000360_rgb_anon.png,2,0.8968141674995422
GP010400_frame_000360_rgb_anon.png,2,0.7495157718658447
GP010400_frame_000360_rgb_anon.png,2,0.7312973737716675
GP010400_frame_000360_rgb_anon.png,1,0.6918419003486633
GP010400_frame_000380_rgb_anon.png,2,0.9499473571777344
GP010400_frame_000380_rgb_anon.png,2,0.9132583141326904
GP010476_frame_000001_rgb_anon.png,2,0.9495664834976196
GP010476_frame_000001_rgb_anon.png,4,0.9319826364517212
GP010476_frame_000001_rgb_anon.png,2,0.9038229584693909
GP010476_frame_000001_rgb_anon.png,2,0.8862828016281128
GP010476_frame_000001_rgb_anon.png,2,0.8266928195953369
GP010476_frame_000006_rgb_anon.png,2,0.9569425582885742
GP010476_frame_000006_rgb_anon.png,2,0.8915201425552368
GP010476_frame_000006_rgb_anon.png,2,0.8869547843933105
GP010476_frame_000006_rgb_anon.png,2,0.817517876625061
GP010476_frame_000006_rgb_anon.png,2,0.8046072125434875
GP010476_frame_000006_rgb_anon.png,2,0.6865299344062805
GP010476_frame_000006_rgb_anon.png,2,0.5141375660896301
GP010476_frame_000010_rgb_anon.png,2,0.9365823864936829
GP010476_frame_000010_rgb_anon.png,2,0.9118669629096985
GP010476_frame_000010_rgb_anon.png,2,0.906913697719574
GP010476_frame_000010_rgb_anon.png,2,0.8925943374633789
GP010476_frame_000010_rgb_anon.png,2,0.885534942150116
GP010476_frame_000010_rgb_anon.png,2,0.8676766753196716
GP010476_frame_000010_rgb_anon.png,2,0.7953200340270996
GP010476_frame_000010_rgb_anon.png,2,0.7623793482780457
GP010476_frame_000010_rgb_anon.png,2,0.6738128662109375
GP010476_frame_000014_rgb_anon.png,2,0.9173600077629089
GP010476_frame_000014_rgb_anon.png,2,0.9070377349853516
GP010476_frame_000014_rgb_anon.png,2,0.8575983643531799
GP010476_frame_000014_rgb_anon.png,2,0.805573582649231
GP010476_frame_000018_rgb_anon.png,2,0.9357280135154724
GP010476_frame_000018_rgb_anon.png,2,0.935657799243927
GP010476_frame_000018_rgb_anon.png,2,0.9183643460273743
GP010476_frame_000018_rgb_anon.png,2,0.8981843590736389
GP010476_frame_000018_rgb_anon.png,2,0.8666704297065735
GP010476_frame_000018_rgb_anon.png,2,0.8477930426597595
GP010476_frame_000018_rgb_anon.png,2,0.8416102528572083
GP010476_frame_000018_rgb_anon.png,2,0.8353171348571777
GP010476_frame_000018_rgb_anon.png,2,0.7504120469093323
GP010476_frame_000018_rgb_anon.png,3,0.6668131947517395
GP010476_frame_000018_rgb_anon.png,2,0.621115505695343
GP010476_frame_000022_rgb_anon.png,2,0.9542438387870789
GP010476_frame_000022_rgb_anon.png,2,0.9116376638412476
GP010476_frame_000022_rgb_anon.png,2,0.893592357635498
GP010476_frame_000022_rgb_anon.png,2,0.8788483738899231
GP010476_frame_000022_rgb_anon.png,2,0.849578857421875
GP010476_frame_000026_rgb_anon.png,2,0.9188905358314514
GP010476_frame_000026_rgb_anon.png,2,0.9015526175498962
GP010476_frame_000031_rgb_anon.png,2,0.910237729549408
GP010476_frame_000031_rgb_anon.png,2,0.8892595171928406
GP010476_frame_000031_rgb_anon.png,0,0.8571083545684814
GP010476_frame_000031_rgb_anon.png,2,0.7757894992828369
GP010476_frame_000031_rgb_anon.png,2,0.7346317172050476
GP010476_frame_000031_rgb_anon.png,2,0.644806981086731
GP010476_frame_000031_rgb_anon.png,2,0.5858825445175171
GP010476_frame_000031_rgb_anon.png,2,0.481929749250412
GP010476_frame_000051_rgb_anon.png,2,0.947848916053772
GP010476_frame_000051_rgb_anon.png,2,0.9409340620040894
GP010476_frame_000051_rgb_anon.png,2,0.9064756035804749
GP010476_frame_000051_rgb_anon.png,3,0.8974806666374207
GP010476_frame_000051_rgb_anon.png,2,0.8486617207527161
GP010476_frame_000051_rgb_anon.png,2,0.82902592420578
GP010476_frame_000058_rgb_anon.png,2,0.9274381995201111
GP010476_frame_000058_rgb_anon.png,2,0.9051074981689453
GP010476_frame_000058_rgb_anon.png,2,0.8086534142494202
GP010476_frame_000058_rgb_anon.png,3,0.6733525395393372
GP010476_frame_000058_rgb_anon.png,2,0.4137607216835022
GP010476_frame_000063_rgb_anon.png,2,0.940258800983429
GP010476_frame_000063_rgb_anon.png,2,0.9270437955856323
GP010476_frame_000063_rgb_anon.png,2,0.8976844549179077
GP010476_frame_000063_rgb_anon.png,2,0.8457874655723572
GP010476_frame_000063_rgb_anon.png,2,0.7780857086181641
GP010476_frame_000063_rgb_anon.png,2,0.750665009021759
GP010476_frame_000063_rgb_anon.png,2,0.5805473923683167
GP010476_frame_000068_rgb_anon.png,2,0.9218509793281555
GP010476_frame_000068_rgb_anon.png,2,0.9217281341552734
GP010476_frame_000068_rgb_anon.png,2,0.9205224514007568
GP010476_frame_000068_rgb_anon.png,2,0.9130862951278687
GP010476_frame_000068_rgb_anon.png,2,0.904966413974762
GP010476_frame_000068_rgb_anon.png,2,0.8634277582168579
GP010476_frame_000068_rgb_anon.png,2,0.831482470035553
GP010476_frame_000068_rgb_anon.png,0,0.7643231153488159
GP010476_frame_000068_rgb_anon.png,0,0.7470983266830444
GP010476_frame_000068_rgb_anon.png,2,0.7318605184555054
GP010476_frame_000068_rgb_anon.png,2,0.5358176827430725
GP010476_frame_000068_rgb_anon.png,2,0.4767880439758301
GP010476_frame_000073_rgb_anon.png,2,0.9230244755744934
GP010476_frame_000073_rgb_anon.png,2,0.8763843178749084
GP010476_frame_000073_rgb_anon.png,2,0.8644711971282959
GP010476_frame_000073_rgb_anon.png,2,0.8401289582252502
GP010476_frame_000073_rgb_anon.png,2,0.7457842230796814
GP010476_frame_000073_rgb_anon.png,2,0.6167861819267273
GP010476_frame_000073_rgb_anon.png,2,0.469609797000885
GP010476_frame_000078_rgb_anon.png,2,0.9175722599029541
GP010476_frame_000078_rgb_anon.png,2,0.8867512941360474
GP010476_frame_000078_rgb_anon.png,2,0.7399131059646606
GP010476_frame_000078_rgb_anon.png,2,0.4520840644836426
GP010476_frame_000084_rgb_anon.png,2,0.9423010349273682
GP010476_frame_000084_rgb_anon.png,2,0.917769193649292
GP010476_frame_000084_rgb_anon.png,2,0.8620511889457703
GP010476_frame_000095_rgb_anon.png,2,0.9484379291534424
GP010476_frame_000095_rgb_anon.png,2,0.8892198204994202
GP010476_frame_000095_rgb_anon.png,2,0.8832261562347412
GP010476_frame_000095_rgb_anon.png,2,0.848651111125946
GP010476_frame_000095_rgb_anon.png,2,0.8322049975395203
GP010476_frame_000095_rgb_anon.png,2,0.7554657459259033
GP010476_frame_000095_rgb_anon.png,2,0.7098485231399536
GP010476_frame_000095_rgb_anon.png,2,0.4893929362297058
GP010476_frame_000102_rgb_anon.png,3,0.9158387780189514
GP010476_frame_000102_rgb_anon.png,2,0.9113498330116272
GP010476_frame_000102_rgb_anon.png,2,0.8459432125091553
GP010476_frame_000102_rgb_anon.png,2,0.7249969244003296
GP010476_frame_000102_rgb_anon.png,2,0.5081741809844971
GP010476_frame_000108_rgb_anon.png,2,0.9296850562095642
GP010476_frame_000108_rgb_anon.png,2,0.9190099835395813
GP010476_frame_000108_rgb_anon.png,2,0.9045571684837341
GP010476_frame_000108_rgb_anon.png,2,0.9036031365394592
GP010476_frame_000108_rgb_anon.png,2,0.7039673924446106
GP010476_frame_000114_rgb_anon.png,2,0.9374693632125854
GP010476_frame_000114_rgb_anon.png,2,0.934076726436615
GP010476_frame_000114_rgb_anon.png,2,0.8967797756195068
GP010476_frame_000114_rgb_anon.png,2,0.8839613199234009
GP010476_frame_000114_rgb_anon.png,2,0.7533828616142273
GP010476_frame_000114_rgb_anon.png,2,0.4455625116825104
GP010476_frame_000120_rgb_anon.png,2,0.9037292003631592
GP010476_frame_000120_rgb_anon.png,2,0.8865286707878113
GP010476_frame_000120_rgb_anon.png,2,0.8784504532814026
GP010476_frame_000120_rgb_anon.png,3,0.8137906789779663
GP010476_frame_000120_rgb_anon.png,2,0.8035180568695068
GP010476_frame_000125_rgb_anon.png,2,0.8636175990104675
GP010476_frame_000125_rgb_anon.png,0,0.759427547454834
GP010476_frame_000131_rgb_anon.png,2,0.9335007667541504
GP010476_frame_000131_rgb_anon.png,2,0.8912375569343567
GP010476_frame_000131_rgb_anon.png,2,0.8798059225082397
GP010476_frame_000131_rgb_anon.png,2,0.8182759284973145
GP010476_frame_000131_rgb_anon.png,2,0.6179745197296143
GP010476_frame_000137_rgb_anon.png,2,0.9417808651924133
GP010476_frame_000137_rgb_anon.png,2,0.90839684009552
GP010476_frame_000137_rgb_anon.png,2,0.9041633605957031
GP010476_frame_000137_rgb_anon.png,2,0.8186440467834473
GP010476_frame_000137_rgb_anon.png,2,0.6578104496002197
GP010476_frame_000137_rgb_anon.png,3,0.5955690741539001
GP010476_frame_000137_rgb_anon.png,2,0.46475642919540405
GP010476_frame_000142_rgb_anon.png,2,0.8229252099990845
GP010476_frame_000147_rgb_anon.png,2,0.8213258385658264
GP010476_frame_000161_rgb_anon.png,2,0.9363890886306763
GP010476_frame_000161_rgb_anon.png,2,0.49428245425224304
GP010476_frame_000161_rgb_anon.png,2,0.4247852563858032
GP010476_frame_000181_rgb_anon.png,2,0.8931877613067627
GP010476_frame_000181_rgb_anon.png,2,0.8855457305908203
GP010476_frame_000181_rgb_anon.png,2,0.8720352649688721
GP010476_frame_000181_rgb_anon.png,2,0.8389458656311035
GP010476_frame_000181_rgb_anon.png,2,0.6862651705741882
GP010476_frame_000194_rgb_anon.png,2,0.8274465203285217
GP010476_frame_000194_rgb_anon.png,2,0.7197396159172058
GP010476_frame_000194_rgb_anon.png,2,0.5218678116798401
GP010476_frame_000194_rgb_anon.png,2,0.40632355213165283
GP010476_frame_000199_rgb_anon.png,2,0.9346720576286316
GP010476_frame_000199_rgb_anon.png,2,0.8721916079521179
GP010476_frame_000199_rgb_anon.png,2,0.8141657114028931
GP010476_frame_000199_rgb_anon.png,2,0.4716607332229614
GP010476_frame_000199_rgb_anon.png,3,0.4526975154876709
GP010476_frame_000199_rgb_anon.png,2,0.4409516155719757
GP010476_frame_000204_rgb_anon.png,2,0.8735669851303101
GP010476_frame_000204_rgb_anon.png,2,0.8390966057777405
GP010476_frame_000204_rgb_anon.png,3,0.7985673546791077
GP010476_frame_000204_rgb_anon.png,3,0.520132839679718
GP010476_frame_000204_rgb_anon.png,3,0.442465215921402
GP010476_frame_000242_rgb_anon.png,3,0.9374372959136963
GP010476_frame_000242_rgb_anon.png,2,0.9016193747520447
GP010476_frame_000242_rgb_anon.png,2,0.8534342050552368
GP010476_frame_000242_rgb_anon.png,2,0.8314483761787415
GP010476_frame_000242_rgb_anon.png,2,0.5744176506996155
GP010476_frame_000255_rgb_anon.png,2,0.95106041431427
GP010476_frame_000255_rgb_anon.png,2,0.9381217956542969
GP010476_frame_000255_rgb_anon.png,2,0.7221048474311829
GP010607_frame_000921_rgb_anon.png,2,0.937881588935852
GP010607_frame_000921_rgb_anon.png,2,0.8754322528839111
GP010607_frame_000921_rgb_anon.png,2,0.8736376166343689
GP010607_frame_000921_rgb_anon.png,2,0.8061991930007935
GP010607_frame_000921_rgb_anon.png,2,0.7815080285072327
GP010607_frame_000921_rgb_anon.png,2,0.7584314942359924
GP010607_frame_000921_rgb_anon.png,2,0.6782803535461426
GP010607_frame_000921_rgb_anon.png,2,0.48715871572494507
GP010607_frame_000921_rgb_anon.png,2,0.4058159291744232
GP010607_frame_000926_rgb_anon.png,2,0.8715306520462036
GP010607_frame_000926_rgb_anon.png,2,0.8578643202781677
GP010607_frame_000926_rgb_anon.png,2,0.7104349136352539
GP010607_frame_000926_rgb_anon.png,2,0.6905262470245361
GP010607_frame_000926_rgb_anon.png,0,0.5713562369346619
GP010607_frame_000926_rgb_anon.png,2,0.47439268231391907
GP010607_frame_000926_rgb_anon.png,2,0.43198615312576294
GP010607_frame_000931_rgb_anon.png,2,0.9447910785675049
GP010607_frame_000931_rgb_anon.png,2,0.9074591994285583
GP010607_frame_000931_rgb_anon.png,2,0.851417601108551
GP010607_frame_000931_rgb_anon.png,0,0.5040759444236755
GP010607_frame_000936_rgb_anon.png,3,0.9007775187492371
GP010607_frame_000936_rgb_anon.png,2,0.8709239363670349
GP010607_frame_000936_rgb_anon.png,2,0.8472579717636108
GP010607_frame_000936_rgb_anon.png,2,0.7843196988105774
GP010607_frame_000950_rgb_anon.png,2,0.9504469633102417
GP010607_frame_000950_rgb_anon.png,2,0.9419844746589661
GP010607_frame_000950_rgb_anon.png,2,0.8124098181724548
GP010607_frame_000950_rgb_anon.png,2,0.7807023525238037
GP010607_frame_000954_rgb_anon.png,2,0.9414896965026855
GP010607_frame_000954_rgb_anon.png,2,0.8531591296195984
GP010607_frame_000954_rgb_anon.png,2,0.8440719246864319
GP010607_frame_000954_rgb_anon.png,2,0.8134348392486572
GP010607_frame_000954_rgb_anon.png,0,0.786295473575592
GP010607_frame_000954_rgb_anon.png,2,0.7348268032073975
GP010607_frame_000954_rgb_anon.png,2,0.600994348526001
GP010607_frame_000958_rgb_anon.png,2,0.9304797649383545
GP010607_frame_000958_rgb_anon.png,2,0.921542227268219
GP010607_frame_000958_rgb_anon.png,2,0.918991208076477
GP010607_frame_000958_rgb_anon.png,2,0.8627140522003174
GP010607_frame_000958_rgb_anon.png,2,0.7827757000923157
GP010607_frame_000958_rgb_anon.png,2,0.5654690861701965
GP010607_frame_000958_rgb_anon.png,2,0.5460695028305054
GP010607_frame_000958_rgb_anon.png,3,0.46217572689056396
GP010607_frame_000968_rgb_anon.png,2,0.9476850628852844
GP010607_frame_000968_rgb_anon.png,2,0.9215583205223083
GP010607_frame_000968_rgb_anon.png,2,0.9081718325614929
GP010607_frame_000968_rgb_anon.png,2,0.8925546407699585
GP010607_frame_000968_rgb_anon.png,2,0.8820009827613831
GP010607_frame_000968_rgb_anon.png,2,0.8529462814331055
GP010607_frame_000968_rgb_anon.png,3,0.8376052975654602
GP010607_frame_000968_rgb_anon.png,2,0.8249642252922058
GP010607_frame_000968_rgb_anon.png,2,0.8098887205123901
GP010607_frame_000968_rgb_anon.png,2,0.7949768900871277
GP010607_frame_000968_rgb_anon.png,2,0.6924476623535156
GP010607_frame_000968_rgb_anon.png,2,0.5401701927185059
GP010607_frame_000995_rgb_anon.png,2,0.807660698890686
GP010607_frame_000995_rgb_anon.png,0,0.8036274909973145
GP010607_frame_000995_rgb_anon.png,3,0.6716508269309998
GP010607_frame_000995_rgb_anon.png,2,0.548423171043396
GP010607_frame_000995_rgb_anon.png,2,0.5341546535491943
GP020402_frame_000599_rgb_anon.png,2,0.9368852376937866
GP020402_frame_000599_rgb_anon.png,2,0.8924499154090881
GP020402_frame_000599_rgb_anon.png,2,0.862148642539978
GP020402_frame_000599_rgb_anon.png,2,0.8322932720184326
GP020402_frame_000599_rgb_anon.png,2,0.7326697111129761
GP020402_frame_000615_rgb_anon.png,2,0.9373688101768494
GP020402_frame_000615_rgb_anon.png,5,0.9265136122703552
GP020402_frame_000615_rgb_anon.png,2,0.9010735154151917
GP020402_frame_000615_rgb_anon.png,0,0.6122048497200012
GP020402_frame_000615_rgb_anon.png,2,0.40404531359672546
GP020402_frame_000624_rgb_anon.png,2,0.9141290187835693
GP020402_frame_000624_rgb_anon.png,2,0.8985537886619568
GP020402_frame_000624_rgb_anon.png,2,0.8708983659744263
GP020402_frame_000624_rgb_anon.png,2,0.8587217330932617
GP020402_frame_000624_rgb_anon.png,0,0.7896559834480286
GP020402_frame_000624_rgb_anon.png,2,0.4962252378463745
GP020402_frame_000644_rgb_anon.png,2,0.9078260660171509
GP020402_frame_000644_rgb_anon.png,0,0.8984454274177551
GP020402_frame_000644_rgb_anon.png,0,0.8390219211578369
GP020402_frame_000644_rgb_anon.png,0,0.7732471227645874
GP020402_frame_000644_rgb_anon.png,0,0.7476517558097839
GP020402_frame_000644_rgb_anon.png,0,0.706269383430481
GP020402_frame_000644_rgb_anon.png,2,0.5891222953796387
GP020402_frame_000644_rgb_anon.png,2,0.4577769637107849
GP020402_frame_000644_rgb_anon.png,2,0.41948258876800537
GP020402_frame_000723_rgb_anon.png,2,0.9025733470916748
GP020402_frame_000723_rgb_anon.png,2,0.8543471097946167
GP020402_frame_000738_rgb_anon.png,2,0.8991258144378662
GP020402_frame_000738_rgb_anon.png,0,0.743596076965332
GP020402_frame_000738_rgb_anon.png,2,0.5934742093086243
GP020402_frame_000738_rgb_anon.png,2,0.5909295082092285
GP020402_frame_000738_rgb_anon.png,2,0.4118334650993347
GP020402_frame_000748_rgb_anon.png,2,0.9207667708396912
GP020402_frame_000748_rgb_anon.png,2,0.8988612294197083
GP020402_frame_000748_rgb_anon.png,2,0.8654193878173828
GP020402_frame_000748_rgb_anon.png,2,0.576471209526062
GP020402_frame_000753_rgb_anon.png,2,0.5841301083564758
GP020402_frame_000753_rgb_anon.png,4,0.5136746764183044
GP020402_frame_000774_rgb_anon.png,2,0.8628950119018555
GP020402_frame_000774_rgb_anon.png,2,0.8275517821311951
GP020402_frame_000774_rgb_anon.png,2,0.7977752089500427
GP020402_frame_000774_rgb_anon.png,2,0.667214572429657
GP020402_frame_000774_rgb_anon.png,2,0.626964271068573
GP020402_frame_000774_rgb_anon.png,2,0.5816762447357178
GP020402_frame_000784_rgb_anon.png,2,0.8959160447120667
GP020402_frame_000784_rgb_anon.png,0,0.8496024012565613
GP020402_frame_000784_rgb_anon.png,2,0.8188908100128174
GP020402_frame_000795_rgb_anon.png,6,0.8846753835678101
GP020402_frame_000795_rgb_anon.png,2,0.8435899615287781
GP020402_frame_000795_rgb_anon.png,5,0.5764850974082947
GP020402_frame_000802_rgb_anon.png,2,0.9358853697776794
GP020402_frame_000802_rgb_anon.png,2,0.9267125129699707
GP020402_frame_000802_rgb_anon.png,2,0.9241216778755188
GP020402_frame_000802_rgb_anon.png,2,0.91958087682724
GP020402_frame_000802_rgb_anon.png,2,0.9010846614837646
GP020402_frame_000802_rgb_anon.png,4,0.898010790348053
GP020402_frame_000802_rgb_anon.png,2,0.708113431930542
GP020402_frame_000802_rgb_anon.png,2,0.6630083322525024
GP020402_frame_000809_rgb_anon.png,2,0.9145646095275879
GP020402_frame_000809_rgb_anon.png,2,0.8890625834465027
GP020402_frame_000809_rgb_anon.png,2,0.8237924575805664
GP020402_frame_000809_rgb_anon.png,4,0.6039829254150391
GP020402_frame_000830_rgb_anon.png,4,0.6858446598052979
GP020402_frame_000830_rgb_anon.png,7,0.5314639806747437
GP020402_frame_000830_rgb_anon.png,2,0.4254949688911438
GP020402_frame_000835_rgb_anon.png,4,0.7540387511253357
GP020402_frame_000835_rgb_anon.png,2,0.48310086131095886
GP020402_frame_000835_rgb_anon.png,2,0.4725725054740906
GP020402_frame_000843_rgb_anon.png,2,0.8934018015861511
GP020402_frame_000843_rgb_anon.png,4,0.8833507895469666
GP020402_frame_000843_rgb_anon.png,2,0.8539878129959106
GP020402_frame_000843_rgb_anon.png,3,0.7731038331985474
GP020402_frame_000843_rgb_anon.png,2,0.7307678461074829
GP020402_frame_000843_rgb_anon.png,2,0.5535599589347839
GP020402_frame_000843_rgb_anon.png,2,0.4935220777988434
GP020402_frame_000863_rgb_anon.png,2,0.9417033791542053
GP020402_frame_000863_rgb_anon.png,2,0.9416831731796265
GP020402_frame_000863_rgb_anon.png,2,0.9300952553749084
GP020402_frame_000863_rgb_anon.png,2,0.8052889704704285
GP020402_frame_000863_rgb_anon.png,2,0.7804048657417297
GP020402_frame_000863_rgb_anon.png,4,0.47068530321121216
GP020402_frame_000883_rgb_anon.png,2,0.9357527494430542
GP020402_frame_000883_rgb_anon.png,2,0.9284856915473938
GP020402_frame_000883_rgb_anon.png,2,0.893764078617096
GP020402_frame_000883_rgb_anon.png,4,0.8548123836517334
GP020402_frame_000898_rgb_anon.png,2,0.951690673828125
GP020402_frame_000898_rgb_anon.png,2,0.9067727327346802
GP020402_frame_000898_rgb_anon.png,2,0.857158362865448
GP020402_frame_000898_rgb_anon.png,2,0.848638653755188
GP020402_frame_000898_rgb_anon.png,2,0.7878080010414124
GP020402_frame_000898_rgb_anon.png,2,0.7054857015609741
GP020402_frame_000898_rgb_anon.png,2,0.69968581199646
GP020402_frame_000898_rgb_anon.png,2,0.6751794815063477
GP020402_frame_000898_rgb_anon.png,2,0.5445970296859741
GP020402_frame_000904_rgb_anon.png,2,0.903031587600708
GP020402_frame_000904_rgb_anon.png,2,0.8995169401168823
GP020402_frame_000904_rgb_anon.png,2,0.7944877743721008
GP020402_frame_000909_rgb_anon.png,2,0.9084116816520691
GP020402_frame_000909_rgb_anon.png,2,0.8920071125030518
GP020402_frame_000909_rgb_anon.png,2,0.5192689895629883
GP020402_frame_000909_rgb_anon.png,2,0.4956146478652954
GP020402_frame_000914_rgb_anon.png,2,0.9249182343482971
GP020402_frame_000914_rgb_anon.png,2,0.9236599802970886
GP020402_frame_000914_rgb_anon.png,2,0.8490385413169861
GP020402_frame_000914_rgb_anon.png,2,0.8144792914390564
GP020402_frame_000914_rgb_anon.png,2,0.5594583749771118
GP020402_frame_000914_rgb_anon.png,2,0.4943583011627197
GP020402_frame_000919_rgb_anon.png,2,0.9467711448669434
GP020402_frame_000919_rgb_anon.png,2,0.9316732287406921
GP020402_frame_000919_rgb_anon.png,2,0.9296117424964905
GP020402_frame_000919_rgb_anon.png,2,0.896268904209137
GP020402_frame_000919_rgb_anon.png,2,0.7624805569648743
GP020402_frame_000919_rgb_anon.png,2,0.6899022459983826
GP020402_frame_000919_rgb_anon.png,2,0.6044411063194275
GP020402_frame_000919_rgb_anon.png,2,0.45363011956214905
GP020402_frame_000939_rgb_anon.png,2,0.9051106572151184
GP020402_frame_000939_rgb_anon.png,2,0.9031660556793213
GP020402_frame_000939_rgb_anon.png,2,0.8618612885475159
GP020402_frame_000939_rgb_anon.png,2,0.8506499528884888
GP020402_frame_000939_rgb_anon.png,3,0.8459601998329163
GP020402_frame_000939_rgb_anon.png,2,0.6862400770187378
GP020402_frame_000939_rgb_anon.png,2,0.6656256318092346
GP020402_frame_000939_rgb_anon.png,2,0.6602723002433777
GP020402_frame_000939_rgb_anon.png,2,0.46460363268852234
GP020402_frame_000939_rgb_anon.png,2,0.44255223870277405
GP020402_frame_000946_rgb_anon.png,2,0.9356040358543396
GP020402_frame_000946_rgb_anon.png,2,0.9326102137565613
GP020402_frame_000946_rgb_anon.png,2,0.8332841992378235
GP020402_frame_000946_rgb_anon.png,2,0.8238763809204102
GP020402_frame_000946_rgb_anon.png,4,0.7977169752120972
GP020402_frame_000946_rgb_anon.png,2,0.704066812992096
GP020402_frame_000951_rgb_anon.png,2,0.9219256639480591
GP020402_frame_000951_rgb_anon.png,2,0.8814540505409241
GP020402_frame_000951_rgb_anon.png,2,0.8181259036064148
GP020402_frame_000951_rgb_anon.png,2,0.6970582008361816
GP020402_frame_000951_rgb_anon.png,4,0.6868969798088074
GP020402_frame_000951_rgb_anon.png,4,0.4304265081882477
GP020402_frame_000966_rgb_anon.png,2,0.9137318730354309
GP020402_frame_000966_rgb_anon.png,2,0.9014387726783752
GP020402_frame_000966_rgb_anon.png,2,0.8840638995170593
GP020402_frame_000966_rgb_anon.png,2,0.8112501502037048
GP020402_frame_000966_rgb_anon.png,2,0.49926093220710754
GP020402_frame_000966_rgb_anon.png,2,0.4293658435344696
GP020402_frame_000971_rgb_anon.png,2,0.9441487789154053
GP020402_frame_000971_rgb_anon.png,2,0.8392223119735718
GP020402_frame_000971_rgb_anon.png,2,0.8041368722915649
GP020402_frame_000971_rgb_anon.png,2,0.7717233896255493
GP020402_frame_000971_rgb_anon.png,2,0.707313060760498
GP020402_frame_000971_rgb_anon.png,2,0.6369178295135498
GP020402_frame_000971_rgb_anon.png,4,0.5503227114677429
GP020402_frame_000976_rgb_anon.png,2,0.899985671043396
GP020402_frame_000976_rgb_anon.png,2,0.8899778127670288
GP020402_frame_000976_rgb_anon.png,2,0.8711548447608948
GP020402_frame_000976_rgb_anon.png,2,0.8686777353286743
GP020402_frame_000976_rgb_anon.png,2,0.8195990920066833
GP020402_frame_000976_rgb_anon.png,2,0.7283450961112976
GP020402_frame_000976_rgb_anon.png,2,0.6330430507659912
GP020402_frame_000976_rgb_anon.png,2,0.6268821954727173
GP020402_frame_000976_rgb_anon.png,2,0.5906544327735901
GP020402_frame_000976_rgb_anon.png,2,0.40854406356811523
GP020402_frame_000981_rgb_anon.png,2,0.90309739112854
GP020402_frame_000981_rgb_anon.png,2,0.7837323546409607
GP020402_frame_000981_rgb_anon.png,2,0.6944501996040344
GP020402_frame_000981_rgb_anon.png,2,0.4994826316833496
GP020402_frame_000994_rgb_anon.png,2,0.8330591320991516
GP020402_frame_000994_rgb_anon.png,2,0.7285540699958801
GP020402_frame_000994_rgb_anon.png,2,0.4780055284500122
GP020402_frame_001000_rgb_anon.png,2,0.8897754549980164
GP020402_frame_001000_rgb_anon.png,2,0.8845826387405396
GP020402_frame_001000_rgb_anon.png,2,0.8694144487380981
GP020402_frame_001000_rgb_anon.png,2,0.86720871925354
GP020402_frame_001000_rgb_anon.png,2,0.7681761384010315
GP020402_frame_001000_rgb_anon.png,2,0.7404196858406067
GP020402_frame_001000_rgb_anon.png,2,0.7386346459388733
GP020402_frame_001000_rgb_anon.png,2,0.7281883955001831
GP020402_frame_001000_rgb_anon.png,4,0.6521105766296387
GP020402_frame_001000_rgb_anon.png,2,0.40754085779190063
GP020402_frame_001020_rgb_anon.png,2,0.8677980303764343
GP020402_frame_001020_rgb_anon.png,4,0.7382585406303406
GP020402_frame_001020_rgb_anon.png,2,0.6949166655540466
GP020402_frame_001020_rgb_anon.png,0,0.6725365519523621
GP020402_frame_001020_rgb_anon.png,2,0.6702500581741333
GP020402_frame_001020_rgb_anon.png,2,0.6477675437927246
GP020402_frame_001020_rgb_anon.png,2,0.5106735825538635
GP020475_frame_000054_rgb_anon.png,2,0.8661496043205261
GP020475_frame_000054_rgb_anon.png,2,0.7672901153564453
GP020475_frame_000054_rgb_anon.png,2,0.6499096155166626
GP020475_frame_000054_rgb_anon.png,0,0.5959711670875549
GP020475_frame_000061_rgb_anon.png,2,0.9504256844520569
GP020475_frame_000061_rgb_anon.png,2,0.9227927923202515
GP020475_frame_000061_rgb_anon.png,2,0.9070488214492798
GP020475_frame_000061_rgb_anon.png,2,0.8418881297111511
GP020475_frame_000061_rgb_anon.png,3,0.6354036331176758
GP020475_frame_000081_rgb_anon.png,2,0.9239885807037354
GP020475_frame_000081_rgb_anon.png,2,0.9132696986198425
GP020475_frame_000081_rgb_anon.png,2,0.8930439949035645
GP020475_frame_000081_rgb_anon.png,2,0.8873254656791687
GP020475_frame_000081_rgb_anon.png,2,0.8844864964485168
GP020475_frame_000081_rgb_anon.png,2,0.8794044852256775
GP020475_frame_000081_rgb_anon.png,2,0.8670925498008728
GP020475_frame_000081_rgb_anon.png,2,0.8528178334236145
GP020475_frame_000081_rgb_anon.png,2,0.8388203978538513
GP020475_frame_000081_rgb_anon.png,2,0.743283748626709
GP020475_frame_000081_rgb_anon.png,2,0.46336525678634644
GP020475_frame_000088_rgb_anon.png,2,0.9302562475204468
GP020475_frame_000088_rgb_anon.png,2,0.9039894342422485
GP020475_frame_000088_rgb_anon.png,2,0.6533725261688232
GP020475_frame_000088_rgb_anon.png,2,0.5051820874214172
GP020475_frame_000088_rgb_anon.png,3,0.4487003684043884
GP020475_frame_000094_rgb_anon.png,2,0.9216242432594299
GP020475_frame_000100_rgb_anon.png,2,0.917989194393158
GP020475_frame_000100_rgb_anon.png,6,0.771920382976532
GP020475_frame_000109_rgb_anon.png,2,0.9449121952056885
GP020475_frame_000109_rgb_anon.png,2,0.9331310987472534
GP020475_frame_000109_rgb_anon.png,2,0.8989890813827515
GP020475_frame_000109_rgb_anon.png,2,0.8932521939277649
GP020475_frame_000109_rgb_anon.png,2,0.7237684726715088
GP020475_frame_000109_rgb_anon.png,2,0.7093610167503357
GP020475_frame_000119_rgb_anon.png,2,0.895921528339386
GP020475_frame_000119_rgb_anon.png,0,0.8655362129211426
GP020475_frame_000119_rgb_anon.png,0,0.8037955164909363
GP020475_frame_000119_rgb_anon.png,0,0.6599947810173035
GP020475_frame_000119_rgb_anon.png,2,0.607391893863678
GP020475_frame_000119_rgb_anon.png,0,0.6008804440498352
GP020475_frame_000125_rgb_anon.png,2,0.8936117887496948
GP020475_frame_000125_rgb_anon.png,2,0.8876592516899109
GP020475_frame_000125_rgb_anon.png,2,0.8843486905097961
GP020475_frame_000125_rgb_anon.png,2,0.834256649017334
GP020475_frame_000125_rgb_anon.png,2,0.7230446338653564
GP020475_frame_000125_rgb_anon.png,6,0.6394075751304626
GP020475_frame_000125_rgb_anon.png,2,0.6103881001472473
GP020475_frame_000125_rgb_anon.png,2,0.5498906373977661
GP020475_frame_000130_rgb_anon.png,2,0.9155354499816895
GP020475_frame_000130_rgb_anon.png,2,0.910889744758606
GP020475_frame_000130_rgb_anon.png,0,0.8898700475692749
GP020475_frame_000130_rgb_anon.png,2,0.8740166425704956
GP020475_frame_000135_rgb_anon.png,2,0.9320385456085205
GP020475_frame_000135_rgb_anon.png,2,0.8330979347229004
GP020475_frame_000135_rgb_anon.png,2,0.8073799014091492
GP020475_frame_000135_rgb_anon.png,2,0.7723719477653503
GP020475_frame_000135_rgb_anon.png,2,0.4858347773551941
GP020475_frame_000140_rgb_anon.png,2,0.8747351765632629
GP020475_frame_000140_rgb_anon.png,2,0.5204060673713684
GP020475_frame_000140_rgb_anon.png,4,0.44774961471557617
GP020475_frame_000160_rgb_anon.png,2,0.9415989518165588
GP020475_frame_000160_rgb_anon.png,7,0.8725127577781677
GP020475_frame_000160_rgb_anon.png,2,0.7278842329978943
GP020475_frame_000173_rgb_anon.png,5,0.947963535785675
GP020475_frame_000173_rgb_anon.png,2,0.8994965553283691
GP020475_frame_000173_rgb_anon.png,2,0.8876550197601318
GP020475_frame_000173_rgb_anon.png,2,0.6346335411071777
GP020475_frame_000173_rgb_anon.png,0,0.5978356003761292
GP020475_frame_000179_rgb_anon.png,2,0.9087328910827637
GP020475_frame_000179_rgb_anon.png,2,0.8844263553619385
GP020475_frame_000184_rgb_anon.png,2,0.9224507808685303
GP020475_frame_000184_rgb_anon.png,2,0.8771752119064331
GP020475_frame_000189_rgb_anon.png,2,0.9151374101638794
GP020475_frame_000189_rgb_anon.png,2,0.8963824510574341
GP020475_frame_000189_rgb_anon.png,2,0.8696967959403992
GP020475_frame_000189_rgb_anon.png,3,0.7188047170639038
GP020475_frame_000189_rgb_anon.png,7,0.5616048574447632
GP020475_frame_000194_rgb_anon.png,2,0.8733088970184326
GP020475_frame_000199_rgb_anon.png,5,0.9157674312591553
GP020475_frame_000199_rgb_anon.png,5,0.9025657773017883
GP020475_frame_000199_rgb_anon.png,2,0.8891765475273132
GP020475_frame_000199_rgb_anon.png,2,0.8417786359786987
GP020475_frame_000199_rgb_anon.png,2,0.8283684253692627
GP020475_frame_000199_rgb_anon.png,7,0.46149930357933044
GP020475_frame_000199_rgb_anon.png,2,0.4531637728214264
GP020475_frame_000199_rgb_anon.png,3,0.43964916467666626
GP020475_frame_000204_rgb_anon.png,2,0.9374926090240479
GP020475_frame_000204_rgb_anon.png,2,0.8167349696159363
GP020475_frame_000204_rgb_anon.png,2,0.7015032172203064
GP020475_frame_000204_rgb_anon.png,2,0.6820254921913147
GP020475_frame_000204_rgb_anon.png,2,0.6470305919647217
GP020475_frame_000204_rgb_anon.png,2,0.5007839202880859
GP020475_frame_000209_rgb_anon.png,2,0.8926212191581726
GP020475_frame_000209_rgb_anon.png,2,0.8576329946517944
GP020475_frame_000209_rgb_anon.png,2,0.7908713817596436
GP020475_frame_000209_rgb_anon.png,6,0.49633702635765076
GP020475_frame_000229_rgb_anon.png,2,0.927510678768158
GP020475_frame_000229_rgb_anon.png,2,0.7928042411804199
GP020475_frame_000229_rgb_anon.png,0,0.42908287048339844
GP020607_frame_000001_rgb_anon.png,3,0.8818243145942688
GP020607_frame_000001_rgb_anon.png,2,0.8663986921310425
GP020607_frame_000001_rgb_anon.png,2,0.6832339763641357
GP020607_frame_000149_rgb_anon.png,2,0.9345151782035828
GP020607_frame_000149_rgb_anon.png,2,0.9321485757827759
GP020607_frame_000149_rgb_anon.png,2,0.8760479688644409
GP020607_frame_000149_rgb_anon.png,2,0.6783240437507629
GP020607_frame_000162_rgb_anon.png,2,0.9048476219177246
GP020607_frame_000162_rgb_anon.png,2,0.8744961023330688
GP020607_frame_000162_rgb_anon.png,2,0.4668009877204895
GP020607_frame_000201_rgb_anon.png,2,0.40160897374153137
GP020607_frame_000226_rgb_anon.png,2,0.953404426574707
GP020607_frame_000226_rgb_anon.png,2,0.8804110884666443
GP020607_frame_000226_rgb_anon.png,2,0.8044578433036804
GP020607_frame_000226_rgb_anon.png,2,0.5296413898468018
GP030176_frame_000529_rgb_anon.png,2,0.9367117881774902
GP030176_frame_000529_rgb_anon.png,2,0.914862871170044
GP030176_frame_000529_rgb_anon.png,2,0.8869156837463379
GP030176_frame_000529_rgb_anon.png,2,0.8817417621612549
GP030176_frame_000529_rgb_anon.png,0,0.6638964414596558
GP030176_frame_000549_rgb_anon.png,2,0.9241779446601868
GP030176_frame_000549_rgb_anon.png,2,0.9197776913642883
GP030176_frame_000549_rgb_anon.png,2,0.9185050129890442
GP030176_frame_000549_rgb_anon.png,2,0.908316969871521
GP030176_frame_000549_rgb_anon.png,2,0.8072270154953003
GP030176_frame_000549_rgb_anon.png,2,0.7725216150283813
GP030176_frame_000549_rgb_anon.png,2,0.4767238199710846
GP030176_frame_000549_rgb_anon.png,2,0.4685806632041931
GP030176_frame_000569_rgb_anon.png,2,0.9585250616073608
GP030176_frame_000569_rgb_anon.png,2,0.9393465518951416
GP030176_frame_000569_rgb_anon.png,2,0.9177421927452087
GP030176_frame_000569_rgb_anon.png,2,0.8266761898994446
GP030176_frame_000569_rgb_anon.png,2,0.7136939764022827
GP030176_frame_000569_rgb_anon.png,2,0.49978968501091003
GP030176_frame_000589_rgb_anon.png,2,0.9458577632904053
GP030176_frame_000589_rgb_anon.png,5,0.8925907611846924
GP030176_frame_000609_rgb_anon.png,2,0.9460322260856628
GP030176_frame_000609_rgb_anon.png,2,0.9406445622444153
GP030176_frame_000609_rgb_anon.png,2,0.8835781812667847
GP030176_frame_000609_rgb_anon.png,2,0.8484594821929932
GP030176_frame_000609_rgb_anon.png,2,0.7385206818580627
GP030176_frame_000609_rgb_anon.png,0,0.736292839050293
GP030176_frame_000609_rgb_anon.png,2,0.6757411956787109
GP030176_frame_000609_rgb_anon.png,2,0.5781734585762024
GP030176_frame_000609_rgb_anon.png,0,0.506107747554779
GP030176_frame_000629_rgb_anon.png,2,0.9287222027778625
GP030176_frame_000629_rgb_anon.png,5,0.8861960768699646
GP030176_frame_000629_rgb_anon.png,2,0.7917935848236084
GP030176_frame_000649_rgb_anon.png,2,0.945501983165741
GP030176_frame_000649_rgb_anon.png,2,0.9309979677200317
GP030176_frame_000649_rgb_anon.png,2,0.8550706505775452
GP030176_frame_000649_rgb_anon.png,2,0.7959491014480591
GP030176_frame_000649_rgb_anon.png,0,0.7813615798950195
GP030176_frame_000649_rgb_anon.png,2,0.7772009372711182
GP030176_frame_000649_rgb_anon.png,2,0.7755203247070312
GP030176_frame_000649_rgb_anon.png,0,0.7521218657493591
GP030176_frame_000649_rgb_anon.png,0,0.6749744415283203
GP030176_frame_000649_rgb_anon.png,0,0.5412447452545166
GP030176_frame_000706_rgb_anon.png,2,0.9216184616088867
GP030176_frame_000706_rgb_anon.png,5,0.8917492032051086
GP030176_frame_000706_rgb_anon.png,0,0.8613979816436768
GP030176_frame_000706_rgb_anon.png,2,0.5824256539344788
GP030176_frame_000721_rgb_anon.png,2,0.9053438901901245
GP030176_frame_000721_rgb_anon.png,2,0.8939835429191589
GP030176_frame_000721_rgb_anon.png,0,0.8497819304466248
GP030176_frame_000721_rgb_anon.png,5,0.7998172640800476
GP030176_frame_000721_rgb_anon.png,5,0.7235245108604431
GP030176_frame_000721_rgb_anon.png,0,0.6011921167373657
GP030176_frame_000736_rgb_anon.png,0,0.9121249318122864
GP030176_frame_000736_rgb_anon.png,2,0.9037727117538452
GP030176_frame_000736_rgb_anon.png,5,0.8433268666267395
GP030176_frame_000736_rgb_anon.png,0,0.8056809902191162
GP030176_frame_000736_rgb_anon.png,0,0.770380437374115
GP030176_frame_000736_rgb_anon.png,0,0.45714595913887024
GP030176_frame_000736_rgb_anon.png,0,0.4262268841266632
GP030176_frame_000736_rgb_anon.png,0,0.42355045676231384
GP030400_frame_000121_rgb_anon.png,2,0.9475426077842712
GP030400_frame_000121_rgb_anon.png,2,0.9236498475074768
GP030400_frame_000121_rgb_anon.png,2,0.8385827541351318
GP030400_frame_000121_rgb_anon.png,2,0.8232336044311523
GP030400_frame_000129_rgb_anon.png,2,0.8322522044181824
GP030400_frame_000135_rgb_anon.png,4,0.9554908871650696
GP030400_frame_000135_rgb_anon.png,2,0.8987178206443787
GP030400_frame_000135_rgb_anon.png,2,0.8940266370773315
GP030400_frame_000135_rgb_anon.png,2,0.6939124464988708
GP030400_frame_000135_rgb_anon.png,4,0.6661083102226257
GP030400_frame_000154_rgb_anon.png,2,0.8943872451782227
GP030400_frame_000154_rgb_anon.png,5,0.7920962572097778
GP030400_frame_000154_rgb_anon.png,4,0.4762042164802551
GP030400_frame_000184_rgb_anon.png,3,0.9478542804718018
GP030400_frame_000184_rgb_anon.png,2,0.9018586277961731
GP030400_frame_000184_rgb_anon.png,2,0.8631184101104736
GP030402_frame_000001_rgb_anon.png,2,0.9316697120666504
GP030402_frame_000001_rgb_anon.png,2,0.8411784768104553
GP030402_frame_000001_rgb_anon.png,2,0.8342698812484741
GP030402_frame_000001_rgb_anon.png,0,0.8284158110618591
GP030402_frame_000001_rgb_anon.png,2,0.7989692091941833
GP030402_frame_000001_rgb_anon.png,0,0.7937613725662231
GP030402_frame_000001_rgb_anon.png,0,0.765429675579071
GP030402_frame_000001_rgb_anon.png,0,0.755217432975769
GP030402_frame_000001_rgb_anon.png,2,0.6210532784461975
GP030402_frame_000001_rgb_anon.png,0,0.596877932548523
GP030402_frame_000001_rgb_anon.png,2,0.5719687938690186
GP030402_frame_000022_rgb_anon.png,4,0.8688589334487915
GP030402_frame_000022_rgb_anon.png,0,0.8620262145996094
GP030402_frame_000022_rgb_anon.png,2,0.8574013113975525
GP030402_frame_000022_rgb_anon.png,2,0.8364329934120178
GP030402_frame_000022_rgb_anon.png,0,0.832359254360199
GP030402_frame_000022_rgb_anon.png,0,0.7518963813781738
GP030402_frame_000094_rgb_anon.png,2,0.9160342216491699
GP030402_frame_000094_rgb_anon.png,2,0.8604357838630676
GP030402_frame_000094_rgb_anon.png,2,0.40566301345825195
GP030402_frame_000266_rgb_anon.png,2,0.6618309020996094
GP030402_frame_000266_rgb_anon.png,2,0.507307231426239
GP030402_frame_000428_rgb_anon.png,2,0.9293481707572937
GP030402_frame_000428_rgb_anon.png,2,0.8350424766540527
GP030402_frame_000428_rgb_anon.png,2,0.8163419961929321
mist-013.jpg,2,0.9288390874862671
mist-013.jpg,2,0.8686033487319946
mist-013.jpg,0,0.8427687883377075
mist-013.jpg,2,0.817833662033081
mist-013.jpg,2,0.5691694021224976
mist-013.jpg,2,0.5536728501319885
mist-013.jpg,3,0.40161585807800293
mist-015.jpg,2,0.9357463121414185
mist-015.jpg,3,0.9298980236053467
mist-016.jpg,2,0.9268021583557129
mist-016.jpg,2,0.9196228981018066
mist-016.jpg,2,0.9184151887893677
mist-016.jpg,2,0.9180371165275574
mist-016.jpg,2,0.9159433841705322
mist-016.jpg,2,0.9114344716072083
mist-016.jpg,2,0.9102288484573364
mist-016.jpg,2,0.9022814631462097
mist-016.jpg,2,0.9021760821342468
mist-016.jpg,2,0.8945382833480835
mist-016.jpg,2,0.8893442749977112
mist-016.jpg,2,0.8859065175056458
mist-016.jpg,2,0.885027289390564
mist-016.jpg,2,0.884290874004364
mist-016.jpg,2,0.8773872256278992
mist-016.jpg,3,0.875018835067749
mist-016.jpg,2,0.8672643303871155
mist-016.jpg,2,0.8623861074447632
mist-016.jpg,3,0.8492886424064636
mist-016.jpg,2,0.8347973227500916
mist-016.jpg,2,0.8325244784355164
mist-016.jpg,2,0.831113338470459
mist-016.jpg,2,0.8303619623184204
mist-016.jpg,2,0.8249796032905579
mist-016.jpg,2,0.8151424527168274
mist-016.jpg,3,0.8113017082214355
mist-016.jpg,2,0.7950302958488464
mist-016.jpg,2,0.7048571705818176
mist-016.jpg,3,0.6994982361793518
mist-016.jpg,2,0.6609233617782593
mist-016.jpg,2,0.6293909549713135
mist-016.jpg,3,0.5091347098350525
mist-016.jpg,2,0.48069387674331665
mist-019.jpg,2,0.8821472525596619
mist-019.jpg,2,0.8547768592834473
mist-019.jpg,2,0.5516449809074402
mist-019.jpg,2,0.5346677899360657
mist-020.jpg,2,0.9324650764465332
mist-020.jpg,2,0.9152209758758545
mist-020.jpg,2,0.9133688807487488
mist-020.jpg,2,0.9066659212112427
mist-020.jpg,2,0.9032187461853027
mist-020.jpg,2,0.8407942056655884
mist-021.jpg,2,0.9225934147834778
mist-021.jpg,2,0.9126960635185242
mist-021.jpg,2,0.8618448376655579
mist-021.jpg,2,0.8427719473838806
mist-021.jpg,2,0.8294416666030884
mist-021.jpg,3,0.7640880346298218
mist-021.jpg,2,0.689167320728302
mist-023.jpg,2,0.9400193095207214
mist-023.jpg,2,0.9383101463317871
mist-023.jpg,2,0.9315813779830933
mist-023.jpg,2,0.919701337814331
mist-023.jpg,2,0.9064728021621704
mist-023.jpg,2,0.886940598487854
mist-023.jpg,2,0.8695791959762573
mist-023.jpg,2,0.8676992058753967
mist-023.jpg,2,0.8457533717155457
mist-023.jpg,2,0.8421939611434937
mist-023.jpg,2,0.8340432643890381
mist-023.jpg,2,0.7128990292549133
mist-023.jpg,2,0.40861639380455017
mist-024.jpg,2,0.9527676105499268
mist-024.jpg,2,0.9514039158821106
mist-024.jpg,2,0.9055293202400208
mist-024.jpg,2,0.8769519925117493
mist-024.jpg,2,0.8710128664970398
mist-024.jpg,2,0.7500879168510437
mist-027.jpg,2,0.9180799126625061
mist-027.jpg,2,0.9003069996833801
mist-027.jpg,2,0.8823081254959106
mist-027.jpg,2,0.8451271057128906
mist-027.jpg,2,0.831536054611206
mist-027.jpg,2,0.8208001852035522
mist-027.jpg,2,0.6738344430923462
mist-027.jpg,2,0.6535850167274475
mist-027.jpg,3,0.6518532037734985
mist-027.jpg,4,0.5182918906211853
mist-027.jpg,2,0.4293499290943146
mist-030.jpg,2,0.9344226121902466
mist-030.jpg,2,0.8799341917037964
mist-030.jpg,2,0.686017632484436
mist-033.jpg,2,0.9391195178031921
mist-033.jpg,2,0.9276201128959656
mist-033.jpg,2,0.9134299159049988
mist-033.jpg,2,0.9021753668785095
mist-033.jpg,2,0.9016095995903015
mist-033.jpg,2,0.8964487314224243
mist-033.jpg,2,0.8949277400970459
mist-033.jpg,2,0.8947678804397583
mist-033.jpg,2,0.8945473432540894
mist-033.jpg,2,0.8867256045341492
mist-033.jpg,2,0.8838294148445129
mist-033.jpg,2,0.8819387555122375
mist-033.jpg,2,0.8689512610435486
mist-033.jpg,2,0.8630481362342834
mist-033.jpg,2,0.8594039082527161
mist-033.jpg,2,0.853495180606842
mist-033.jpg,2,0.8376573324203491
mist-033.jpg,2,0.8372581005096436
mist-033.jpg,2,0.8356171250343323
mist-033.jpg,2,0.8262488842010498
mist-033.jpg,2,0.8168825507164001
mist-033.jpg,2,0.8071156740188599
mist-033.jpg,2,0.797888457775116
mist-033.jpg,2,0.7722994685173035
mist-033.jpg,2,0.7720124125480652
mist-033.jpg,2,0.7701595425605774
mist-033.jpg,2,0.7672097086906433
mist-033.jpg,2,0.7605843544006348
mist-033.jpg,2,0.7574362754821777
mist-033.jpg,2,0.7522703409194946
mist-033.jpg,2,0.7505289912223816
mist-033.jpg,2,0.7418757081031799
mist-033.jpg,2,0.6875341534614563
mist-033.jpg,2,0.661141574382782
mist-033.jpg,2,0.6340935826301575
mist-033.jpg,2,0.6280227303504944
mist-033.jpg,2,0.5752429366111755
mist-033.jpg,2,0.5254716873168945
mist-033.jpg,2,0.47648921608924866
mist-033.jpg,2,0.47620779275894165
mist-033.jpg,2,0.4724750220775604
mist-033.jpg,3,0.4718479812145233
mist-033.jpg,2,0.46101799607276917
mist-033.jpg,2,0.44229334592819214
mist-033.jpg,2,0.4050197899341583
mist-033.jpg,2,0.40078967809677124
mist-034.jpg,2,0.9087063074111938
mist-034.jpg,0,0.8709100484848022
mist-034.jpg,0,0.8518070578575134
mist-034.jpg,0,0.8230377435684204
mist-034.jpg,0,0.8046598434448242
mist-034.jpg,6,0.7282775640487671
mist-034.jpg,2,0.7280411720275879
mist-034.jpg,6,0.5004665851593018
mist-035.jpg,2,0.9420358538627625
mist-035.jpg,2,0.9311295747756958
mist-035.jpg,2,0.9298347234725952
mist-035.jpg,2,0.9074485898017883
mist-035.jpg,2,0.9032887816429138
mist-035.jpg,2,0.8936026096343994
mist-035.jpg,2,0.8839285969734192
mist-035.jpg,2,0.8831453323364258
mist-035.jpg,2,0.8658443093299866
mist-035.jpg,2,0.8596077561378479
mist-035.jpg,3,0.8564562797546387
mist-035.jpg,2,0.8537659049034119
mist-035.jpg,2,0.852054238319397
mist-035.jpg,2,0.8244191408157349
mist-035.jpg,2,0.8228075504302979
mist-035.jpg,2,0.8085927367210388
mist-035.jpg,2,0.7867158055305481
mist-035.jpg,2,0.7344633936882019
mist-035.jpg,2,0.7297581434249878
mist-035.jpg,2,0.7268925309181213
mist-035.jpg,2,0.7207987904548645
mist-035.jpg,3,0.7134935855865479
mist-035.jpg,2,0.7071019411087036
mist-035.jpg,2,0.7037652134895325
mist-035.jpg,2,0.6939199566841125
mist-035.jpg,2,0.6840985417366028
mist-035.jpg,2,0.68036288022995
mist-035.jpg,2,0.672573447227478
mist-035.jpg,2,0.6692553162574768
mist-035.jpg,2,0.649046778678894
mist-035.jpg,2,0.6362712383270264
mist-035.jpg,2,0.6294732689857483
mist-035.jpg,2,0.6290632486343384
mist-035.jpg,3,0.6243968605995178
mist-035.jpg,2,0.6117261052131653
mist-035.jpg,2,0.6056386828422546
mist-035.jpg,2,0.6032700538635254
mist-035.jpg,2,0.5661628246307373
mist-035.jpg,2,0.5608679056167603
mist-035.jpg,2,0.5606153607368469
mist-035.jpg,2,0.4894222319126129
mist-035.jpg,2,0.4677220582962036
mist-035.jpg,2,0.45933595299720764
mist-035.jpg,2,0.4326813220977783
mist-035.jpg,2,0.4274226129055023
mist-035.jpg,2,0.41393283009529114
mist-035.jpg,2,0.4010836184024811
mist-039.jpg,2,0.9308512210845947
mist-041.jpg,2,0.9292674660682678
mist-041.jpg,2,0.9135967493057251
mist-041.jpg,2,0.9060131311416626
mist-041.jpg,2,0.9041133522987366
mist-041.jpg,2,0.893381655216217
mist-041.jpg,2,0.8381741046905518
mist-041.jpg,2,0.7524377703666687
mist-041.jpg,2,0.7418355345726013
mist-041.jpg,2,0.7291781306266785
mist-041.jpg,2,0.6720009446144104
mist-041.jpg,2,0.46473634243011475
mist-042.jpg,2,0.9396135807037354
mist-043.jpg,2,0.931762158870697
mist-043.jpg,2,0.9287945032119751
mist-043.jpg,2,0.9284341931343079
mist-043.jpg,2,0.9269025325775146
mist-043.jpg,4,0.9147961735725403
mist-043.jpg,2,0.911203920841217
mist-043.jpg,4,0.8746102452278137
mist-043.jpg,2,0.8586838841438293
mist-043.jpg,2,0.8496283888816833
mist-043.jpg,2,0.8486478328704834
mist-043.jpg,2,0.8334607481956482
mist-043.jpg,2,0.8319383263587952
mist-043.jpg,2,0.8281962275505066
mist-043.jpg,2,0.8147314786911011
mist-043.jpg,2,0.8055062294006348
mist-043.jpg,2,0.7700849175453186
mist-043.jpg,3,0.7692368626594543
mist-043.jpg,2,0.7567508220672607
mist-043.jpg,2,0.7442277669906616
mist-043.jpg,2,0.7133224010467529
mist-043.jpg,2,0.6855343580245972
mist-043.jpg,4,0.6633337736129761
mist-043.jpg,2,0.6258884072303772
mist-043.jpg,4,0.5943705439567566
mist-043.jpg,2,0.5889833569526672
mist-043.jpg,2,0.5878918170928955
mist-043.jpg,2,0.5685508251190186
mist-043.jpg,2,0.5626022815704346
mist-043.jpg,2,0.5273236632347107
mist-043.jpg,2,0.47201982140541077
mist-043.jpg,2,0.4318750202655792
mist-043.jpg,2,0.4289432764053345
mist-046.jpg,2,0.9164542555809021
mist-046.jpg,2,0.8978995680809021
mist-046.jpg,3,0.8953959345817566
mist-046.jpg,3,0.8715317249298096
mist-046.jpg,2,0.8697550296783447
mist-048.jpg,2,0.8881328105926514
mist-048.jpg,2,0.8658077716827393
mist-049.jpg,4,0.9387384653091431
mist-049.jpg,2,0.9160556197166443
mist-049.jpg,2,0.913240909576416
mist-049.jpg,2,0.9051879048347473
mist-049.jpg,2,0.8823246359825134
mist-049.jpg,2,0.8661345839500427
mist-049.jpg,2,0.803257942199707
mist-049.jpg,2,0.7382109761238098
mist-049.jpg,2,0.6938527226448059
mist-049.jpg,2,0.6445310711860657
mist-049.jpg,2,0.6301569938659668
mist-049.jpg,2,0.5806230902671814
mist-049.jpg,2,0.5446093678474426
mist-052.jpg,2,0.9136783480644226
mist-052.jpg,2,0.7981823086738586
mist-052.jpg,2,0.5747360587120056
mist-053.jpg,2,0.9312415719032288
mist-057.jpg,2,0.8896301984786987
mist-057.jpg,2,0.8342642784118652
mist-057.jpg,2,0.7099974155426025
mist-059.jpg,2,0.8735274076461792
mist-059.jpg,2,0.8370484113693237
mist-059.jpg,2,0.8327115774154663
mist-059.jpg,2,0.7795238494873047
mist-059.jpg,2,0.5988282561302185
mist-059.jpg,2,0.5289324522018433
mist-061.jpg,2,0.8981221318244934
mist-061.jpg,2,0.8461700081825256
mist-061.jpg,2,0.5207926630973816
mist-062.jpg,2,0.910091757774353
mist-062.jpg,2,0.8841859102249146
mist-062.jpg,2,0.7824950218200684
mist-062.jpg,2,0.7693944573402405
mist-062.jpg,2,0.7493148446083069
mist-063.jpg,2,0.9495159387588501
mist-063.jpg,2,0.92612224817276
mist-063.jpg,2,0.9166114330291748
mist-063.jpg,2,0.9164436459541321
mist-063.jpg,2,0.9068740010261536
mist-063.jpg,2,0.8529230952262878
mist-064.jpg,3,0.9440908432006836
mist-064.jpg,2,0.9323630928993225
mist-064.jpg,2,0.8784257173538208
mist-064.jpg,2,0.8291541337966919
mist-064.jpg,2,0.8252053260803223
mist-064.jpg,2,0.6808375716209412
mist-067.jpg,3,0.8728251457214355
mist-068.jpg,2,0.934639036655426
mist-068.jpg,2,0.9316692352294922
mist-068.jpg,2,0.9114723205566406
mist-068.jpg,2,0.902511715888977
mist-068.jpg,2,0.8994123935699463
mist-068.jpg,3,0.8846485018730164
mist-068.jpg,2,0.8834298253059387
mist-068.jpg,2,0.8783878087997437
mist-068.jpg,2,0.8482106328010559
mist-068.jpg,2,0.8441757559776306
mist-068.jpg,2,0.8345061540603638
mist-068.jpg,2,0.7972269058227539
mist-068.jpg,2,0.7728902697563171
mist-068.jpg,2,0.7026577591896057
mist-068.jpg,2,0.6370558738708496
mist-068.jpg,2,0.6280434727668762
mist-068.jpg,2,0.5732955932617188
mist-071.jpg,2,0.9269696474075317
mist-071.jpg,2,0.9080720543861389
mist-071.jpg,2,0.9029770493507385
mist-071.jpg,2,0.9010728597640991
mist-071.jpg,2,0.8885650038719177
mist-071.jpg,2,0.886760413646698
mist-071.jpg,2,0.8690783977508545
mist-071.jpg,2,0.862234890460968
mist-071.jpg,2,0.8551566004753113
mist-071.jpg,2,0.8457898497581482
mist-071.jpg,3,0.80645352602005
mist-071.jpg,3,0.768385648727417
mist-071.jpg,3,0.7446483373641968
mist-071.jpg,3,0.735649049282074
mist-071.jpg,2,0.6855119466781616
mist-071.jpg,3,0.6393937468528748
mist-071.jpg,2,0.6347071528434753
mist-071.jpg,3,0.607695460319519
mist-071.jpg,2,0.6055826544761658
mist-071.jpg,3,0.5832580327987671
mist-071.jpg,2,0.511187732219696
mist-071.jpg,2,0.5061863660812378
mist-072.jpg,2,0.9215541481971741
mist-072.jpg,2,0.9101411700248718
mist-072.jpg,2,0.9018121361732483
mist-072.jpg,2,0.8941720724105835
mist-072.jpg,2,0.8938817381858826
mist-072.jpg,2,0.8389606475830078
mist-072.jpg,2,0.6929612755775452
mist-072.jpg,2,0.6717614531517029
mist-072.jpg,2,0.6088789105415344
mist-072.jpg,2,0.553814709186554
mist-074.jpg,2,0.9388971924781799
mist-074.jpg,4,0.934841513633728
mist-074.jpg,2,0.7732503414154053
mist-074.jpg,0,0.7564713954925537
mist-074.jpg,0,0.6688235998153687
mist-074.jpg,0,0.6070343255996704
mist-074.jpg,0,0.4397059977054596
mist-075.jpg,2,0.9226948022842407
mist-075.jpg,2,0.9148624539375305
mist-075.jpg,2,0.9129675626754761
mist-075.jpg,2,0.8614736199378967
mist-075.jpg,2,0.7781487107276917
mist-075.jpg,2,0.7321998476982117
mist-080.jpg,2,0.9261848330497742
mist-084.jpg,2,0.9363659024238586
mist-084.jpg,2,0.923809826374054
mist-084.jpg,2,0.8344769477844238
mist-084.jpg,2,0.5334416031837463
mist-088.jpg,2,0.9027647376060486
mist-088.jpg,2,0.8750333786010742
mist-088.jpg,3,0.4659493863582611
mist-098.jpg,2,0.9126998782157898
mist-098.jpg,2,0.8636527061462402
mist-101.jpg,2,0.9395403265953064
mist-101.jpg,2,0.890897810459137
mist-101.jpg,2,0.8789373636245728
mist-101.jpg,2,0.8667996525764465
mist-101.jpg,2,0.8625583648681641
mist-101.jpg,2,0.8046708703041077
mist-101.jpg,2,0.769467294216156
mist-101.jpg,2,0.7131471037864685
mist-101.jpg,3,0.6383057236671448
mist-101.jpg,2,0.6019147038459778
mist-101.jpg,3,0.545663058757782
mist-101.jpg,2,0.5442538261413574
mist-105.jpg,2,0.9360052347183228
mist-105.jpg,2,0.9287148714065552
mist-105.jpg,2,0.9263916611671448
mist-105.jpg,2,0.922289252281189
mist-105.jpg,2,0.8914232850074768
mist-105.jpg,2,0.8658353686332703
mist-105.jpg,2,0.8136175870895386
mist-105.jpg,2,0.7554802298545837
mist-105.jpg,3,0.738821804523468
mist-105.jpg,2,0.5940136313438416
mist-105.jpg,2,0.5684695839881897
mist-105.jpg,2,0.443340539932251
mist-109.jpg,2,0.8951500058174133
mist-109.jpg,2,0.8937047719955444
mist-109.jpg,2,0.864608108997345
mist-109.jpg,2,0.8619655966758728
mist-109.jpg,2,0.8234697580337524
mist-109.jpg,2,0.8200702667236328
mist-109.jpg,2,0.7691792845726013
mist-109.jpg,2,0.7259691953659058
mist-109.jpg,2,0.6738214492797852
mist-109.jpg,3,0.6379502415657043
mist-109.jpg,2,0.6325209736824036
mist-109.jpg,2,0.592529833316803
mist-109.jpg,2,0.5576676726341248
mist-109.jpg,2,0.5541695952415466
mist-109.jpg,2,0.5407192707061768
mist-109.jpg,2,0.5348160862922668
mist-110.jpg,2,0.8457939624786377
mist-111.jpg,3,0.9296896457672119
mist-111.jpg,2,0.9266870021820068
mist-114.jpg,3,0.8442316055297852
mist-114.jpg,2,0.8251546621322632
mist-114.jpg,2,0.7653548717498779
mist-114.jpg,3,0.6653598546981812
mist-114.jpg,2,0.5822013020515442
mist-114.jpg,2,0.4148154854774475
mist-115.jpg,2,0.927057147026062
mist-115.jpg,3,0.5348630547523499
mist-117.jpg,2,0.9344054460525513
mist-119.jpg,2,0.939706027507782
mist-119.jpg,2,0.8964321613311768
mist-119.jpg,2,0.862826406955719
mist-119.jpg,2,0.730436384677887
mist-119.jpg,2,0.723067581653595
mist-120.jpg,2,0.9301714301109314
mist-120.jpg,2,0.9267045855522156
mist-120.jpg,2,0.9172301292419434
mist-120.jpg,2,0.8803813457489014
mist-120.jpg,2,0.869757354259491
mist-120.jpg,2,0.7205764651298523
mist-120.jpg,2,0.6432003974914551
mist-120.jpg,3,0.4567930996417999
mist-120.jpg,2,0.4456579387187958
mist-120.jpg,2,0.40934526920318604
mist-121.jpg,2,0.9351829886436462
mist-121.jpg,2,0.9126701951026917
mist-121.jpg,2,0.9074013829231262
mist-121.jpg,2,0.8408907651901245
mist-121.jpg,3,0.7469660043716431
mist-122.jpg,2,0.93543940782547
mist-122.jpg,2,0.6376966834068298
mist-123.jpg,2,0.9349895119667053
mist-123.jpg,2,0.9030451774597168
mist-123.jpg,2,0.9009509086608887
mist-123.jpg,2,0.8923122882843018
mist-123.jpg,2,0.886910617351532
mist-123.jpg,2,0.7505563497543335
mist-123.jpg,2,0.7018795609474182
mist-123.jpg,2,0.6975837349891663
mist-123.jpg,2,0.6736457347869873
mist-123.jpg,2,0.6627952456474304
mist-124.jpg,2,0.9227645397186279
mist-124.jpg,2,0.9207779169082642
mist-124.jpg,2,0.8957175612449646
mist-133.jpg,2,0.8635403513908386
mist-137.jpg,2,0.9242249131202698
mist-137.jpg,2,0.9226073622703552
mist-137.jpg,2,0.8924939632415771
mist-138.jpg,2,0.9456279873847961
mist-138.jpg,2,0.9443511366844177
mist-138.jpg,2,0.9251729846000671
mist-138.jpg,2,0.9147174954414368
mist-138.jpg,2,0.9014646410942078
mist-138.jpg,2,0.8753390908241272
mist-138.jpg,2,0.8147814273834229
mist-138.jpg,2,0.8004477620124817
mist-140.jpg,2,0.508215606212616
mist-141.jpg,2,0.861819326877594
mist-141.jpg,2,0.8486468195915222
mist-141.jpg,2,0.5912798643112183
mist-142.jpg,2,0.9076491594314575
mist-142.jpg,3,0.8010360598564148
mist-142.jpg,2,0.5436967015266418
mist-143.jpg,2,0.9327316880226135
mist-143.jpg,2,0.9181020855903625
mist-143.jpg,2,0.9156715273857117
mist-143.jpg,2,0.8992246985435486
mist-143.jpg,2,0.8197005987167358
mist-143.jpg,2,0.6680966019630432
mist-143.jpg,2,0.4660564661026001
mist-145.jpg,2,0.8939002156257629
mist-145.jpg,2,0.8599870800971985
mist-147.jpg,2,0.9382966160774231
mist-147.jpg,3,0.9319454431533813
mist-147.jpg,3,0.9222494959831238
mist-147.jpg,4,0.684843897819519
mist-147.jpg,2,0.48598676919937134
mist-147.jpg,2,0.43483787775039673
mist-148.jpg,4,0.9288729429244995
mist-148.jpg,2,0.9147262573242188
mist-148.jpg,2,0.8527753353118896
mist-148.jpg,2,0.6962816715240479
mist-149.jpg,2,0.9522771239280701
mist-149.jpg,2,0.9453365206718445
mist-149.jpg,2,0.903515636920929
mist-149.jpg,2,0.8762502074241638
mist-149.jpg,2,0.8731443881988525
mist-149.jpg,2,0.7330302596092224
mist-150.jpg,2,0.9409671425819397
mist-150.jpg,2,0.9394708871841431
mist-150.jpg,2,0.9299326539039612
mist-150.jpg,2,0.9295362234115601
mist-150.jpg,2,0.9261592030525208
mist-150.jpg,2,0.9185603260993958
mist-150.jpg,2,0.9178455471992493
mist-150.jpg,2,0.917486846446991
mist-150.jpg,2,0.9166146516799927
mist-150.jpg,3,0.9111860990524292
mist-150.jpg,2,0.910355269908905
mist-150.jpg,2,0.9045267105102539
mist-150.jpg,2,0.9034377932548523
mist-150.jpg,2,0.9005382061004639
mist-150.jpg,2,0.8916823863983154
mist-150.jpg,3,0.890951931476593
mist-150.jpg,2,0.88547682762146
mist-150.jpg,2,0.8850104808807373
mist-150.jpg,2,0.8701344728469849
mist-150.jpg,3,0.8655648827552795
mist-150.jpg,3,0.8639084696769714
mist-150.jpg,2,0.8625728487968445
mist-150.jpg,3,0.8453029990196228
mist-150.jpg,2,0.8385722637176514
mist-150.jpg,2,0.8115116357803345
mist-150.jpg,3,0.7979810237884521
mist-150.jpg,2,0.786640465259552
mist-150.jpg,3,0.7811645269393921
mist-150.jpg,2,0.676417887210846
mist-150.jpg,2,0.6724812388420105
mist-150.jpg,2,0.6436858773231506
mist-150.jpg,2,0.5460205674171448
mist-152.jpg,2,0.9014917612075806
mist-152.jpg,2,0.8491460084915161
mist-152.jpg,2,0.789084255695343
mist-152.jpg,2,0.6578620076179504
mist-152.jpg,2,0.5579311847686768
mist-158.jpg,2,0.9350428581237793
mist-158.jpg,2,0.9318418502807617
mist-158.jpg,2,0.9315891265869141
mist-158.jpg,2,0.9272542595863342
mist-158.jpg,2,0.9231821298599243
mist-158.jpg,2,0.9203900694847107
mist-158.jpg,2,0.9136364459991455
mist-158.jpg,2,0.9121524095535278
mist-158.jpg,2,0.9072745442390442
mist-158.jpg,2,0.9055459499359131
mist-158.jpg,2,0.8994470834732056
mist-158.jpg,2,0.8936352133750916
mist-158.jpg,2,0.8929109573364258
mist-158.jpg,2,0.877704381942749
mist-158.jpg,2,0.8730418682098389
mist-158.jpg,2,0.8619397282600403
mist-158.jpg,2,0.8503487706184387
mist-158.jpg,3,0.8035600781440735
mist-158.jpg,2,0.8002007007598877
mist-158.jpg,2,0.7885773181915283
mist-158.jpg,2,0.7621006965637207
mist-158.jpg,2,0.648979902267456
mist-158.jpg,2,0.6137668490409851
mist-158.jpg,2,0.5244850516319275
mist-158.jpg,2,0.5034787058830261
mist-158.jpg,2,0.4898301064968109
mist-158.jpg,2,0.4742470979690552
mist-158.jpg,2,0.4163961112499237
mist-161.jpg,3,0.9217620491981506
mist-161.jpg,2,0.9217487573623657
mist-161.jpg,2,0.9173010587692261
mist-161.jpg,2,0.9155887961387634
mist-161.jpg,2,0.9116984009742737
mist-161.jpg,2,0.9067530035972595
mist-161.jpg,2,0.8959611058235168
mist-161.jpg,2,0.8791860938072205
mist-161.jpg,2,0.876133918762207
mist-161.jpg,2,0.8734841346740723
mist-161.jpg,2,0.8729282021522522
mist-161.jpg,2,0.8617846965789795
mist-161.jpg,2,0.8586190938949585
mist-161.jpg,2,0.8542242646217346
mist-161.jpg,3,0.8517779111862183
mist-161.jpg,2,0.8469758629798889
mist-161.jpg,2,0.8371860384941101
mist-161.jpg,3,0.8174890875816345
mist-161.jpg,3,0.8023412227630615
mist-161.jpg,3,0.795382559299469
mist-161.jpg,2,0.7814804911613464
mist-161.jpg,2,0.7663238644599915
mist-161.jpg,2,0.7185573577880859
mist-161.jpg,2,0.707072377204895
mist-161.jpg,3,0.7044868469238281
mist-161.jpg,2,0.6962413191795349
mist-161.jpg,2,0.6878714561462402
mist-161.jpg,2,0.678463876247406
mist-161.jpg,2,0.6643674969673157
mist-161.jpg,3,0.6428431272506714
mist-161.jpg,2,0.621677041053772
mist-161.jpg,2,0.5823481678962708
mist-161.jpg,2,0.5697036981582642
mist-163.jpg,2,0.9233251810073853
mist-163.jpg,2,0.922386109828949
mist-163.jpg,3,0.5511236190795898
mist-168.jpg,2,0.9331540465354919
mist-168.jpg,2,0.9233075976371765
mist-168.jpg,2,0.9136866331100464
mist-168.jpg,2,0.8966701030731201
mist-168.jpg,2,0.8305789232254028
mist-168.jpg,2,0.8294821977615356
mist-168.jpg,2,0.7968960404396057
mist-168.jpg,2,0.47344326972961426
mist-176.jpg,2,0.908928632736206
mist-176.jpg,3,0.9072349071502686
mist-176.jpg,2,0.889983594417572
mist-176.jpg,3,0.8322809338569641
mist-180.jpg,2,0.9345576167106628
mist-180.jpg,2,0.9200974702835083
mist-180.jpg,3,0.8966797590255737
mist-180.jpg,2,0.8587213754653931
mist-180.jpg,3,0.7540817260742188
mist-180.jpg,0,0.5587719082832336
mist-180.jpg,7,0.431098073720932
mist-189.jpg,2,0.9370070695877075
mist-189.jpg,2,0.9328671097755432
mist-189.jpg,2,0.9116355776786804
mist-189.jpg,2,0.7776527404785156
mist-189.jpg,3,0.4499167501926422
mist-189.jpg,2,0.4397829473018646
mist-189.jpg,2,0.4303795099258423
mist-189.jpg,2,0.40544986724853516
mist-190.jpg,2,0.9444226026535034
mist-190.jpg,2,0.9292054176330566
mist-190.jpg,2,0.9139024019241333
mist-190.jpg,2,0.7173861861228943
mist-190.jpg,2,0.6829765439033508
mist-190.jpg,2,0.5514593124389648
mist-922.jpg,2,0.9336771965026855
mist-922.jpg,2,0.9048203229904175
mist-922.jpg,2,0.9003735184669495
mist-922.jpg,3,0.6959896087646484
mist-938.jpg,2,0.9150276184082031
mist-938.jpg,3,0.8571971654891968
mist-955.jpg,2,0.8980473279953003
mist-955.jpg,2,0.8751276731491089
mist-955.jpg,2,0.8510141372680664
mist-955.jpg,2,0.8342235088348389
mist-966.jpg,2,0.9264588952064514
mist-966.jpg,3,0.823260486125946
mist-971.jpg,2,0.9343143701553345
mist-971.jpg,2,0.9143477082252502
rain_storm-667.jpg,2,0.9256764650344849
rain_storm-676.jpg,2,0.9411180019378662
rain_storm-676.jpg,2,0.9408251643180847
rain_storm-676.jpg,2,0.8979722261428833
rain_storm-676.jpg,2,0.8665493726730347
rain_storm-676.jpg,2,0.8238553404808044
rain_storm-676.jpg,2,0.682960033416748
rain_storm-681.jpg,2,0.9339330196380615
rain_storm-685.jpg,3,0.8871171474456787
rain_storm-685.jpg,2,0.8859978318214417
rain_storm-688.jpg,2,0.9265213012695312
rain_storm-692.jpg,2,0.9277853965759277
rain_storm-692.jpg,2,0.9081190228462219
rain_storm-692.jpg,3,0.8709379434585571
rain_storm-692.jpg,2,0.856611430644989
rain_storm-692.jpg,2,0.8019030690193176
rain_storm-692.jpg,2,0.7340053915977478
rain_storm-692.jpg,3,0.7193422317504883
rain_storm-692.jpg,2,0.6382467150688171
rain_storm-696.jpg,3,0.9038361310958862
rain_storm-696.jpg,2,0.9034934639930725
rain_storm-696.jpg,2,0.8422220945358276
rain_storm-700.jpg,2,0.9349868893623352
rain_storm-700.jpg,2,0.9234539866447449
rain_storm-700.jpg,2,0.8576033115386963
rain_storm-700.jpg,2,0.8525494933128357
rain_storm-700.jpg,2,0.8150897026062012
rain_storm-700.jpg,2,0.7847280502319336
rain_storm-700.jpg,2,0.7764272093772888
rain_storm-700.jpg,2,0.5803548693656921
rain_storm-700.jpg,2,0.5333713293075562
rain_storm-700.jpg,2,0.5182288289070129
rain_storm-700.jpg,2,0.4816378951072693
rain_storm-704.jpg,2,0.9395127892494202
rain_storm-704.jpg,2,0.9226248860359192
rain_storm-708.jpg,2,0.9146873950958252
rain_storm-708.jpg,2,0.9113731980323792
rain_storm-708.jpg,2,0.899152398109436
rain_storm-708.jpg,2,0.8968549370765686
rain_storm-708.jpg,2,0.8845897316932678
rain_storm-708.jpg,2,0.8790611624717712
rain_storm-708.jpg,3,0.8686123490333557
rain_storm-708.jpg,2,0.8602392077445984
rain_storm-708.jpg,2,0.8591110706329346
rain_storm-708.jpg,3,0.8537918925285339
rain_storm-708.jpg,2,0.8531316518783569
rain_storm-708.jpg,3,0.836227297782898
rain_storm-708.jpg,2,0.8309502601623535
rain_storm-708.jpg,2,0.825717031955719
rain_storm-708.jpg,2,0.8082134127616882
rain_storm-708.jpg,3,0.8067440986633301
rain_storm-708.jpg,2,0.7922602891921997
rain_storm-708.jpg,2,0.7867798209190369
rain_storm-708.jpg,3,0.7676844000816345
rain_storm-708.jpg,2,0.7490813136100769
rain_storm-708.jpg,2,0.638585090637207
rain_storm-708.jpg,2,0.6137905716896057
rain_storm-708.jpg,3,0.5411614179611206
rain_storm-708.jpg,3,0.4518730342388153
rain_storm-708.jpg,2,0.4059964716434479
rain_storm-712.jpg,2,0.9214910864830017
rain_storm-712.jpg,2,0.9206200838088989
rain_storm-712.jpg,2,0.8692207932472229
rain_storm-712.jpg,2,0.8614230155944824
rain_storm-720.jpg,2,0.9237770438194275
rain_storm-720.jpg,2,0.8922042846679688
rain_storm-720.jpg,3,0.877541720867157
rain_storm-720.jpg,2,0.8578538298606873
rain_storm-720.jpg,2,0.8553216457366943
rain_storm-720.jpg,2,0.774975597858429
rain_storm-720.jpg,2,0.6539809107780457
rain_storm-724.jpg,2,0.9335641860961914
rain_storm-724.jpg,2,0.9236703515052795
rain_storm-724.jpg,2,0.9192774295806885
rain_storm-724.jpg,3,0.9172893166542053
rain_storm-724.jpg,2,0.8929039835929871
rain_storm-724.jpg,2,0.8613818287849426
rain_storm-724.jpg,2,0.8435215353965759
rain_storm-724.jpg,2,0.8361194729804993
rain_storm-724.jpg,2,0.7799975275993347
rain_storm-724.jpg,2,0.7696949243545532
rain_storm-724.jpg,2,0.7667933702468872
rain_storm-724.jpg,2,0.7303646206855774
rain_storm-724.jpg,2,0.6986945867538452
rain_storm-724.jpg,2,0.5705412030220032
rain_storm-732.jpg,2,0.9337360262870789
rain_storm-732.jpg,2,0.9132689237594604
rain_storm-732.jpg,2,0.9081248641014099
rain_storm-732.jpg,2,0.8640112280845642
rain_storm-736.jpg,2,0.9180760979652405
rain_storm-736.jpg,2,0.9031951427459717
rain_storm-736.jpg,2,0.8993257284164429
rain_storm-736.jpg,2,0.8878598213195801
rain_storm-736.jpg,2,0.8676785826683044
rain_storm-736.jpg,2,0.7949948906898499
rain_storm-736.jpg,2,0.7918561697006226
rain_storm-736.jpg,2,0.7431336045265198
rain_storm-736.jpg,2,0.6420385241508484
rain_storm-740.jpg,4,0.9145780801773071
rain_storm-740.jpg,2,0.913011908531189
rain_storm-740.jpg,2,0.9104936122894287
rain_storm-740.jpg,2,0.889727771282196
rain_storm-740.jpg,2,0.8475360870361328
rain_storm-744.jpg,2,0.9295257329940796
rain_storm-744.jpg,2,0.9256975054740906
rain_storm-744.jpg,2,0.8794152140617371
rain_storm-744.jpg,2,0.8712478876113892
rain_storm-744.jpg,3,0.8015769124031067
rain_storm-744.jpg,2,0.7818782925605774
rain_storm-744.jpg,3,0.7552705407142639
rain_storm-744.jpg,2,0.7216740846633911
rain_storm-748.jpg,2,0.9108014702796936
rain_storm-748.jpg,2,0.8165979981422424
rain_storm-748.jpg,2,0.5131142735481262
rain_storm-757.jpg,2,0.9368138909339905
rain_storm-757.jpg,2,0.9347205758094788
rain_storm-757.jpg,2,0.8936741948127747
rain_storm-757.jpg,2,0.87985759973526
rain_storm-757.jpg,2,0.8797540664672852
rain_storm-757.jpg,2,0.7998140454292297
rain_storm-757.jpg,2,0.6857188940048218
rain_storm-757.jpg,2,0.6762619614601135
rain_storm-757.jpg,2,0.6159716844558716
rain_storm-757.jpg,2,0.565666139125824
rain_storm-766.jpg,2,0.9377288222312927
rain_storm-766.jpg,2,0.9214982986450195
rain_storm-766.jpg,2,0.9201990365982056
rain_storm-766.jpg,0,0.8825564980506897
rain_storm-766.jpg,2,0.8668054938316345
rain_storm-766.jpg,2,0.8539057374000549
rain_storm-766.jpg,2,0.8133199214935303
rain_storm-766.jpg,2,0.714487612247467
rain_storm-766.jpg,2,0.49416446685791016
rain_storm-775.jpg,2,0.9568531513214111
rain_storm-775.jpg,2,0.932587742805481
rain_storm-775.jpg,2,0.8903316855430603
rain_storm-775.jpg,2,0.861997663974762
rain_storm-775.jpg,2,0.8563501238822937
rain_storm-775.jpg,2,0.8339089751243591
rain_storm-775.jpg,2,0.8083433508872986
rain_storm-775.jpg,2,0.8052237033843994
rain_storm-775.jpg,2,0.80130535364151
rain_storm-775.jpg,2,0.7100319862365723
rain_storm-775.jpg,2,0.5532309412956238
rain_storm-779.jpg,2,0.918175458908081
rain_storm-779.jpg,2,0.8182954788208008
rain_storm-779.jpg,2,0.8125008940696716
rain_storm-783.jpg,2,0.9021314978599548
rain_storm-787.jpg,2,0.934554934501648
rain_storm-787.jpg,2,0.8669338226318359
rain_storm-787.jpg,2,0.8557401895523071
rain_storm-787.jpg,2,0.8048239350318909
rain_storm-789.jpg,3,0.9444876909255981
rain_storm-789.jpg,2,0.9295178651809692
rain_storm-789.jpg,2,0.9262595772743225
rain_storm-789.jpg,2,0.9163205027580261
rain_storm-789.jpg,2,0.916149377822876
rain_storm-789.jpg,2,0.9066144824028015
rain_storm-789.jpg,2,0.7659017443656921
rain_storm-789.jpg,2,0.7363860011100769
rain_storm-807.jpg,2,0.9298741817474365
rain_storm-807.jpg,2,0.8743857145309448
rain_storm-807.jpg,2,0.8574581146240234
rain_storm-807.jpg,2,0.7845762968063354
rain_storm-811.jpg,2,0.935053288936615
rain_storm-811.jpg,2,0.5331750512123108
rain_storm-815.jpg,2,0.931612491607666
rain_storm-815.jpg,3,0.9191140532493591
rain_storm-815.jpg,2,0.9173772931098938
rain_storm-815.jpg,2,0.914844810962677
rain_storm-815.jpg,2,0.910241961479187
rain_storm-815.jpg,3,0.9050226807594299
rain_storm-815.jpg,2,0.8967446088790894
rain_storm-815.jpg,3,0.8940536975860596
rain_storm-815.jpg,3,0.8892773389816284
rain_storm-815.jpg,2,0.8838993906974792
rain_storm-815.jpg,3,0.8824224472045898
rain_storm-815.jpg,2,0.8803541660308838
rain_storm-815.jpg,2,0.8629665374755859
rain_storm-815.jpg,2,0.8267011642456055
rain_storm-815.jpg,2,0.817171573638916
rain_storm-815.jpg,2,0.8147369027137756
rain_storm-815.jpg,3,0.798416256904602
rain_storm-815.jpg,2,0.7834882140159607
rain_storm-815.jpg,3,0.7785687446594238
rain_storm-815.jpg,2,0.7660555243492126
rain_storm-815.jpg,2,0.7594443559646606
rain_storm-815.jpg,3,0.7476911544799805
rain_storm-815.jpg,2,0.7196277976036072
rain_storm-815.jpg,3,0.7116231322288513
rain_storm-815.jpg,3,0.6492094397544861
rain_storm-815.jpg,2,0.6431465744972229
rain_storm-815.jpg,3,0.5873191952705383
rain_storm-815.jpg,2,0.5775072574615479
rain_storm-815.jpg,3,0.5559386014938354
rain_storm-815.jpg,2,0.540384829044342
rain_storm-815.jpg,3,0.5265260934829712
rain_storm-815.jpg,2,0.514603316783905
rain_storm-815.jpg,2,0.42127999663352966
rain_storm-815.jpg,2,0.4045574963092804
rain_storm-823.jpg,2,0.9155836701393127
rain_storm-823.jpg,3,0.9154589176177979
rain_storm-823.jpg,2,0.9144695997238159
rain_storm-823.jpg,2,0.9103041291236877
rain_storm-823.jpg,3,0.8918026685714722
rain_storm-823.jpg,2,0.8880807161331177
rain_storm-823.jpg,2,0.871124267578125
rain_storm-823.jpg,2,0.8560566902160645
rain_storm-823.jpg,2,0.8079184889793396
rain_storm-823.jpg,2,0.5490699410438538
rain_storm-823.jpg,2,0.5208409428596497
rain_storm-823.jpg,2,0.49627476930618286
rain_storm-835.jpg,2,0.9462125897407532
rain_storm-835.jpg,2,0.9262404441833496
rain_storm-835.jpg,3,0.8928953409194946
rain_storm-835.jpg,2,0.8724033832550049
rain_storm-835.jpg,2,0.8641434907913208
rain_storm-835.jpg,2,0.861749529838562
rain_storm-835.jpg,3,0.8308084607124329
rain_storm-835.jpg,2,0.8229182362556458
rain_storm-835.jpg,2,0.7735676765441895
rain_storm-839.jpg,4,0.9385287761688232
rain_storm-839.jpg,2,0.9070691466331482
rain_storm-839.jpg,2,0.906829297542572
rain_storm-839.jpg,2,0.9041287899017334
rain_storm-839.jpg,2,0.8964557647705078
rain_storm-839.jpg,2,0.8675706386566162
rain_storm-839.jpg,2,0.8651254773139954
rain_storm-839.jpg,2,0.8626136183738708
rain_storm-839.jpg,2,0.8556680083274841
rain_storm-839.jpg,2,0.8496201634407043
rain_storm-839.jpg,2,0.8164636492729187
rain_storm-839.jpg,3,0.8148160576820374
rain_storm-839.jpg,2,0.8129702806472778
rain_storm-839.jpg,2,0.7865767478942871
rain_storm-839.jpg,2,0.7356371879577637
rain_storm-839.jpg,3,0.5686724781990051
rain_storm-839.jpg,2,0.46855416893959045
rain_storm-843.jpg,2,0.893088698387146
rain_storm-843.jpg,2,0.8914134502410889
rain_storm-843.jpg,2,0.8802565336227417
rain_storm-843.jpg,2,0.798213541507721
rain_storm-843.jpg,2,0.7721899151802063
rain_storm-843.jpg,2,0.49668675661087036
rain_storm-847.jpg,2,0.9314860105514526
rain_storm-851.jpg,2,0.8773629069328308
rain_storm-851.jpg,2,0.8342127203941345
rain_storm-855.jpg,2,0.9366825819015503
rain_storm-855.jpg,2,0.9342263340950012
rain_storm-855.jpg,2,0.9318262934684753
rain_storm-855.jpg,2,0.9300598502159119
rain_storm-855.jpg,2,0.9275913834571838
rain_storm-855.jpg,2,0.9174951910972595
rain_storm-855.jpg,2,0.915787398815155
rain_storm-855.jpg,2,0.9116566777229309
rain_storm-855.jpg,2,0.9059267640113831
rain_storm-855.jpg,3,0.9057314991950989
rain_storm-855.jpg,2,0.9020816683769226
rain_storm-855.jpg,2,0.8969395160675049
rain_storm-855.jpg,2,0.8941233158111572
rain_storm-855.jpg,2,0.8806525468826294
rain_storm-855.jpg,3,0.8783997893333435
rain_storm-855.jpg,2,0.8523727059364319
rain_storm-855.jpg,2,0.8483610153198242
rain_storm-855.jpg,2,0.8282336592674255
rain_storm-855.jpg,2,0.8039106726646423
rain_storm-855.jpg,2,0.7973693609237671
rain_storm-855.jpg,2,0.7906125783920288
rain_storm-855.jpg,2,0.761770486831665
rain_storm-855.jpg,2,0.7128658890724182
rain_storm-855.jpg,2,0.7125596404075623
rain_storm-855.jpg,3,0.6821228861808777
rain_storm-855.jpg,3,0.6794849038124084
rain_storm-855.jpg,2,0.6631103754043579
rain_storm-855.jpg,2,0.6348772048950195
rain_storm-855.jpg,2,0.6198479533195496
rain_storm-855.jpg,2,0.5635721683502197
rain_storm-855.jpg,2,0.5002809762954712
rain_storm-855.jpg,2,0.45763471722602844
rain_storm-859.jpg,2,0.9307342171669006
rain_storm-859.jpg,2,0.9250891208648682
rain_storm-859.jpg,2,0.905784010887146
rain_storm-859.jpg,2,0.8738278150558472
rain_storm-859.jpg,2,0.8384943008422852
rain_storm-859.jpg,0,0.8147950768470764
rain_storm-859.jpg,2,0.7382561564445496
rain_storm-859.jpg,2,0.6728053092956543
rain_storm-859.jpg,2,0.59120774269104
rain_storm-859.jpg,2,0.5869839191436768
rain_storm-859.jpg,2,0.4986076354980469
rain_storm-863.jpg,2,0.9065259099006653
rain_storm-863.jpg,2,0.8888851404190063
rain_storm-863.jpg,2,0.870099663734436
rain_storm-863.jpg,2,0.8654527068138123
rain_storm-863.jpg,2,0.8081688284873962
rain_storm-863.jpg,2,0.8009282946586609
rain_storm-863.jpg,2,0.7800253033638
rain_storm-863.jpg,3,0.7646093368530273
rain_storm-863.jpg,2,0.7636242508888245
rain_storm-863.jpg,2,0.7427498698234558
rain_storm-863.jpg,2,0.7268215417861938
rain_storm-863.jpg,2,0.5657538175582886
rain_storm-901.jpg,4,0.9225786328315735
rain_storm-901.jpg,2,0.907597005367279
rain_storm-901.jpg,2,0.9038883447647095
rain_storm-901.jpg,2,0.8867045640945435
rain_storm-901.jpg,2,0.8858324289321899
rain_storm-901.jpg,2,0.8820628523826599
rain_storm-901.jpg,2,0.8717848062515259
rain_storm-901.jpg,2,0.8647633194923401
rain_storm-901.jpg,2,0.8629503846168518
rain_storm-901.jpg,2,0.8526298403739929
rain_storm-901.jpg,2,0.8308837413787842
rain_storm-901.jpg,2,0.8108782172203064
rain_storm-901.jpg,2,0.807610809803009
rain_storm-901.jpg,3,0.8042975664138794
rain_storm-901.jpg,2,0.801746129989624
rain_storm-901.jpg,2,0.5231267809867859
rain_storm-901.jpg,2,0.5137588381767273
rain_storm-901.jpg,3,0.4514540135860443
rain_storm-932.jpg,2,0.9282232522964478
rain_storm-932.jpg,2,0.9256753325462341
rain_storm-932.jpg,2,0.9138794541358948
rain_storm-932.jpg,2,0.871825098991394
rain_storm-939.jpg,2,0.9277243614196777
rain_storm-939.jpg,2,0.9162358045578003
rain_storm-939.jpg,3,0.8985946178436279
rain_storm-939.jpg,2,0.8832581043243408
rain_storm-981.jpg,3,0.9276403188705444
rain_storm-981.jpg,3,0.9137526154518127
rain_storm-981.jpg,2,0.9115158319473267
rain_storm-981.jpg,2,0.8892906308174133
rain_storm-981.jpg,2,0.8742480874061584
rain_storm-981.jpg,2,0.8730039596557617
rain_storm-981.jpg,2,0.8678290843963623
rain_storm-981.jpg,2,0.8552258610725403
rain_storm-981.jpg,2,0.8421284556388855
rain_storm-981.jpg,2,0.8194687366485596
rain_storm-981.jpg,3,0.7108473181724548
rain_storm-981.jpg,2,0.5358323454856873
rain_storm-981.jpg,3,0.4892389178276062
rain_storm-985.jpg,2,0.92368084192276
rain_storm-985.jpg,2,0.9081742763519287
rain_storm-985.jpg,2,0.8758482336997986
rain_storm-985.jpg,3,0.8725834488868713
rain_storm-985.jpg,2,0.7561119794845581
rain_storm-985.jpg,2,0.7340065240859985
rain_storm-985.jpg,2,0.6486215591430664
